id,category,name,source_status,source_refs,implementation_package,asset_package,implementation_status,manual_acceptance,inventory,blockers
ability-air-lock,ability,Air Lock,supported,p01:source-4856d66dcb;T1,P14,P32,unstarted,pending,../../../tools/pokemon-dungeon/content/systems.json#ability-air-lock,P02-SYS-ABILITY-SEMANTICS
ability-arena-trap,ability,Arena Trap,supported,p01:source-4856d66dcb;T1,P14,P32,unstarted,pending,../../../tools/pokemon-dungeon/content/systems.json#ability-arena-trap,P02-SYS-ABILITY-SEMANTICS
ability-battle-armor,ability,Battle Armor,supported,p01:source-4856d66dcb;T1,P14,P32,unstarted,pending,../../../tools/pokemon-dungeon/content/systems.json#ability-battle-armor,P02-SYS-ABILITY-SEMANTICS
ability-blaze,ability,Blaze,supported,p01:source-4856d66dcb;T1,P14,P32,unstarted,pending,../../../tools/pokemon-dungeon/content/systems.json#ability-blaze,P02-SYS-ABILITY-SEMANTICS
ability-cacophony,ability,Cacophony,blocked,G14,P14,P32,unstarted,pending,../../../tools/pokemon-dungeon/content/systems.json#ability-cacophony,P02-SYS-CACOPHONY
ability-chlorophyll,ability,Chlorophyll,supported,p01:source-4856d66dcb;T1,P14,P32,unstarted,pending,../../../tools/pokemon-dungeon/content/systems.json#ability-chlorophyll,P02-SYS-ABILITY-SEMANTICS
ability-clear-body,ability,Clear Body,supported,p01:source-4856d66dcb;T1,P14,P32,unstarted,pending,../../../tools/pokemon-dungeon/content/systems.json#ability-clear-body,P02-SYS-ABILITY-SEMANTICS
ability-cloud-nine,ability,Cloud Nine,supported,p01:source-4856d66dcb;T1,P14,P32,unstarted,pending,../../../tools/pokemon-dungeon/content/systems.json#ability-cloud-nine,P02-SYS-ABILITY-SEMANTICS
ability-color-change,ability,Color Change,supported,p01:source-4856d66dcb;T1,P14,P32,unstarted,pending,../../../tools/pokemon-dungeon/content/systems.json#ability-color-change,P02-SYS-ABILITY-SEMANTICS
ability-compound-eyes,ability,Compoundeyes,supported,p01:source-4856d66dcb;T1,P14,P32,unstarted,pending,../../../tools/pokemon-dungeon/content/systems.json#ability-compound-eyes,P02-SYS-ABILITY-SEMANTICS
ability-cute-charm,ability,Cute Charm,supported,p01:source-4856d66dcb;T1,P14,P32,unstarted,pending,../../../tools/pokemon-dungeon/content/systems.json#ability-cute-charm,P02-SYS-ABILITY-SEMANTICS
ability-damp,ability,Damp,supported,p01:source-4856d66dcb;T1,P14,P32,unstarted,pending,../../../tools/pokemon-dungeon/content/systems.json#ability-damp,P02-SYS-ABILITY-SEMANTICS
ability-drizzle,ability,Drizzle,supported,p01:source-4856d66dcb;T1,P14,P32,unstarted,pending,../../../tools/pokemon-dungeon/content/systems.json#ability-drizzle,P02-SYS-ABILITY-SEMANTICS
ability-drought,ability,Drought,supported,p01:source-4856d66dcb;T1,P14,P32,unstarted,pending,../../../tools/pokemon-dungeon/content/systems.json#ability-drought,P02-SYS-ABILITY-SEMANTICS
ability-early-bird,ability,Early Bird,supported,p01:source-4856d66dcb;T1,P14,P32,unstarted,pending,../../../tools/pokemon-dungeon/content/systems.json#ability-early-bird,P02-SYS-ABILITY-SEMANTICS
ability-effect-spore,ability,Effect Spore,supported,p01:source-4856d66dcb;T1,P14,P32,unstarted,pending,../../../tools/pokemon-dungeon/content/systems.json#ability-effect-spore,P02-SYS-ABILITY-SEMANTICS
ability-flame-body,ability,Flame Body,supported,p01:source-4856d66dcb;T1,P14,P32,unstarted,pending,../../../tools/pokemon-dungeon/content/systems.json#ability-flame-body,P02-SYS-ABILITY-SEMANTICS
ability-flash-fire,ability,Flash Fire,supported,p01:source-4856d66dcb;T1,P14,P32,unstarted,pending,../../../tools/pokemon-dungeon/content/systems.json#ability-flash-fire,P02-SYS-ABILITY-SEMANTICS
ability-forecast,ability,Forecast,supported,p01:source-4856d66dcb;T1,P14,P32,unstarted,pending,../../../tools/pokemon-dungeon/content/systems.json#ability-forecast,P02-SYS-ABILITY-SEMANTICS
ability-guts,ability,Guts,supported,p01:source-4856d66dcb;T1,P14,P32,unstarted,pending,../../../tools/pokemon-dungeon/content/systems.json#ability-guts,P02-SYS-ABILITY-SEMANTICS
ability-huge-power,ability,Huge Power,supported,p01:source-4856d66dcb;T1,P14,P32,unstarted,pending,../../../tools/pokemon-dungeon/content/systems.json#ability-huge-power,P02-SYS-ABILITY-SEMANTICS
ability-hustle,ability,Hustle,supported,p01:source-4856d66dcb;T1,P14,P32,unstarted,pending,../../../tools/pokemon-dungeon/content/systems.json#ability-hustle,P02-SYS-ABILITY-SEMANTICS
ability-hyper-cutter,ability,Hyper Cutter,supported,p01:source-4856d66dcb;T1,P14,P32,unstarted,pending,../../../tools/pokemon-dungeon/content/systems.json#ability-hyper-cutter,P02-SYS-ABILITY-SEMANTICS
ability-illuminate,ability,Illuminate,supported,p01:source-4856d66dcb;T1,P14,P32,unstarted,pending,../../../tools/pokemon-dungeon/content/systems.json#ability-illuminate,P02-SYS-ABILITY-SEMANTICS
ability-immunity,ability,Immunity,supported,p01:source-4856d66dcb;T1,P14,P32,unstarted,pending,../../../tools/pokemon-dungeon/content/systems.json#ability-immunity,P02-SYS-ABILITY-SEMANTICS
ability-inner-focus,ability,Inner Focus,supported,p01:source-4856d66dcb;T1,P14,P32,unstarted,pending,../../../tools/pokemon-dungeon/content/systems.json#ability-inner-focus,P02-SYS-ABILITY-SEMANTICS
ability-insomnia,ability,Insomnia,supported,p01:source-4856d66dcb;T1,P14,P32,unstarted,pending,../../../tools/pokemon-dungeon/content/systems.json#ability-insomnia,P02-SYS-ABILITY-SEMANTICS
ability-intimidate,ability,Intimidate,supported,p01:source-4856d66dcb;T1,P14,P32,unstarted,pending,../../../tools/pokemon-dungeon/content/systems.json#ability-intimidate,P02-SYS-ABILITY-SEMANTICS
ability-keen-eye,ability,Keen Eye,supported,p01:source-4856d66dcb;T1,P14,P32,unstarted,pending,../../../tools/pokemon-dungeon/content/systems.json#ability-keen-eye,P02-SYS-ABILITY-SEMANTICS
ability-levitate,ability,Levitate,supported,p01:source-4856d66dcb;T1,P14,P32,unstarted,pending,../../../tools/pokemon-dungeon/content/systems.json#ability-levitate,P02-SYS-ABILITY-SEMANTICS
ability-lightning-rod,ability,Lightningrod,supported,p01:source-4856d66dcb;T1,P14,P32,unstarted,pending,../../../tools/pokemon-dungeon/content/systems.json#ability-lightning-rod,P02-SYS-ABILITY-SEMANTICS
ability-limber,ability,Limber,supported,p01:source-4856d66dcb;T1,P14,P32,unstarted,pending,../../../tools/pokemon-dungeon/content/systems.json#ability-limber,P02-SYS-ABILITY-SEMANTICS
ability-liquid-ooze,ability,Liquid Ooze,supported,p01:source-4856d66dcb;T1,P14,P32,unstarted,pending,../../../tools/pokemon-dungeon/content/systems.json#ability-liquid-ooze,P02-SYS-ABILITY-SEMANTICS
ability-magma-armor,ability,Magma Armor,supported,p01:source-4856d66dcb;T1,P14,P32,unstarted,pending,../../../tools/pokemon-dungeon/content/systems.json#ability-magma-armor,P02-SYS-ABILITY-SEMANTICS
ability-magnet-pull,ability,Magnet Pull,supported,p01:source-4856d66dcb;T1,P14,P32,unstarted,pending,../../../tools/pokemon-dungeon/content/systems.json#ability-magnet-pull,P02-SYS-ABILITY-SEMANTICS
ability-marvel-scale,ability,Marvel Scale,supported,p01:source-4856d66dcb;T1,P14,P32,unstarted,pending,../../../tools/pokemon-dungeon/content/systems.json#ability-marvel-scale,P02-SYS-ABILITY-SEMANTICS
ability-minus,ability,Minus,supported,p01:source-4856d66dcb;T1,P14,P32,unstarted,pending,../../../tools/pokemon-dungeon/content/systems.json#ability-minus,P02-SYS-ABILITY-SEMANTICS
ability-natural-cure,ability,Natural Cure,supported,p01:source-4856d66dcb;T1,P14,P32,unstarted,pending,../../../tools/pokemon-dungeon/content/systems.json#ability-natural-cure,P02-SYS-ABILITY-SEMANTICS
ability-oblivious,ability,Oblivious,supported,p01:source-4856d66dcb;T1,P14,P32,unstarted,pending,../../../tools/pokemon-dungeon/content/systems.json#ability-oblivious,P02-SYS-ABILITY-SEMANTICS
ability-overgrow,ability,Overgrow,supported,p01:source-4856d66dcb;T1,P14,P32,unstarted,pending,../../../tools/pokemon-dungeon/content/systems.json#ability-overgrow,P02-SYS-ABILITY-SEMANTICS
ability-own-tempo,ability,Own Tempo,supported,p01:source-4856d66dcb;T1,P14,P32,unstarted,pending,../../../tools/pokemon-dungeon/content/systems.json#ability-own-tempo,P02-SYS-ABILITY-SEMANTICS
ability-pickup,ability,Pickup,supported,p01:source-4856d66dcb;T1,P14,P32,unstarted,pending,../../../tools/pokemon-dungeon/content/systems.json#ability-pickup,P02-SYS-ABILITY-SEMANTICS
ability-plus,ability,Plus,supported,p01:source-4856d66dcb;T1,P14,P32,unstarted,pending,../../../tools/pokemon-dungeon/content/systems.json#ability-plus,P02-SYS-ABILITY-SEMANTICS
ability-poison-point,ability,Poison Point,supported,p01:source-4856d66dcb;T1,P14,P32,unstarted,pending,../../../tools/pokemon-dungeon/content/systems.json#ability-poison-point,P02-SYS-ABILITY-SEMANTICS
ability-pressure,ability,Pressure,supported,p01:source-4856d66dcb;T1,P14,P32,unstarted,pending,../../../tools/pokemon-dungeon/content/systems.json#ability-pressure,P02-SYS-ABILITY-SEMANTICS
ability-pure-power,ability,Pure Power,supported,p01:source-4856d66dcb;T1,P14,P32,unstarted,pending,../../../tools/pokemon-dungeon/content/systems.json#ability-pure-power,P02-SYS-ABILITY-SEMANTICS
ability-rain-dish,ability,Rain Dish,supported,p01:source-4856d66dcb;T1,P14,P32,unstarted,pending,../../../tools/pokemon-dungeon/content/systems.json#ability-rain-dish,P02-SYS-ABILITY-SEMANTICS
ability-rock-head,ability,Rock Head,supported,p01:source-4856d66dcb;T1,P14,P32,unstarted,pending,../../../tools/pokemon-dungeon/content/systems.json#ability-rock-head,P02-SYS-ABILITY-SEMANTICS
ability-rough-skin,ability,Rough Skin,supported,p01:source-4856d66dcb;T1,P14,P32,unstarted,pending,../../../tools/pokemon-dungeon/content/systems.json#ability-rough-skin,P02-SYS-ABILITY-SEMANTICS
ability-run-away,ability,Run Away,supported,p01:source-4856d66dcb;T1,P14,P32,unstarted,pending,../../../tools/pokemon-dungeon/content/systems.json#ability-run-away,P02-SYS-ABILITY-SEMANTICS
ability-sand-stream,ability,Sand Stream,supported,p01:source-4856d66dcb;T1,P14,P32,unstarted,pending,../../../tools/pokemon-dungeon/content/systems.json#ability-sand-stream,P02-SYS-ABILITY-SEMANTICS
ability-sand-veil,ability,Sand Veil,supported,p01:source-4856d66dcb;T1,P14,P32,unstarted,pending,../../../tools/pokemon-dungeon/content/systems.json#ability-sand-veil,P02-SYS-ABILITY-SEMANTICS
ability-serene-grace,ability,Serene Grace,supported,p01:source-4856d66dcb;T1,P14,P32,unstarted,pending,../../../tools/pokemon-dungeon/content/systems.json#ability-serene-grace,P02-SYS-ABILITY-SEMANTICS
ability-shadow-tag,ability,Shadow Tag,supported,p01:source-4856d66dcb;T1,P14,P32,unstarted,pending,../../../tools/pokemon-dungeon/content/systems.json#ability-shadow-tag,P02-SYS-ABILITY-SEMANTICS
ability-shed-skin,ability,Shed Skin,supported,p01:source-4856d66dcb;T1,P14,P32,unstarted,pending,../../../tools/pokemon-dungeon/content/systems.json#ability-shed-skin,P02-SYS-ABILITY-SEMANTICS
ability-shell-armor,ability,Shell Armor,supported,p01:source-4856d66dcb;T1,P14,P32,unstarted,pending,../../../tools/pokemon-dungeon/content/systems.json#ability-shell-armor,P02-SYS-ABILITY-SEMANTICS
ability-shield-dust,ability,Shield Dust,supported,p01:source-4856d66dcb;T1,P14,P32,unstarted,pending,../../../tools/pokemon-dungeon/content/systems.json#ability-shield-dust,P02-SYS-ABILITY-SEMANTICS
ability-soundproof,ability,Soundproof,supported,p01:source-4856d66dcb;T1,P14,P32,unstarted,pending,../../../tools/pokemon-dungeon/content/systems.json#ability-soundproof,P02-SYS-ABILITY-SEMANTICS
ability-speed-boost,ability,Speed Boost,supported,p01:source-4856d66dcb;T1,P14,P32,unstarted,pending,../../../tools/pokemon-dungeon/content/systems.json#ability-speed-boost,P02-SYS-ABILITY-SEMANTICS
ability-static,ability,Static,supported,p01:source-4856d66dcb;T1,P14,P32,unstarted,pending,../../../tools/pokemon-dungeon/content/systems.json#ability-static,P02-SYS-ABILITY-SEMANTICS
ability-stench,ability,Stench,supported,p01:source-4856d66dcb;T1,P14,P32,unstarted,pending,../../../tools/pokemon-dungeon/content/systems.json#ability-stench,P02-SYS-ABILITY-SEMANTICS
ability-sticky-hold,ability,Sticky Hold,supported,p01:source-4856d66dcb;T1,P14,P32,unstarted,pending,../../../tools/pokemon-dungeon/content/systems.json#ability-sticky-hold,P02-SYS-ABILITY-SEMANTICS
ability-sturdy,ability,Sturdy,supported,p01:source-4856d66dcb;T1,P14,P32,unstarted,pending,../../../tools/pokemon-dungeon/content/systems.json#ability-sturdy,P02-SYS-ABILITY-SEMANTICS
ability-suction-cups,ability,Suction Cups,supported,p01:source-4856d66dcb;T1,P14,P32,unstarted,pending,../../../tools/pokemon-dungeon/content/systems.json#ability-suction-cups,P02-SYS-ABILITY-SEMANTICS
ability-swarm,ability,Swarm,supported,p01:source-4856d66dcb;T1,P14,P32,unstarted,pending,../../../tools/pokemon-dungeon/content/systems.json#ability-swarm,P02-SYS-ABILITY-SEMANTICS
ability-swift-swim,ability,Swift Swim,supported,p01:source-4856d66dcb;T1,P14,P32,unstarted,pending,../../../tools/pokemon-dungeon/content/systems.json#ability-swift-swim,P02-SYS-ABILITY-SEMANTICS
ability-synchronize,ability,Synchronize,supported,p01:source-4856d66dcb;T1,P14,P32,unstarted,pending,../../../tools/pokemon-dungeon/content/systems.json#ability-synchronize,P02-SYS-ABILITY-SEMANTICS
ability-thick-fat,ability,Thick Fat,supported,p01:source-4856d66dcb;T1,P14,P32,unstarted,pending,../../../tools/pokemon-dungeon/content/systems.json#ability-thick-fat,P02-SYS-ABILITY-SEMANTICS
ability-torrent,ability,Torrent,supported,p01:source-4856d66dcb;T1,P14,P32,unstarted,pending,../../../tools/pokemon-dungeon/content/systems.json#ability-torrent,P02-SYS-ABILITY-SEMANTICS
ability-trace,ability,Trace,supported,p01:source-4856d66dcb;T1,P14,P32,unstarted,pending,../../../tools/pokemon-dungeon/content/systems.json#ability-trace,P02-SYS-ABILITY-SEMANTICS
ability-truant,ability,Truant,supported,p01:source-4856d66dcb;T1,P14,P32,unstarted,pending,../../../tools/pokemon-dungeon/content/systems.json#ability-truant,P02-SYS-ABILITY-SEMANTICS
ability-vital-spirit,ability,Vital Spirit,supported,p01:source-4856d66dcb;T1,P14,P32,unstarted,pending,../../../tools/pokemon-dungeon/content/systems.json#ability-vital-spirit,P02-SYS-ABILITY-SEMANTICS
ability-volt-absorb,ability,Volt Absorb,supported,p01:source-4856d66dcb;T1,P14,P32,unstarted,pending,../../../tools/pokemon-dungeon/content/systems.json#ability-volt-absorb,P02-SYS-ABILITY-SEMANTICS
ability-water-absorb,ability,Water Absorb,supported,p01:source-4856d66dcb;T1,P14,P32,unstarted,pending,../../../tools/pokemon-dungeon/content/systems.json#ability-water-absorb,P02-SYS-ABILITY-SEMANTICS
ability-water-veil,ability,Water Veil,supported,p01:source-4856d66dcb;T1,P14,P32,unstarted,pending,../../../tools/pokemon-dungeon/content/systems.json#ability-water-veil,P02-SYS-ABILITY-SEMANTICS
ability-white-smoke,ability,White Smoke,supported,p01:source-4856d66dcb;T1,P14,P32,unstarted,pending,../../../tools/pokemon-dungeon/content/systems.json#ability-white-smoke,P02-SYS-ABILITY-SEMANTICS
ability-wonder-guard,ability,Wonder Guard,supported,p01:source-4856d66dcb;T1,P14,P32,unstarted,pending,../../../tools/pokemon-dungeon/content/systems.json#ability-wonder-guard,P02-SYS-ABILITY-SEMANTICS
buried-relic,dungeon,Buried Relic,blocked,G2;PLAN-DATA-4;PLAN-CAMPAIGN-5.1;campaign:c6;campaign:buried,P27,P32,unstarted,pending,../../../tools/pokemon-dungeon/content/locations.json#buried-relic,CAMPAIGN-GAP-05-LOCATION-02
buried-relic-regice-floor,fixedFloor,Regice encounter,blocked,G2;PLAN-DATA-4;PLAN-CAMPAIGN-5.1;campaign:c6;campaign:buried,P27,P32,unstarted,pending,../../../tools/pokemon-dungeon/content/locations.json#buried-relic-regice-floor,CAMPAIGN-GAP-02-LOCATION-04
buried-relic-regirock-floor,fixedFloor,Regirock encounter,blocked,G2;PLAN-DATA-4;PLAN-CAMPAIGN-5.1;campaign:c6;campaign:buried,P27,P32,unstarted,pending,../../../tools/pokemon-dungeon/content/locations.json#buried-relic-regirock-floor,CAMPAIGN-GAP-02-LOCATION-04
buried-relic-registeel-floor,fixedFloor,Registeel encounter,blocked,G2;PLAN-DATA-4;PLAN-CAMPAIGN-5.1;campaign:c6;campaign:buried,P27,P32,unstarted,pending,../../../tools/pokemon-dungeon/content/locations.json#buried-relic-registeel-floor,CAMPAIGN-GAP-02-LOCATION-04
castform-normal,form,Castform Normal,supported,P02-S-CASTFORM;P02-S-FORECAST,P14,P32,unstarted,pending,../../../tools/pokemon-dungeon/content/forms.json#castform-normal,P02-CASTFORM-TRANSITIONS
castform-rainy,form,Castform Rainy Form,supported,P02-S-CASTFORM;P02-S-FORECAST,P14,P32,unstarted,pending,../../../tools/pokemon-dungeon/content/forms.json#castform-rainy,P02-CASTFORM-TRANSITIONS
castform-snowy,form,Castform Snowy Form,supported,P02-S-CASTFORM;P02-S-FORECAST,P14,P32,unstarted,pending,../../../tools/pokemon-dungeon/content/forms.json#castform-snowy,P02-CASTFORM-TRANSITIONS
castform-sunny,form,Castform Sunny Form,supported,P02-S-CASTFORM;P02-S-FORECAST,P14,P32,unstarted,pending,../../../tools/pokemon-dungeon/content/forms.json#castform-sunny,P02-CASTFORM-TRANSITIONS
condition-flag-famished,condition-flag,Famished,supported,P01B-S-STATUS,P16,P32,unstarted,pending,../../../tools/pokemon-dungeon/content/systems.json#condition-flag-famished,P02-SYS-CONDITION-SEMANTICS
condition-flag-hungry-pal,condition-flag,Hungry Pal,supported,P01B-S-STATUS,P16,P32,unstarted,pending,../../../tools/pokemon-dungeon/content/systems.json#condition-flag-hungry-pal,P02-SYS-CONDITION-SEMANTICS
condition-flag-identifying,condition-flag,Identifying,supported,P01B-S-STATUS,P15,P32,unstarted,pending,../../../tools/pokemon-dungeon/content/systems.json#condition-flag-identifying,P02-SYS-CONDITION-SEMANTICS
condition-flag-low-hp,condition-flag,Low HP,supported,P01B-S-STATUS,P16,P32,unstarted,pending,../../../tools/pokemon-dungeon/content/systems.json#condition-flag-low-hp,P02-SYS-CONDITION-SEMANTICS
condition-flag-sealed-move,condition-flag,Sealed move,supported,P01B-S-STATUS,P15,P32,unstarted,pending,../../../tools/pokemon-dungeon/content/systems.json#condition-flag-sealed-move,P02-SYS-CONDITION-SEMANTICS
condition-flag-slowed-down,condition-flag,Slowed down,supported,P01B-S-STATUS,P15,P32,unstarted,pending,../../../tools/pokemon-dungeon/content/systems.json#condition-flag-slowed-down,P02-SYS-CONDITION-SEMANTICS
condition-flag-sped-up,condition-flag,Sped up,supported,P01B-S-STATUS,P15,P32,unstarted,pending,../../../tools/pokemon-dungeon/content/systems.json#condition-flag-sped-up,P02-SYS-CONDITION-SEMANTICS
condition-flag-sped-up-attacks,condition-flag,Sped up attacks,supported,P01B-S-STATUS,P15,P32,unstarted,pending,../../../tools/pokemon-dungeon/content/systems.json#condition-flag-sped-up-attacks,P02-SYS-CONDITION-SEMANTICS
condition-flag-weakened,condition-flag,Weakened,supported,P01B-S-STATUS,P15,P32,unstarted,pending,../../../tools/pokemon-dungeon/content/systems.json#condition-flag-weakened,P02-SYS-CONDITION-SEMANTICS
darknight-relic,dungeon,Darknight Relic,blocked,G2;PLAN-DATA-4;PLAN-CAMPAIGN-6;campaign:darknight_relic,P31,P32,unstarted,pending,../../../tools/pokemon-dungeon/content/locations.json#darknight-relic,CAMPAIGN-GAP-05-LOCATION-02
deoxys-attack,form,Deoxys Attack Forme,supported,G8,P17,P32,unstarted,pending,../../../tools/pokemon-dungeon/content/forms.json#deoxys-attack,DATA-03-deoxys-form-bindings
deoxys-defense,form,Deoxys Defense Forme,supported,G8,P17,P32,unstarted,pending,../../../tools/pokemon-dungeon/content/forms.json#deoxys-defense,DATA-03-deoxys-form-bindings
deoxys-normal,form,Deoxys Normal Forme,supported,G8,P17,P32,unstarted,pending,../../../tools/pokemon-dungeon/content/forms.json#deoxys-normal,DATA-03-deoxys-form-bindings
deoxys-speed,form,Deoxys Speed Forme,supported,G8,P17,P32,unstarted,pending,../../../tools/pokemon-dungeon/content/forms.json#deoxys-speed,DATA-03-deoxys-form-bindings
desert-region,dungeon,Desert Region,blocked,G2;PLAN-DATA-4;PLAN-CAMPAIGN-6;campaign:desert_region,P31,P32,unstarted,pending,../../../tools/pokemon-dungeon/content/locations.json#desert-region,CAMPAIGN-GAP-05-LOCATION-02
dojo-bug-maze,dojoMaze,Bug Maze,blocked,G4;PLAN-DATA-4;PLAN-CAMPAIGN-6.2;campaign:dojo,P31,P32,unstarted,pending,../../../tools/pokemon-dungeon/content/locations.json#dojo-bug-maze,P02-LOC-DOJO-CONTENT
dojo-bug-maze-boss-floor,fixedFloor,Bug Maze boss floor,blocked,G4;PLAN-CAMPAIGN-6.2;campaign:dojo,P31,P32,unstarted,pending,../../../tools/pokemon-dungeon/content/locations.json#dojo-bug-maze-boss-floor,CAMPAIGN-GAP-02-LOCATION-05
dojo-dark-maze,dojoMaze,Dark Maze,blocked,G4;PLAN-DATA-4;PLAN-CAMPAIGN-6.2;campaign:dojo,P31,P32,unstarted,pending,../../../tools/pokemon-dungeon/content/locations.json#dojo-dark-maze,P02-LOC-DOJO-CONTENT
dojo-dark-maze-boss-floor,fixedFloor,Dark Maze boss floor,blocked,G4;PLAN-CAMPAIGN-6.2;campaign:dojo,P31,P32,unstarted,pending,../../../tools/pokemon-dungeon/content/locations.json#dojo-dark-maze-boss-floor,CAMPAIGN-GAP-02-LOCATION-05
dojo-dragon-maze,dojoMaze,Dragon Maze,blocked,G4;PLAN-DATA-4;PLAN-CAMPAIGN-6.2;campaign:dojo,P31,P32,unstarted,pending,../../../tools/pokemon-dungeon/content/locations.json#dojo-dragon-maze,P02-LOC-DOJO-CONTENT
dojo-dragon-maze-boss-floor,fixedFloor,Dragon Maze boss floor,blocked,G4;PLAN-CAMPAIGN-6.2;campaign:dojo,P31,P32,unstarted,pending,../../../tools/pokemon-dungeon/content/locations.json#dojo-dragon-maze-boss-floor,CAMPAIGN-GAP-02-LOCATION-05
dojo-electric-maze,dojoMaze,Electric Maze,blocked,G4;PLAN-DATA-4;PLAN-CAMPAIGN-6.2;campaign:dojo,P31,P32,unstarted,pending,../../../tools/pokemon-dungeon/content/locations.json#dojo-electric-maze,P02-LOC-DOJO-CONTENT
dojo-electric-maze-boss-floor,fixedFloor,Electric Maze boss floor,blocked,G4;PLAN-CAMPAIGN-6.2;campaign:dojo,P31,P32,unstarted,pending,../../../tools/pokemon-dungeon/content/locations.json#dojo-electric-maze-boss-floor,CAMPAIGN-GAP-02-LOCATION-05
dojo-fighting-maze,dojoMaze,Fighting Maze,blocked,G4;PLAN-DATA-4;PLAN-CAMPAIGN-6.2;campaign:dojo,P31,P32,unstarted,pending,../../../tools/pokemon-dungeon/content/locations.json#dojo-fighting-maze,P02-LOC-DOJO-CONTENT
dojo-fighting-maze-boss-floor,fixedFloor,Fighting Maze boss floor,blocked,G4;PLAN-CAMPAIGN-6.2;campaign:dojo,P31,P32,unstarted,pending,../../../tools/pokemon-dungeon/content/locations.json#dojo-fighting-maze-boss-floor,CAMPAIGN-GAP-02-LOCATION-05
dojo-fire-maze,dojoMaze,Fire Maze,blocked,G4;PLAN-DATA-4;PLAN-CAMPAIGN-6.2;campaign:dojo,P31,P32,unstarted,pending,../../../tools/pokemon-dungeon/content/locations.json#dojo-fire-maze,P02-LOC-DOJO-CONTENT
dojo-fire-maze-boss-floor,fixedFloor,Fire Maze boss floor,blocked,G4;PLAN-CAMPAIGN-6.2;campaign:dojo,P31,P32,unstarted,pending,../../../tools/pokemon-dungeon/content/locations.json#dojo-fire-maze-boss-floor,CAMPAIGN-GAP-02-LOCATION-05
dojo-flying-maze,dojoMaze,Flying Maze,blocked,G4;PLAN-DATA-4;PLAN-CAMPAIGN-6.2;campaign:dojo,P31,P32,unstarted,pending,../../../tools/pokemon-dungeon/content/locations.json#dojo-flying-maze,P02-LOC-DOJO-CONTENT
dojo-flying-maze-boss-floor,fixedFloor,Flying Maze boss floor,blocked,G4;PLAN-CAMPAIGN-6.2;campaign:dojo,P31,P32,unstarted,pending,../../../tools/pokemon-dungeon/content/locations.json#dojo-flying-maze-boss-floor,CAMPAIGN-GAP-02-LOCATION-05
dojo-ghost-maze,dojoMaze,Ghost Maze,blocked,G4;PLAN-DATA-4;PLAN-CAMPAIGN-6.2;campaign:dojo,P31,P32,unstarted,pending,../../../tools/pokemon-dungeon/content/locations.json#dojo-ghost-maze,P02-LOC-DOJO-CONTENT
dojo-ghost-maze-boss-floor,fixedFloor,Ghost Maze boss floor,blocked,G4;PLAN-CAMPAIGN-6.2;campaign:dojo,P31,P32,unstarted,pending,../../../tools/pokemon-dungeon/content/locations.json#dojo-ghost-maze-boss-floor,CAMPAIGN-GAP-02-LOCATION-05
dojo-grass-maze,dojoMaze,Grass Maze,blocked,G4;PLAN-DATA-4;PLAN-CAMPAIGN-6.2;campaign:dojo,P31,P32,unstarted,pending,../../../tools/pokemon-dungeon/content/locations.json#dojo-grass-maze,P02-LOC-DOJO-CONTENT
dojo-grass-maze-boss-floor,fixedFloor,Grass Maze boss floor,blocked,G4;PLAN-CAMPAIGN-6.2;campaign:dojo,P31,P32,unstarted,pending,../../../tools/pokemon-dungeon/content/locations.json#dojo-grass-maze-boss-floor,CAMPAIGN-GAP-02-LOCATION-05
dojo-ground-maze,dojoMaze,Ground Maze,blocked,G4;PLAN-DATA-4;PLAN-CAMPAIGN-6.2;campaign:dojo,P31,P32,unstarted,pending,../../../tools/pokemon-dungeon/content/locations.json#dojo-ground-maze,P02-LOC-DOJO-CONTENT
dojo-ground-maze-boss-floor,fixedFloor,Ground Maze boss floor,blocked,G4;PLAN-CAMPAIGN-6.2;campaign:dojo,P31,P32,unstarted,pending,../../../tools/pokemon-dungeon/content/locations.json#dojo-ground-maze-boss-floor,CAMPAIGN-GAP-02-LOCATION-05
dojo-ice-maze,dojoMaze,Ice Maze,blocked,G4;PLAN-DATA-4;PLAN-CAMPAIGN-6.2;campaign:dojo,P31,P32,unstarted,pending,../../../tools/pokemon-dungeon/content/locations.json#dojo-ice-maze,P02-LOC-DOJO-CONTENT
dojo-ice-maze-boss-floor,fixedFloor,Ice Maze boss floor,blocked,G4;PLAN-CAMPAIGN-6.2;campaign:dojo,P31,P32,unstarted,pending,../../../tools/pokemon-dungeon/content/locations.json#dojo-ice-maze-boss-floor,CAMPAIGN-GAP-02-LOCATION-05
dojo-normal-maze,dojoMaze,Normal Maze,blocked,G4;PLAN-DATA-4;PLAN-CAMPAIGN-6.2;campaign:dojo,P31,P32,unstarted,pending,../../../tools/pokemon-dungeon/content/locations.json#dojo-normal-maze,P02-LOC-DOJO-CONTENT
dojo-normal-maze-boss-floor,fixedFloor,Normal Maze boss floor,blocked,G4;PLAN-CAMPAIGN-6.2;campaign:dojo,P31,P32,unstarted,pending,../../../tools/pokemon-dungeon/content/locations.json#dojo-normal-maze-boss-floor,CAMPAIGN-GAP-02-LOCATION-05
dojo-poison-maze,dojoMaze,Poison Maze,blocked,G4;PLAN-DATA-4;PLAN-CAMPAIGN-6.2;campaign:dojo,P31,P32,unstarted,pending,../../../tools/pokemon-dungeon/content/locations.json#dojo-poison-maze,P02-LOC-DOJO-CONTENT
dojo-poison-maze-boss-floor,fixedFloor,Poison Maze boss floor,blocked,G4;PLAN-CAMPAIGN-6.2;campaign:dojo,P31,P32,unstarted,pending,../../../tools/pokemon-dungeon/content/locations.json#dojo-poison-maze-boss-floor,CAMPAIGN-GAP-02-LOCATION-05
dojo-psychic-maze,dojoMaze,Psychic Maze,blocked,G4;PLAN-DATA-4;PLAN-CAMPAIGN-6.2;campaign:dojo,P31,P32,unstarted,pending,../../../tools/pokemon-dungeon/content/locations.json#dojo-psychic-maze,P02-LOC-DOJO-CONTENT
dojo-psychic-maze-boss-floor,fixedFloor,Psychic Maze boss floor,blocked,G4;PLAN-CAMPAIGN-6.2;campaign:dojo,P31,P32,unstarted,pending,../../../tools/pokemon-dungeon/content/locations.json#dojo-psychic-maze-boss-floor,CAMPAIGN-GAP-02-LOCATION-05
dojo-rescue-team-maze,dojoMaze,Rescue Team Maze,blocked,G4;PLAN-DATA-4;PLAN-CAMPAIGN-6.2;campaign:dojo,P31,P32,unstarted,pending,../../../tools/pokemon-dungeon/content/locations.json#dojo-rescue-team-maze,P02-LOC-BLUE-LINKED-MAZE
dojo-rock-maze,dojoMaze,Rock Maze,blocked,G4;PLAN-DATA-4;PLAN-CAMPAIGN-6.2;campaign:dojo,P31,P32,unstarted,pending,../../../tools/pokemon-dungeon/content/locations.json#dojo-rock-maze,P02-LOC-DOJO-CONTENT
dojo-rock-maze-boss-floor,fixedFloor,Rock Maze boss floor,blocked,G4;PLAN-CAMPAIGN-6.2;campaign:dojo,P31,P32,unstarted,pending,../../../tools/pokemon-dungeon/content/locations.json#dojo-rock-maze-boss-floor,CAMPAIGN-GAP-02-LOCATION-05
dojo-steel-maze,dojoMaze,Steel Maze,blocked,G4;PLAN-DATA-4;PLAN-CAMPAIGN-6.2;campaign:dojo,P31,P32,unstarted,pending,../../../tools/pokemon-dungeon/content/locations.json#dojo-steel-maze,P02-LOC-DOJO-CONTENT
dojo-steel-maze-boss-floor,fixedFloor,Steel Maze boss floor,blocked,G4;PLAN-CAMPAIGN-6.2;campaign:dojo,P31,P32,unstarted,pending,../../../tools/pokemon-dungeon/content/locations.json#dojo-steel-maze-boss-floor,CAMPAIGN-GAP-02-LOCATION-05
dojo-team-constrictor-maze,dojoMaze,Team Constrictor Maze,blocked,G4;PLAN-DATA-4;PLAN-CAMPAIGN-6.2;campaign:dojo,P31,P32,unstarted,pending,../../../tools/pokemon-dungeon/content/locations.json#dojo-team-constrictor-maze,P02-LOC-DOJO-CONTENT
dojo-team-constrictor-maze-boss-floor,fixedFloor,Team Constrictor Maze boss floor,blocked,G4;PLAN-CAMPAIGN-6.2;campaign:dojo,P31,P32,unstarted,pending,../../../tools/pokemon-dungeon/content/locations.json#dojo-team-constrictor-maze-boss-floor,CAMPAIGN-GAP-02-LOCATION-05
dojo-team-hydro-maze,dojoMaze,Team Hydro Maze,blocked,G4;PLAN-DATA-4;PLAN-CAMPAIGN-6.2;campaign:dojo,P31,P32,unstarted,pending,../../../tools/pokemon-dungeon/content/locations.json#dojo-team-hydro-maze,P02-LOC-DOJO-CONTENT
dojo-team-hydro-maze-boss-floor,fixedFloor,Team Hydro Maze boss floor,blocked,G4;PLAN-CAMPAIGN-6.2;campaign:dojo,P31,P32,unstarted,pending,../../../tools/pokemon-dungeon/content/locations.json#dojo-team-hydro-maze-boss-floor,CAMPAIGN-GAP-02-LOCATION-05
dojo-team-rumblerock-maze,dojoMaze,Team Rumblerock Maze,blocked,G4;PLAN-DATA-4;PLAN-CAMPAIGN-6.2;campaign:dojo,P31,P32,unstarted,pending,../../../tools/pokemon-dungeon/content/locations.json#dojo-team-rumblerock-maze,P02-LOC-DOJO-CONTENT
dojo-team-rumblerock-maze-boss-floor,fixedFloor,Team Rumblerock Maze boss floor,blocked,G4;PLAN-CAMPAIGN-6.2;campaign:dojo,P31,P32,unstarted,pending,../../../tools/pokemon-dungeon/content/locations.json#dojo-team-rumblerock-maze-boss-floor,CAMPAIGN-GAP-02-LOCATION-05
dojo-team-shifty-maze,dojoMaze,Team Shifty Maze,blocked,G4;PLAN-DATA-4;PLAN-CAMPAIGN-6.2;campaign:dojo,P31,P32,unstarted,pending,../../../tools/pokemon-dungeon/content/locations.json#dojo-team-shifty-maze,P02-LOC-DOJO-CONTENT
dojo-team-shifty-maze-boss-floor,fixedFloor,Team Shifty Maze boss floor,blocked,G4;PLAN-CAMPAIGN-6.2;campaign:dojo,P31,P32,unstarted,pending,../../../tools/pokemon-dungeon/content/locations.json#dojo-team-shifty-maze-boss-floor,CAMPAIGN-GAP-02-LOCATION-05
dojo-water-maze,dojoMaze,Water Maze,blocked,G4;PLAN-DATA-4;PLAN-CAMPAIGN-6.2;campaign:dojo,P31,P32,unstarted,pending,../../../tools/pokemon-dungeon/content/locations.json#dojo-water-maze,P02-LOC-DOJO-CONTENT
dojo-water-maze-boss-floor,fixedFloor,Water Maze boss floor,blocked,G4;PLAN-CAMPAIGN-6.2;campaign:dojo,P31,P32,unstarted,pending,../../../tools/pokemon-dungeon/content/locations.json#dojo-water-maze-boss-floor,CAMPAIGN-GAP-02-LOCATION-05
fantasy-strait,dungeon,Fantasy Strait,blocked,G2;PLAN-DATA-4;PLAN-CAMPAIGN-6;campaign:fantasy_strait,P31,P32,unstarted,pending,../../../tools/pokemon-dungeon/content/locations.json#fantasy-strait,CAMPAIGN-GAP-05-LOCATION-02;P02-LOC-EVENT-ACCESS
fantasy-strait-15-monster-house-floor,fixedFloor,Whole-floor Monster House,blocked,G2;PLAN-DATA-4;PLAN-CAMPAIGN-6;campaign:fantasy_strait,P31,P32,unstarted,pending,../../../tools/pokemon-dungeon/content/locations.json#fantasy-strait-15-monster-house-floor,CAMPAIGN-GAP-02-LOCATION-04
far-off-sea,dungeon,Far-off Sea,blocked,G2;PLAN-DATA-4;PLAN-CAMPAIGN-6;campaign:far_off_sea,P31,P32,unstarted,pending,../../../tools/pokemon-dungeon/content/locations.json#far-off-sea,CAMPAIGN-GAP-05-LOCATION-02
fiery-field,dungeon,Fiery Field,blocked,G2;PLAN-DATA-4;PLAN-CAMPAIGN-5.3;campaign:c9;campaign:c10;campaign:faraway;campaign:main,P29,P32,unstarted,pending,../../../tools/pokemon-dungeon/content/locations.json#fiery-field,CAMPAIGN-GAP-05-LOCATION-02
fiery-field-entei-floor,fixedFloor,Entei encounter,blocked,G2;PLAN-DATA-4;PLAN-CAMPAIGN-5.3;campaign:c9;campaign:c10;campaign:faraway;campaign:main,P29,P32,unstarted,pending,../../../tools/pokemon-dungeon/content/locations.json#fiery-field-entei-floor,CAMPAIGN-GAP-02-LOCATION-04
friend-area-aged-chamber-an,friend-area,Aged Chamber AN,supported,systems:areas,P17,P32,unstarted,pending,../../../tools/pokemon-dungeon/content/systems.json#friend-area-aged-chamber-an,P02-SYS-AREA-SEMANTICS;P02-SYS-AREA-COUNT
friend-area-aged-chamber-o-question,friend-area,Aged Chamber O?,supported,systems:areas,P17,P32,unstarted,pending,../../../tools/pokemon-dungeon/content/systems.json#friend-area-aged-chamber-o-question,P02-SYS-AREA-SEMANTICS;P02-SYS-AREA-COUNT
friend-area-ancient-relic,friend-area,Ancient Relic,supported,systems:areas,P17,P32,unstarted,pending,../../../tools/pokemon-dungeon/content/systems.json#friend-area-ancient-relic,P02-SYS-AREA-SEMANTICS;P02-SYS-AREA-COUNT
friend-area-beau-plains,friend-area,Beau Plains,supported,systems:areas,P17,P32,unstarted,pending,../../../tools/pokemon-dungeon/content/systems.json#friend-area-beau-plains,P02-SYS-AREA-SEMANTICS;P02-SYS-AREA-COUNT
friend-area-boulder-cave,friend-area,Boulder Cave,supported,systems:areas,P17,P32,unstarted,pending,../../../tools/pokemon-dungeon/content/systems.json#friend-area-boulder-cave,P02-SYS-AREA-SEMANTICS;P02-SYS-AREA-COUNT
friend-area-bountiful-sea,friend-area,Bountiful Sea,supported,systems:areas,P17,P32,unstarted,pending,../../../tools/pokemon-dungeon/content/systems.json#friend-area-bountiful-sea,P02-SYS-AREA-SEMANTICS;P02-SYS-AREA-COUNT
friend-area-crater,friend-area,Crater,supported,systems:areas,P17,P32,unstarted,pending,../../../tools/pokemon-dungeon/content/systems.json#friend-area-crater,P02-SYS-AREA-SEMANTICS;P02-SYS-AREA-COUNT
friend-area-cryptic-cave,friend-area,Cryptic Cave,supported,systems:areas,P17,P32,unstarted,pending,../../../tools/pokemon-dungeon/content/systems.json#friend-area-cryptic-cave,P02-SYS-AREA-SEMANTICS;P02-SYS-AREA-COUNT
friend-area-darkness-ridge,friend-area,Darkness Ridge,supported,systems:areas,P17,P32,unstarted,pending,../../../tools/pokemon-dungeon/content/systems.json#friend-area-darkness-ridge,P02-SYS-AREA-SEMANTICS;P02-SYS-AREA-COUNT
friend-area-decrepit-lab,friend-area,Decrepit Lab,supported,systems:areas,P17,P32,unstarted,pending,../../../tools/pokemon-dungeon/content/systems.json#friend-area-decrepit-lab,P02-SYS-AREA-SEMANTICS;P02-SYS-AREA-COUNT
friend-area-deep-sea-current,friend-area,Deep-Sea Current,supported,systems:areas,P17,P32,unstarted,pending,../../../tools/pokemon-dungeon/content/systems.json#friend-area-deep-sea-current,P02-SYS-AREA-SEMANTICS;P02-SYS-AREA-COUNT
friend-area-deep-sea-floor,friend-area,Deep-Sea Floor,supported,systems:areas,P17,P32,unstarted,pending,../../../tools/pokemon-dungeon/content/systems.json#friend-area-deep-sea-floor,P02-SYS-AREA-SEMANTICS;P02-SYS-AREA-COUNT
friend-area-dragon-cave,friend-area,Dragon Cave,supported,systems:areas,P17,P32,unstarted,pending,../../../tools/pokemon-dungeon/content/systems.json#friend-area-dragon-cave,P02-SYS-AREA-SEMANTICS;P02-SYS-AREA-COUNT
friend-area-echo-cave,friend-area,Echo Cave,supported,systems:areas,P17,P32,unstarted,pending,../../../tools/pokemon-dungeon/content/systems.json#friend-area-echo-cave,P02-SYS-AREA-SEMANTICS;P02-SYS-AREA-COUNT
friend-area-enclosed-island,friend-area,Enclosed Island,supported,systems:areas,P17,P32,unstarted,pending,../../../tools/pokemon-dungeon/content/systems.json#friend-area-enclosed-island,P02-SYS-AREA-SEMANTICS;P02-SYS-AREA-COUNT
friend-area-energetic-forest,friend-area,Energetic Forest,supported,systems:areas,P17,P32,unstarted,pending,../../../tools/pokemon-dungeon/content/systems.json#friend-area-energetic-forest,P02-SYS-AREA-SEMANTICS;P02-SYS-AREA-COUNT
friend-area-final-island,friend-area,Final Island,supported,systems:areas,P17,P32,unstarted,pending,../../../tools/pokemon-dungeon/content/systems.json#friend-area-final-island,P02-SYS-AREA-SEMANTICS;P02-SYS-AREA-COUNT
friend-area-flyaway-forest,friend-area,Flyaway Forest,supported,systems:areas,P17,P32,unstarted,pending,../../../tools/pokemon-dungeon/content/systems.json#friend-area-flyaway-forest,P02-SYS-AREA-SEMANTICS;P02-SYS-AREA-COUNT
friend-area-frigid-cavern,friend-area,Frigid Cavern,supported,systems:areas,P17,P32,unstarted,pending,../../../tools/pokemon-dungeon/content/systems.json#friend-area-frigid-cavern,P02-SYS-AREA-SEMANTICS;P02-SYS-AREA-COUNT
friend-area-furnace-desert,friend-area,Furnace Desert,supported,systems:areas,P17,P32,unstarted,pending,../../../tools/pokemon-dungeon/content/systems.json#friend-area-furnace-desert,P02-SYS-AREA-SEMANTICS;P02-SYS-AREA-COUNT
friend-area-healing-forest,friend-area,Healing Forest,supported,systems:areas,P17,P32,unstarted,pending,../../../tools/pokemon-dungeon/content/systems.json#friend-area-healing-forest,P02-SYS-AREA-SEMANTICS;P02-SYS-AREA-COUNT
friend-area-ice-floe-beach,friend-area,Ice Floe Beach,supported,systems:areas,P17,P32,unstarted,pending,../../../tools/pokemon-dungeon/content/systems.json#friend-area-ice-floe-beach,P02-SYS-AREA-SEMANTICS;P02-SYS-AREA-COUNT
friend-area-jungle,friend-area,Jungle,supported,systems:areas,P17,P32,unstarted,pending,../../../tools/pokemon-dungeon/content/systems.json#friend-area-jungle,P02-SYS-AREA-SEMANTICS;P02-SYS-AREA-COUNT
friend-area-legendary-island,friend-area,Legendary Island,supported,systems:areas,P17,P32,unstarted,pending,../../../tools/pokemon-dungeon/content/systems.json#friend-area-legendary-island,P02-SYS-AREA-SEMANTICS;P02-SYS-AREA-COUNT
friend-area-magnetic-quarry,friend-area,Magnetic Quarry,supported,systems:areas,P17,P32,unstarted,pending,../../../tools/pokemon-dungeon/content/systems.json#friend-area-magnetic-quarry,P02-SYS-AREA-SEMANTICS;P02-SYS-AREA-COUNT
friend-area-mist-rise-forest,friend-area,Mist-Rise Forest,supported,systems:areas,P17,P32,unstarted,pending,../../../tools/pokemon-dungeon/content/systems.json#friend-area-mist-rise-forest,P02-SYS-AREA-SEMANTICS;P02-SYS-AREA-COUNT
friend-area-mt-cleft,friend-area,Mt. Cleft,supported,systems:areas,P17,P32,unstarted,pending,../../../tools/pokemon-dungeon/content/systems.json#friend-area-mt-cleft,P02-SYS-AREA-SEMANTICS;P02-SYS-AREA-COUNT
friend-area-mt-deepgreen,friend-area,Mt. Deepgreen,supported,systems:areas,P17,P32,unstarted,pending,../../../tools/pokemon-dungeon/content/systems.json#friend-area-mt-deepgreen,P02-SYS-AREA-SEMANTICS;P02-SYS-AREA-COUNT
friend-area-mt-discipline,friend-area,Mt. Discipline,supported,systems:areas,P17,P32,unstarted,pending,../../../tools/pokemon-dungeon/content/systems.json#friend-area-mt-discipline,P02-SYS-AREA-SEMANTICS;P02-SYS-AREA-COUNT
friend-area-mt-moonview,friend-area,Mt. Moonview,supported,systems:areas,P17,P32,unstarted,pending,../../../tools/pokemon-dungeon/content/systems.json#friend-area-mt-moonview,P02-SYS-AREA-SEMANTICS;P02-SYS-AREA-COUNT
friend-area-mushroom-forest,friend-area,Mushroom Forest,supported,systems:areas,P17,P32,unstarted,pending,../../../tools/pokemon-dungeon/content/systems.json#friend-area-mushroom-forest,P02-SYS-AREA-SEMANTICS;P02-SYS-AREA-COUNT
friend-area-mystic-lake,friend-area,Mystic Lake,supported,systems:areas,P17,P32,unstarted,pending,../../../tools/pokemon-dungeon/content/systems.json#friend-area-mystic-lake,P02-SYS-AREA-SEMANTICS;P02-SYS-AREA-COUNT
friend-area-overgrown-forest,friend-area,Overgrown Forest,supported,systems:areas,P17,P32,unstarted,pending,../../../tools/pokemon-dungeon/content/systems.json#friend-area-overgrown-forest,P02-SYS-AREA-SEMANTICS;P02-SYS-AREA-COUNT
friend-area-peanut-swamp,friend-area,Peanut Swamp,supported,systems:areas,P17,P32,unstarted,pending,../../../tools/pokemon-dungeon/content/systems.json#friend-area-peanut-swamp,P02-SYS-AREA-SEMANTICS;P02-SYS-AREA-COUNT
friend-area-poison-swamp,friend-area,Poison Swamp,supported,systems:areas,P17,P32,unstarted,pending,../../../tools/pokemon-dungeon/content/systems.json#friend-area-poison-swamp,P02-SYS-AREA-SEMANTICS;P02-SYS-AREA-COUNT
friend-area-power-plant,friend-area,Power Plant,supported,systems:areas,P17,P32,unstarted,pending,../../../tools/pokemon-dungeon/content/systems.json#friend-area-power-plant,P02-SYS-AREA-SEMANTICS;P02-SYS-AREA-COUNT
friend-area-rainbow-peak,friend-area,Rainbow Peak,supported,systems:areas,P17,P32,unstarted,pending,../../../tools/pokemon-dungeon/content/systems.json#friend-area-rainbow-peak,P02-SYS-AREA-SEMANTICS;P02-SYS-AREA-COUNT
friend-area-ravaged-field,friend-area,Ravaged Field,supported,systems:areas,P17,P32,unstarted,pending,../../../tools/pokemon-dungeon/content/systems.json#friend-area-ravaged-field,P02-SYS-AREA-SEMANTICS;P02-SYS-AREA-COUNT
friend-area-rub-a-dub-river,friend-area,Rub-a-Dub River,supported,systems:areas,P17,P32,unstarted,pending,../../../tools/pokemon-dungeon/content/systems.json#friend-area-rub-a-dub-river,P02-SYS-AREA-SEMANTICS;P02-SYS-AREA-COUNT
friend-area-sacred-field,friend-area,Sacred Field,supported,systems:areas,P17,P32,unstarted,pending,../../../tools/pokemon-dungeon/content/systems.json#friend-area-sacred-field,P02-SYS-AREA-SEMANTICS;P02-SYS-AREA-COUNT
friend-area-safari,friend-area,Safari,supported,systems:areas,P17,P32,unstarted,pending,../../../tools/pokemon-dungeon/content/systems.json#friend-area-safari,P02-SYS-AREA-SEMANTICS;P02-SYS-AREA-COUNT
friend-area-scorched-plains,friend-area,Scorched Plains,supported,systems:areas,P17,P32,unstarted,pending,../../../tools/pokemon-dungeon/content/systems.json#friend-area-scorched-plains,P02-SYS-AREA-SEMANTICS;P02-SYS-AREA-COUNT
friend-area-seafloor-cave,friend-area,Seafloor Cave,supported,systems:areas,P17,P32,unstarted,pending,../../../tools/pokemon-dungeon/content/systems.json#friend-area-seafloor-cave,P02-SYS-AREA-SEMANTICS;P02-SYS-AREA-COUNT
friend-area-secretive-forest,friend-area,Secretive Forest,supported,systems:areas,P17,P32,unstarted,pending,../../../tools/pokemon-dungeon/content/systems.json#friend-area-secretive-forest,P02-SYS-AREA-SEMANTICS;P02-SYS-AREA-COUNT
friend-area-serene-sea,friend-area,Serene Sea,supported,systems:areas,P17,P32,unstarted,pending,../../../tools/pokemon-dungeon/content/systems.json#friend-area-serene-sea,P02-SYS-AREA-SEMANTICS;P02-SYS-AREA-COUNT
friend-area-shallow-beach,friend-area,Shallow Beach,supported,systems:areas,P17,P32,unstarted,pending,../../../tools/pokemon-dungeon/content/systems.json#friend-area-shallow-beach,P02-SYS-AREA-SEMANTICS;P02-SYS-AREA-COUNT
friend-area-sky-blue-plains,friend-area,Sky Blue Plains,supported,systems:areas,P17,P32,unstarted,pending,../../../tools/pokemon-dungeon/content/systems.json#friend-area-sky-blue-plains,P02-SYS-AREA-SEMANTICS;P02-SYS-AREA-COUNT
friend-area-southern-island,friend-area,Southern Island,supported,systems:areas,P17,P32,unstarted,pending,../../../tools/pokemon-dungeon/content/systems.json#friend-area-southern-island,P02-SYS-AREA-SEMANTICS;P02-SYS-AREA-COUNT
friend-area-stratos-lookout,friend-area,Stratos Lookout,supported,systems:areas,P17,P32,unstarted,pending,../../../tools/pokemon-dungeon/content/systems.json#friend-area-stratos-lookout,P02-SYS-AREA-SEMANTICS;P02-SYS-AREA-COUNT
friend-area-tadpole-pond,friend-area,Tadpole Pond,supported,systems:areas,P17,P32,unstarted,pending,../../../tools/pokemon-dungeon/content/systems.json#friend-area-tadpole-pond,P02-SYS-AREA-SEMANTICS;P02-SYS-AREA-COUNT
friend-area-thunder-meadow,friend-area,Thunder Meadow,supported,systems:areas,P17,P32,unstarted,pending,../../../tools/pokemon-dungeon/content/systems.json#friend-area-thunder-meadow,P02-SYS-AREA-SEMANTICS;P02-SYS-AREA-COUNT
friend-area-transform-forest,friend-area,Transform Forest,supported,systems:areas,P17,P32,unstarted,pending,../../../tools/pokemon-dungeon/content/systems.json#friend-area-transform-forest,P02-SYS-AREA-SEMANTICS;P02-SYS-AREA-COUNT
friend-area-treasure-sea,friend-area,Treasure Sea,supported,systems:areas,P17,P32,unstarted,pending,../../../tools/pokemon-dungeon/content/systems.json#friend-area-treasure-sea,P02-SYS-AREA-SEMANTICS;P02-SYS-AREA-COUNT
friend-area-turtleshell-pond,friend-area,Turtleshell Pond,supported,systems:areas,P17,P32,unstarted,pending,../../../tools/pokemon-dungeon/content/systems.json#friend-area-turtleshell-pond,P02-SYS-AREA-SEMANTICS;P02-SYS-AREA-COUNT
friend-area-volcanic-pit,friend-area,Volcanic Pit,supported,systems:areas,P17,P32,unstarted,pending,../../../tools/pokemon-dungeon/content/systems.json#friend-area-volcanic-pit,P02-SYS-AREA-SEMANTICS;P02-SYS-AREA-COUNT
friend-area-waterfall-lake,friend-area,Waterfall Lake,supported,systems:areas,P17,P32,unstarted,pending,../../../tools/pokemon-dungeon/content/systems.json#friend-area-waterfall-lake,P02-SYS-AREA-SEMANTICS;P02-SYS-AREA-COUNT
friend-area-wild-plains,friend-area,Wild Plains,supported,systems:areas,P17,P32,unstarted,pending,../../../tools/pokemon-dungeon/content/systems.json#friend-area-wild-plains,P02-SYS-AREA-SEMANTICS;P02-SYS-AREA-COUNT
friend-areas,supportLocation,Friend Areas,blocked,PLAN-DATA-4;PLAN-CAMPAIGN-7.2,P20,P32,unstarted,pending,../../../tools/pokemon-dungeon/content/locations.json#friend-areas,P02-LOC-SUPPORT-MAPS
frosty-forest,dungeon,Frosty Forest,blocked,G2;PLAN-DATA-4;PLAN-CAMPAIGN-4.1;campaign:c4;campaign:snow_path,P24,P32,unstarted,pending,../../../tools/pokemon-dungeon/content/locations.json#frosty-forest,CAMPAIGN-GAP-05-LOCATION-02
frosty-forest-junction,supportLocation,Frosty Forest / Snow Path junction,blocked,PLAN-CAMPAIGN-4.1;PLAN-CAMPAIGN-6;campaign:snow_path,P24,P32,unstarted,pending,../../../tools/pokemon-dungeon/content/locations.json#frosty-forest-junction,CAMPAIGN-GAP-02-LOCATION-03
frosty-forest-main,dungeonSegment,Frosty Forest,blocked,G2;PLAN-DATA-4;PLAN-CAMPAIGN-4.1;campaign:c4;campaign:snow_path,P24,P32,unstarted,pending,../../../tools/pokemon-dungeon/content/locations.json#frosty-forest-main,CAMPAIGN-GAP-02-LOCATION-01
frosty-forest-rest-stop,restStop,Frosty Forest midpoint,blocked,G2;PLAN-DATA-4;PLAN-CAMPAIGN-4.1;campaign:c4;campaign:snow_path,P24,P32,unstarted,pending,../../../tools/pokemon-dungeon/content/locations.json#frosty-forest-rest-stop,CAMPAIGN-GAP-02-LOCATION-02
frosty-grotto,dungeonSegment,Frosty Grotto,blocked,G2;PLAN-DATA-4;PLAN-CAMPAIGN-4.1;campaign:c4;campaign:snow_path,P24,P32,unstarted,pending,../../../tools/pokemon-dungeon/content/locations.json#frosty-grotto,CAMPAIGN-GAP-02-LOCATION-01
frosty-grotto-articuno-floor,fixedFloor,Articuno encounter,blocked,G2;PLAN-DATA-4;PLAN-CAMPAIGN-4.1;campaign:c4;campaign:snow_path,P24,P32,unstarted,pending,../../../tools/pokemon-dungeon/content/locations.json#frosty-grotto-articuno-floor,CAMPAIGN-GAP-02-LOCATION-04
grand-sea,dungeon,Grand Sea,blocked,G2;PLAN-DATA-4;PLAN-CAMPAIGN-6;campaign:grand_sea,P31,P32,unstarted,pending,../../../tools/pokemon-dungeon/content/locations.json#grand-sea,CAMPAIGN-GAP-05-LOCATION-02
great-canyon,dungeon,Great Canyon,blocked,G2;PLAN-DATA-4;PLAN-CAMPAIGN-4.1;campaign:c3;campaign:great;PLAN-BLUE-RULES-V1,P24,P32,unstarted,pending,../../../tools/pokemon-dungeon/content/locations.json#great-canyon,CAMPAIGN-GAP-05-LOCATION-02
hill-of-the-ancients,terminalMap,Hill of the Ancients,blocked,G2;PLAN-DATA-4;PLAN-CAMPAIGN-4.1;campaign:c3;campaign:great;PLAN-BLUE-RULES-V1;PLAN-BLUE-RULES-V2,P24,P32,unstarted,pending,../../../tools/pokemon-dungeon/content/locations.json#hill-of-the-ancients,P01-CAMPAIGN-TERMINAL-LABELS
howling-forest,dungeon,Howling Forest,blocked,G2;PLAN-DATA-4;PLAN-CAMPAIGN-6;campaign:howling;PLAN-BLUE-RULES-V1;PLAN-BLUE-RULES-V2,P31,P32,unstarted,pending,../../../tools/pokemon-dungeon/content/locations.json#howling-forest,CAMPAIGN-GAP-05-LOCATION-02;P01-CAMPAIGN-HOWLING-SCENE-LOCATION-01
howling-forest-smeargle-rescue,terminalMap,Smeargle rescue scene,blocked,G2;PLAN-DATA-4;PLAN-CAMPAIGN-6;campaign:howling;PLAN-BLUE-RULES-V1;PLAN-BLUE-RULES-V2,P31,P32,unstarted,pending,../../../tools/pokemon-dungeon/content/locations.json#howling-forest-smeargle-rescue,P01-CAMPAIGN-HOWLING-SCENE-LOCATION-02
iq-skill-all-terrain-hiker,iq-skill,All-Terrain Hiker,supported,systems:iq,P17,P32,unstarted,pending,../../../tools/pokemon-dungeon/content/systems.json#iq-skill-all-terrain-hiker,P02-SYS-IQ-SEMANTICS
iq-skill-course-checker,iq-skill,Course Checker,supported,systems:iq,P17,P32,unstarted,pending,../../../tools/pokemon-dungeon/content/systems.json#iq-skill-course-checker,P02-SYS-IQ-SEMANTICS
iq-skill-dedicated-traveler,iq-skill,Dedicated Traveler,supported,systems:iq,P17,P32,unstarted,pending,../../../tools/pokemon-dungeon/content/systems.json#iq-skill-dedicated-traveler,P02-SYS-IQ-SEMANTICS
iq-skill-efficiency-expert,iq-skill,Efficiency Expert,supported,systems:iq,P17,P32,unstarted,pending,../../../tools/pokemon-dungeon/content/systems.json#iq-skill-efficiency-expert,P02-SYS-IQ-SEMANTICS
iq-skill-energy-saver,iq-skill,Energy Saver,supported,systems:iq,P17,P32,unstarted,pending,../../../tools/pokemon-dungeon/content/systems.json#iq-skill-energy-saver,P02-SYS-IQ-SEMANTICS
iq-skill-exclusive-move-user,iq-skill,Exclusive Move-User,supported,systems:iq,P17,P32,unstarted,pending,../../../tools/pokemon-dungeon/content/systems.json#iq-skill-exclusive-move-user,P02-SYS-IQ-SEMANTICS
iq-skill-exp-go-getter,iq-skill,EXP. Go-Getter,supported,systems:iq,P17,P32,unstarted,pending,../../../tools/pokemon-dungeon/content/systems.json#iq-skill-exp-go-getter,P02-SYS-IQ-SEMANTICS
iq-skill-house-avoider,iq-skill,House Avoider,supported,systems:iq,P17,P32,unstarted,pending,../../../tools/pokemon-dungeon/content/systems.json#iq-skill-house-avoider,P02-SYS-IQ-SEMANTICS
iq-skill-item-catcher,iq-skill,Item Catcher,supported,systems:iq,P17,P32,unstarted,pending,../../../tools/pokemon-dungeon/content/systems.json#iq-skill-item-catcher,P02-SYS-IQ-SEMANTICS
iq-skill-item-master,iq-skill,Item Master,supported,systems:iq,P17,P32,unstarted,pending,../../../tools/pokemon-dungeon/content/systems.json#iq-skill-item-master,P02-SYS-IQ-SEMANTICS
iq-skill-lava-evader,iq-skill,Lava Evader,supported,systems:iq,P17,P32,unstarted,pending,../../../tools/pokemon-dungeon/content/systems.json#iq-skill-lava-evader,P02-SYS-IQ-SEMANTICS
iq-skill-nonsleeper,iq-skill,Nonsleeper,supported,systems:iq,P17,P32,unstarted,pending,../../../tools/pokemon-dungeon/content/systems.json#iq-skill-nonsleeper,P02-SYS-IQ-SEMANTICS
iq-skill-nontraitor,iq-skill,Nontraitor,supported,systems:iq,P17,P32,unstarted,pending,../../../tools/pokemon-dungeon/content/systems.json#iq-skill-nontraitor,P02-SYS-IQ-SEMANTICS
iq-skill-pp-checker,iq-skill,PP Checker,supported,systems:iq,P17,P32,unstarted,pending,../../../tools/pokemon-dungeon/content/systems.json#iq-skill-pp-checker,P02-SYS-IQ-SEMANTICS
iq-skill-quick-dodger,iq-skill,Quick Dodger,supported,systems:iq,P17,P32,unstarted,pending,../../../tools/pokemon-dungeon/content/systems.json#iq-skill-quick-dodger,P02-SYS-IQ-SEMANTICS
iq-skill-self-curer,iq-skill,Self-Curer,supported,systems:iq,P17,P32,unstarted,pending,../../../tools/pokemon-dungeon/content/systems.json#iq-skill-self-curer,P02-SYS-IQ-SEMANTICS
iq-skill-status-checker,iq-skill,Status Checker,supported,systems:iq,P17,P32,unstarted,pending,../../../tools/pokemon-dungeon/content/systems.json#iq-skill-status-checker,P02-SYS-IQ-SEMANTICS
iq-skill-super-mobile,iq-skill,Super Mobile,supported,systems:iq,P17,P32,unstarted,pending,../../../tools/pokemon-dungeon/content/systems.json#iq-skill-super-mobile,P02-SYS-IQ-SEMANTICS
iq-skill-sure-hit-attacker,iq-skill,Sure-Hit Attacker,supported,systems:iq,P17,P32,unstarted,pending,../../../tools/pokemon-dungeon/content/systems.json#iq-skill-sure-hit-attacker,P02-SYS-IQ-SEMANTICS
iq-skill-trap-avoider,iq-skill,Trap Avoider,supported,systems:iq,P17,P32,unstarted,pending,../../../tools/pokemon-dungeon/content/systems.json#iq-skill-trap-avoider,P02-SYS-IQ-SEMANTICS
iq-skill-trap-seer,iq-skill,Trap Seer,supported,systems:iq,P17,P32,unstarted,pending,../../../tools/pokemon-dungeon/content/systems.json#iq-skill-trap-seer,P02-SYS-IQ-SEMANTICS
iq-skill-type-advantage-master,iq-skill,Type-Advantage Master,supported,systems:iq,P17,P32,unstarted,pending,../../../tools/pokemon-dungeon/content/systems.json#iq-skill-type-advantage-master,P02-SYS-IQ-SEMANTICS
iq-skill-weak-type-picker,iq-skill,Weak-Type Picker,supported,systems:iq,P17,P32,unstarted,pending,../../../tools/pokemon-dungeon/content/systems.json#iq-skill-weak-type-picker,P02-SYS-IQ-SEMANTICS
item-class-arcing-projectiles,item-class,Arcing projectiles,supported,G15,P15,P32,unstarted,pending,../../../tools/pokemon-dungeon/content/systems.json#item-class-arcing-projectiles,P02-SYS-ITEM-CORPUS
item-class-berries,item-class,Berries,supported,G15,P15,P32,unstarted,pending,../../../tools/pokemon-dungeon/content/systems.json#item-class-berries,P02-SYS-ITEM-CORPUS
item-class-drinks-and-stat-enhancers,item-class,Drinks and stat enhancers,supported,G15,P15,P32,unstarted,pending,../../../tools/pokemon-dungeon/content/systems.json#item-class-drinks-and-stat-enhancers,P02-SYS-ITEM-CORPUS
item-class-evolution-items,item-class,Evolution items,supported,G15,P15,P32,unstarted,pending,../../../tools/pokemon-dungeon/content/systems.json#item-class-evolution-items,P02-SYS-ITEM-CORPUS
item-class-food,item-class,Food,supported,G15,P15,P32,unstarted,pending,../../../tools/pokemon-dungeon/content/systems.json#item-class-food,P02-SYS-ITEM-CORPUS
item-class-gummis,item-class,Gummis,supported,G15,P15,P32,unstarted,pending,../../../tools/pokemon-dungeon/content/systems.json#item-class-gummis,P02-SYS-ITEM-CORPUS
item-class-held-bands,item-class,Held bands,supported,G15,P15,P32,unstarted,pending,../../../tools/pokemon-dungeon/content/systems.json#item-class-held-bands,P02-SYS-ITEM-CORPUS
item-class-held-belts,item-class,Held belts,supported,G15,P15,P32,unstarted,pending,../../../tools/pokemon-dungeon/content/systems.json#item-class-held-belts,P02-SYS-ITEM-CORPUS
item-class-held-glasses,item-class,Held glasses,supported,G15,P15,P32,unstarted,pending,../../../tools/pokemon-dungeon/content/systems.json#item-class-held-glasses,P02-SYS-ITEM-CORPUS
item-class-held-ribbons,item-class,Held ribbons,supported,G15,P15,P32,unstarted,pending,../../../tools/pokemon-dungeon/content/systems.json#item-class-held-ribbons,P02-SYS-ITEM-CORPUS
item-class-held-scarves,item-class,Held scarves,supported,G15,P15,P32,unstarted,pending,../../../tools/pokemon-dungeon/content/systems.json#item-class-held-scarves,P02-SYS-ITEM-CORPUS
item-class-hms,item-class,HMs,supported,G15,P15,P32,unstarted,pending,../../../tools/pokemon-dungeon/content/systems.json#item-class-hms,P02-SYS-ITEM-CORPUS
item-class-keys,item-class,Keys,supported,G15,P15,P32,unstarted,pending,../../../tools/pokemon-dungeon/content/systems.json#item-class-keys,P02-SYS-ITEM-CORPUS
item-class-money,item-class,Money,supported,G15,P15,P32,unstarted,pending,../../../tools/pokemon-dungeon/content/systems.json#item-class-money,P02-SYS-ITEM-CORPUS
item-class-music-box,item-class,Music Box,supported,G15,P15,P32,unstarted,pending,../../../tools/pokemon-dungeon/content/systems.json#item-class-music-box,P02-SYS-ITEM-CORPUS
item-class-music-box-components,item-class,Music Box components,supported,G15,P15,P32,unstarted,pending,../../../tools/pokemon-dungeon/content/systems.json#item-class-music-box-components,P02-SYS-ITEM-CORPUS
item-class-seeds,item-class,Seeds,supported,G15,P15,P32,unstarted,pending,../../../tools/pokemon-dungeon/content/systems.json#item-class-seeds,P02-SYS-ITEM-CORPUS
item-class-story-key-items,item-class,Story key items,supported,G15,P15,P32,unstarted,pending,../../../tools/pokemon-dungeon/content/systems.json#item-class-story-key-items,P02-SYS-ITEM-CORPUS
item-class-straight-projectiles,item-class,Straight projectiles,supported,G15,P15,P32,unstarted,pending,../../../tools/pokemon-dungeon/content/systems.json#item-class-straight-projectiles,P02-SYS-ITEM-CORPUS
item-class-tms,item-class,TMs,supported,G15,P15,P32,unstarted,pending,../../../tools/pokemon-dungeon/content/systems.json#item-class-tms,P02-SYS-ITEM-CORPUS
item-class-used-tms,item-class,Used TMs,supported,G15,P15,P32,unstarted,pending,../../../tools/pokemon-dungeon/content/systems.json#item-class-used-tms,P02-SYS-ITEM-CORPUS
item-class-wings,item-class,Wings,supported,G15,P15,P32,unstarted,pending,../../../tools/pokemon-dungeon/content/systems.json#item-class-wings,P02-SYS-ITEM-CORPUS
item-class-wireless-rewards,item-class,Wireless rewards,supported,G15,P15,P32,unstarted,pending,../../../tools/pokemon-dungeon/content/systems.json#item-class-wireless-rewards,P02-SYS-ITEM-CORPUS
item-class-wish-stone,item-class,Wish Stone,supported,G15,P15,P32,unstarted,pending,../../../tools/pokemon-dungeon/content/systems.json#item-class-wish-stone,P02-SYS-ITEM-CORPUS
item-class-wonder-orbs,item-class,Wonder Orbs,supported,G15,P15,P32,unstarted,pending,../../../tools/pokemon-dungeon/content/systems.json#item-class-wonder-orbs,P02-SYS-ITEM-CORPUS
joyous-tower,dungeon,Joyous Tower,blocked,G2;PLAN-DATA-4;PLAN-CAMPAIGN-5.8;campaign:joyous,P31,P32,unstarted,pending,../../../tools/pokemon-dungeon/content/locations.json#joyous-tower,CAMPAIGN-GAP-05-LOCATION-02
lapis-cave,dungeon,Lapis Cave,blocked,G2;PLAN-DATA-4;PLAN-CAMPAIGN-4.1;campaign:c3,P24,P32,unstarted,pending,../../../tools/pokemon-dungeon/content/locations.json#lapis-cave,CAMPAIGN-GAP-05-LOCATION-02
lightning-field,dungeon,Lightning Field,blocked,G2;PLAN-DATA-4;PLAN-CAMPAIGN-5.3;campaign:c9;campaign:c10;campaign:faraway;campaign:main,P29,P32,unstarted,pending,../../../tools/pokemon-dungeon/content/locations.json#lightning-field,CAMPAIGN-GAP-05-LOCATION-02
lightning-field-raikou-floor,fixedFloor,Raikou encounter,blocked,G2;PLAN-DATA-4;PLAN-CAMPAIGN-5.3;campaign:c9;campaign:c10;campaign:faraway;campaign:main,P29,P32,unstarted,pending,../../../tools/pokemon-dungeon/content/locations.json#lightning-field-raikou-floor,CAMPAIGN-GAP-02-LOCATION-04
luminous-cave,supportLocation,Luminous Cave,blocked,PLAN-DATA-4;PLAN-CAMPAIGN-7.2;campaign:c6,P20,P32,unstarted,pending,../../../tools/pokemon-dungeon/content/locations.json#luminous-cave,P02-LOC-SUPPORT-MAPS
magma-cavern,dungeon,Magma Cavern,blocked,G2;PLAN-DATA-4;PLAN-CAMPAIGN-4.1;campaign:c5;campaign:magma;PLAN-BLUE-RULES-V1,P25,P32,unstarted,pending,../../../tools/pokemon-dungeon/content/locations.json#magma-cavern,CAMPAIGN-GAP-05-LOCATION-02
magma-cavern-main,dungeonSegment,Magma Cavern,blocked,G2;PLAN-DATA-4;PLAN-CAMPAIGN-4.1;campaign:c5;campaign:magma;PLAN-BLUE-RULES-V1,P25,P32,unstarted,pending,../../../tools/pokemon-dungeon/content/locations.json#magma-cavern-main,CAMPAIGN-GAP-02-LOCATION-01
magma-cavern-pit,dungeonSegment,Magma Cavern Pit,blocked,G2;PLAN-DATA-4;PLAN-CAMPAIGN-4.1;campaign:c5;campaign:magma;PLAN-BLUE-RULES-V1,P25,P32,unstarted,pending,../../../tools/pokemon-dungeon/content/locations.json#magma-cavern-pit,CAMPAIGN-GAP-02-LOCATION-01
magma-cavern-pit-fallen-allies-floor,fixedFloor,Fallen A.C.T. event,blocked,G2;PLAN-DATA-4;PLAN-CAMPAIGN-4.1;campaign:c5;campaign:magma;PLAN-BLUE-RULES-V1,P25,P32,unstarted,pending,../../../tools/pokemon-dungeon/content/locations.json#magma-cavern-pit-fallen-allies-floor,CAMPAIGN-GAP-02-LOCATION-04
magma-cavern-pit-groudon-floor,fixedFloor,Groudon encounter,blocked,G2;PLAN-DATA-4;PLAN-CAMPAIGN-4.1;campaign:c5;campaign:magma;PLAN-BLUE-RULES-V1,P25,P32,unstarted,pending,../../../tools/pokemon-dungeon/content/locations.json#magma-cavern-pit-groudon-floor,CAMPAIGN-GAP-02-LOCATION-04
magma-cavern-rest-stop,restStop,Magma Cavern midpoint,blocked,G2;PLAN-DATA-4;PLAN-CAMPAIGN-4.1;campaign:c5;campaign:magma;PLAN-BLUE-RULES-V1,P25,P32,unstarted,pending,../../../tools/pokemon-dungeon/content/locations.json#magma-cavern-rest-stop,CAMPAIGN-GAP-02-LOCATION-02
makuhita-dojo,supportLocation,Makuhita Dojo,blocked,PLAN-DATA-4;PLAN-CAMPAIGN-7.2;G4,P20,P32,unstarted,pending,../../../tools/pokemon-dungeon/content/locations.json#makuhita-dojo,P02-LOC-SUPPORT-MAPS
marvelous-sea,dungeon,Marvelous Sea,blocked,G2;PLAN-DATA-4;PLAN-CAMPAIGN-6;campaign:marvelous_sea,P31,P32,unstarted,pending,../../../tools/pokemon-dungeon/content/locations.json#marvelous-sea,CAMPAIGN-GAP-05-LOCATION-02;P02-LOC-EVENT-ACCESS
meteor-cave,dungeon,Meteor Cave,blocked,G2;PLAN-DATA-4;PLAN-CAMPAIGN-5.5;campaign:c8;campaign:silver,P28,P32,unstarted,pending,../../../tools/pokemon-dungeon/content/locations.json#meteor-cave,CAMPAIGN-GAP-05-LOCATION-02
meteor-cave-deoxys-floor,fixedFloor,Deoxys encounter,blocked,G2;PLAN-DATA-4;PLAN-CAMPAIGN-5.5;campaign:c8;campaign:silver,P28,P32,unstarted,pending,../../../tools/pokemon-dungeon/content/locations.json#meteor-cave-deoxys-floor,CAMPAIGN-GAP-02-LOCATION-04
move-absorb,move,Absorb,supported,P01B-S-UPCINDEX;T1,P14,P32,unstarted,pending,../../../tools/pokemon-dungeon/content/systems.json#move-absorb,P02-SYS-MOVE-SEMANTICS
move-acid,move,Acid,supported,P01B-S-UPCINDEX;T1,P14,P32,unstarted,pending,../../../tools/pokemon-dungeon/content/systems.json#move-acid,P02-SYS-MOVE-SEMANTICS
move-acid-armor,move,Acid Armor,supported,P01B-S-UPCINDEX;T1,P14,P32,unstarted,pending,../../../tools/pokemon-dungeon/content/systems.json#move-acid-armor,P02-SYS-MOVE-SEMANTICS
move-aerial-ace,move,Aerial Ace,supported,P01B-S-UPCINDEX;T1,P14,P32,unstarted,pending,../../../tools/pokemon-dungeon/content/systems.json#move-aerial-ace,P02-SYS-MOVE-SEMANTICS
move-aeroblast,move,Aeroblast,supported,P01B-S-UPCINDEX;T1,P14,P32,unstarted,pending,../../../tools/pokemon-dungeon/content/systems.json#move-aeroblast,P02-SYS-MOVE-SEMANTICS
move-agility,move,Agility,supported,P01B-S-UPCINDEX;T1,P14,P32,unstarted,pending,../../../tools/pokemon-dungeon/content/systems.json#move-agility,P02-SYS-MOVE-SEMANTICS
move-air-cutter,move,Air Cutter,supported,P01B-S-UPCINDEX;T1,P14,P32,unstarted,pending,../../../tools/pokemon-dungeon/content/systems.json#move-air-cutter,P02-SYS-MOVE-SEMANTICS
move-amnesia,move,Amnesia,supported,P01B-S-UPCINDEX;T1,P14,P32,unstarted,pending,../../../tools/pokemon-dungeon/content/systems.json#move-amnesia,P02-SYS-MOVE-SEMANTICS
move-ancient-power,move,Ancientpower,supported,P01B-S-UPCINDEX;T1,P14,P32,unstarted,pending,../../../tools/pokemon-dungeon/content/systems.json#move-ancient-power,P02-SYS-MOVE-SEMANTICS
move-arm-thrust,move,Arm Thrust,supported,P01B-S-UPCINDEX;T1,P14,P32,unstarted,pending,../../../tools/pokemon-dungeon/content/systems.json#move-arm-thrust,P02-SYS-MOVE-SEMANTICS
move-aromatherapy,move,Aromatherapy,supported,P01B-S-UPCINDEX;T1,P14,P32,unstarted,pending,../../../tools/pokemon-dungeon/content/systems.json#move-aromatherapy,P02-SYS-MOVE-SEMANTICS
move-assist,move,Assist,supported,P01B-S-UPCINDEX;T1,P14,P32,unstarted,pending,../../../tools/pokemon-dungeon/content/systems.json#move-assist,P02-SYS-MOVE-SEMANTICS
move-astonish,move,Astonish,supported,P01B-S-UPCINDEX;T1,P14,P32,unstarted,pending,../../../tools/pokemon-dungeon/content/systems.json#move-astonish,P02-SYS-MOVE-SEMANTICS
move-attract,move,Attract,supported,P01B-S-UPCINDEX;T1,P14,P32,unstarted,pending,../../../tools/pokemon-dungeon/content/systems.json#move-attract,P02-SYS-MOVE-SEMANTICS
move-aurora-beam,move,Aurora Beam,supported,P01B-S-UPCINDEX;T1,P14,P32,unstarted,pending,../../../tools/pokemon-dungeon/content/systems.json#move-aurora-beam,P02-SYS-MOVE-SEMANTICS
move-barrage,move,Barrage,supported,P01B-S-UPCINDEX;T1,P14,P32,unstarted,pending,../../../tools/pokemon-dungeon/content/systems.json#move-barrage,P02-SYS-MOVE-SEMANTICS
move-barrier,move,Barrier,supported,P01B-S-UPCINDEX;T1,P14,P32,unstarted,pending,../../../tools/pokemon-dungeon/content/systems.json#move-barrier,P02-SYS-MOVE-SEMANTICS
move-baton-pass,move,Baton Pass,supported,P01B-S-UPCINDEX;T1,P14,P32,unstarted,pending,../../../tools/pokemon-dungeon/content/systems.json#move-baton-pass,P02-SYS-MOVE-SEMANTICS
move-beat-up,move,Beat Up,supported,P01B-S-UPCINDEX;T1,P14,P32,unstarted,pending,../../../tools/pokemon-dungeon/content/systems.json#move-beat-up,P02-SYS-MOVE-SEMANTICS
move-belly-drum,move,Belly Drum,supported,P01B-S-UPCINDEX;T1,P14,P32,unstarted,pending,../../../tools/pokemon-dungeon/content/systems.json#move-belly-drum,P02-SYS-MOVE-SEMANTICS
move-bide,move,Bide,supported,P01B-S-UPCINDEX;T1,P14,P32,unstarted,pending,../../../tools/pokemon-dungeon/content/systems.json#move-bide,P02-SYS-MOVE-SEMANTICS
move-bind,move,Bind,supported,P01B-S-UPCINDEX;T1,P14,P32,unstarted,pending,../../../tools/pokemon-dungeon/content/systems.json#move-bind,P02-SYS-MOVE-SEMANTICS
move-bite,move,Bite,supported,P01B-S-UPCINDEX;T1,P14,P32,unstarted,pending,../../../tools/pokemon-dungeon/content/systems.json#move-bite,P02-SYS-MOVE-SEMANTICS
move-blast-burn,move,Blast Burn,supported,P01B-S-UPCINDEX;T1,P14,P32,unstarted,pending,../../../tools/pokemon-dungeon/content/systems.json#move-blast-burn,P02-SYS-MOVE-SEMANTICS
move-blaze-kick,move,Blaze Kick,supported,P01B-S-UPCINDEX;T1,P14,P32,unstarted,pending,../../../tools/pokemon-dungeon/content/systems.json#move-blaze-kick,P02-SYS-MOVE-SEMANTICS
move-blizzard,move,Blizzard,supported,P01B-S-UPCINDEX;T1,P14,P32,unstarted,pending,../../../tools/pokemon-dungeon/content/systems.json#move-blizzard,P02-SYS-MOVE-SEMANTICS
move-block,move,Block,supported,P01B-S-UPCINDEX;T1,P14,P32,unstarted,pending,../../../tools/pokemon-dungeon/content/systems.json#move-block,P02-SYS-MOVE-SEMANTICS
move-body-slam,move,Body Slam,supported,P01B-S-UPCINDEX;T1,P14,P32,unstarted,pending,../../../tools/pokemon-dungeon/content/systems.json#move-body-slam,P02-SYS-MOVE-SEMANTICS
move-bone-club,move,Bone Club,supported,P01B-S-UPCINDEX;T1,P14,P32,unstarted,pending,../../../tools/pokemon-dungeon/content/systems.json#move-bone-club,P02-SYS-MOVE-SEMANTICS
move-bone-rush,move,Bone Rush,supported,P01B-S-UPCINDEX;T1,P14,P32,unstarted,pending,../../../tools/pokemon-dungeon/content/systems.json#move-bone-rush,P02-SYS-MOVE-SEMANTICS
move-bonemerang,move,Bonemerang,supported,P01B-S-UPCINDEX;T1,P14,P32,unstarted,pending,../../../tools/pokemon-dungeon/content/systems.json#move-bonemerang,P02-SYS-MOVE-SEMANTICS
move-bounce,move,Bounce,supported,P01B-S-UPCINDEX;T1,P14,P32,unstarted,pending,../../../tools/pokemon-dungeon/content/systems.json#move-bounce,P02-SYS-MOVE-SEMANTICS
move-brick-break,move,Brick Break,supported,P01B-S-UPCINDEX;T1,P14,P32,unstarted,pending,../../../tools/pokemon-dungeon/content/systems.json#move-brick-break,P02-SYS-MOVE-SEMANTICS
move-bubble,move,Bubble,supported,P01B-S-UPCINDEX;T1,P14,P32,unstarted,pending,../../../tools/pokemon-dungeon/content/systems.json#move-bubble,P02-SYS-MOVE-SEMANTICS
move-bubble-beam,move,Bubblebeam,supported,P01B-S-UPCINDEX;T1,P14,P32,unstarted,pending,../../../tools/pokemon-dungeon/content/systems.json#move-bubble-beam,P02-SYS-MOVE-SEMANTICS
move-bulk-up,move,Bulk Up,supported,P01B-S-UPCINDEX;T1,P14,P32,unstarted,pending,../../../tools/pokemon-dungeon/content/systems.json#move-bulk-up,P02-SYS-MOVE-SEMANTICS
move-bullet-seed,move,Bullet Seed,supported,P01B-S-UPCINDEX;T1,P14,P32,unstarted,pending,../../../tools/pokemon-dungeon/content/systems.json#move-bullet-seed,P02-SYS-MOVE-SEMANTICS
move-calm-mind,move,Calm Mind,supported,P01B-S-UPCINDEX;T1,P14,P32,unstarted,pending,../../../tools/pokemon-dungeon/content/systems.json#move-calm-mind,P02-SYS-MOVE-SEMANTICS
move-camouflage,move,Camouflage,supported,P01B-S-UPCINDEX;T1,P14,P32,unstarted,pending,../../../tools/pokemon-dungeon/content/systems.json#move-camouflage,P02-SYS-MOVE-SEMANTICS
move-charge,move,Charge,supported,P01B-S-UPCINDEX;T1,P14,P32,unstarted,pending,../../../tools/pokemon-dungeon/content/systems.json#move-charge,P02-SYS-MOVE-SEMANTICS
move-charm,move,Charm,supported,P01B-S-UPCINDEX;T1,P14,P32,unstarted,pending,../../../tools/pokemon-dungeon/content/systems.json#move-charm,P02-SYS-MOVE-SEMANTICS
move-clamp,move,Clamp,supported,P01B-S-UPCINDEX;T1,P14,P32,unstarted,pending,../../../tools/pokemon-dungeon/content/systems.json#move-clamp,P02-SYS-MOVE-SEMANTICS
move-comet-punch,move,Comet Punch,supported,P01B-S-UPCINDEX;T1,P14,P32,unstarted,pending,../../../tools/pokemon-dungeon/content/systems.json#move-comet-punch,P02-SYS-MOVE-SEMANTICS
move-confuse-ray,move,Confuse Ray,supported,P01B-S-UPCINDEX;T1,P14,P32,unstarted,pending,../../../tools/pokemon-dungeon/content/systems.json#move-confuse-ray,P02-SYS-MOVE-SEMANTICS
move-confusion,move,Confusion,supported,P01B-S-UPCINDEX;T1,P14,P32,unstarted,pending,../../../tools/pokemon-dungeon/content/systems.json#move-confusion,P02-SYS-MOVE-SEMANTICS
move-constrict,move,Constrict,supported,P01B-S-UPCINDEX;T1,P14,P32,unstarted,pending,../../../tools/pokemon-dungeon/content/systems.json#move-constrict,P02-SYS-MOVE-SEMANTICS
move-conversion,move,Conversion,supported,P01B-S-UPCINDEX;T1,P14,P32,unstarted,pending,../../../tools/pokemon-dungeon/content/systems.json#move-conversion,P02-SYS-MOVE-SEMANTICS
move-conversion-2,move,Conversion 2,supported,P01B-S-UPCINDEX;T1,P14,P32,unstarted,pending,../../../tools/pokemon-dungeon/content/systems.json#move-conversion-2,P02-SYS-MOVE-SEMANTICS
move-cosmic-power,move,Cosmic Power,supported,P01B-S-UPCINDEX;T1,P14,P32,unstarted,pending,../../../tools/pokemon-dungeon/content/systems.json#move-cosmic-power,P02-SYS-MOVE-SEMANTICS
move-cotton-spore,move,Cotton Spore,supported,P01B-S-UPCINDEX;T1,P14,P32,unstarted,pending,../../../tools/pokemon-dungeon/content/systems.json#move-cotton-spore,P02-SYS-MOVE-SEMANTICS
move-counter,move,Counter,supported,P01B-S-UPCINDEX;T1,P14,P32,unstarted,pending,../../../tools/pokemon-dungeon/content/systems.json#move-counter,P02-SYS-MOVE-SEMANTICS
move-covet,move,Covet,supported,P01B-S-UPCINDEX;T1,P14,P32,unstarted,pending,../../../tools/pokemon-dungeon/content/systems.json#move-covet,P02-SYS-MOVE-SEMANTICS
move-crabhammer,move,Crabhammer,supported,P01B-S-UPCINDEX;T1,P14,P32,unstarted,pending,../../../tools/pokemon-dungeon/content/systems.json#move-crabhammer,P02-SYS-MOVE-SEMANTICS
move-cross-chop,move,Cross Chop,supported,P01B-S-UPCINDEX;T1,P14,P32,unstarted,pending,../../../tools/pokemon-dungeon/content/systems.json#move-cross-chop,P02-SYS-MOVE-SEMANTICS
move-crunch,move,Crunch,supported,P01B-S-UPCINDEX;T1,P14,P32,unstarted,pending,../../../tools/pokemon-dungeon/content/systems.json#move-crunch,P02-SYS-MOVE-SEMANTICS
move-crush-claw,move,Crush Claw,supported,P01B-S-UPCINDEX;T1,P14,P32,unstarted,pending,../../../tools/pokemon-dungeon/content/systems.json#move-crush-claw,P02-SYS-MOVE-SEMANTICS
move-curse,move,Curse,supported,P01B-S-UPCINDEX;T1,P14,P32,unstarted,pending,../../../tools/pokemon-dungeon/content/systems.json#move-curse,P02-SYS-MOVE-SEMANTICS
move-cut,move,Cut,supported,P01B-S-UPCINDEX;T1,P14,P32,unstarted,pending,../../../tools/pokemon-dungeon/content/systems.json#move-cut,P02-SYS-MOVE-SEMANTICS
move-defense-curl,move,Defense Curl,supported,P01B-S-UPCINDEX;T1,P14,P32,unstarted,pending,../../../tools/pokemon-dungeon/content/systems.json#move-defense-curl,P02-SYS-MOVE-SEMANTICS
move-destiny-bond,move,Destiny Bond,supported,P01B-S-UPCINDEX;T1,P14,P32,unstarted,pending,../../../tools/pokemon-dungeon/content/systems.json#move-destiny-bond,P02-SYS-MOVE-SEMANTICS
move-detect,move,Detect,supported,P01B-S-UPCINDEX;T1,P14,P32,unstarted,pending,../../../tools/pokemon-dungeon/content/systems.json#move-detect,P02-SYS-MOVE-SEMANTICS
move-dig,move,Dig,supported,P01B-S-UPCINDEX;T1,P14,P32,unstarted,pending,../../../tools/pokemon-dungeon/content/systems.json#move-dig,P02-SYS-MOVE-SEMANTICS
move-disable,move,Disable,supported,P01B-S-UPCINDEX;T1,P14,P32,unstarted,pending,../../../tools/pokemon-dungeon/content/systems.json#move-disable,P02-SYS-MOVE-SEMANTICS
move-dive,move,Dive,supported,P01B-S-UPCINDEX;T1,P14,P32,unstarted,pending,../../../tools/pokemon-dungeon/content/systems.json#move-dive,P02-SYS-MOVE-SEMANTICS
move-dizzy-punch,move,Dizzy Punch,supported,P01B-S-UPCINDEX;T1,P14,P32,unstarted,pending,../../../tools/pokemon-dungeon/content/systems.json#move-dizzy-punch,P02-SYS-MOVE-SEMANTICS
move-doom-desire,move,Doom Desire,supported,P01B-S-UPCINDEX;T1,P14,P32,unstarted,pending,../../../tools/pokemon-dungeon/content/systems.json#move-doom-desire,P02-SYS-MOVE-SEMANTICS
move-double-edge,move,Double-Edge,supported,P01B-S-UPCINDEX;T1,P14,P32,unstarted,pending,../../../tools/pokemon-dungeon/content/systems.json#move-double-edge,P02-SYS-MOVE-SEMANTICS
move-double-kick,move,Double Kick,supported,P01B-S-UPCINDEX;T1,P14,P32,unstarted,pending,../../../tools/pokemon-dungeon/content/systems.json#move-double-kick,P02-SYS-MOVE-SEMANTICS
move-double-slap,move,Doubleslap,supported,P01B-S-UPCINDEX;T1,P14,P32,unstarted,pending,../../../tools/pokemon-dungeon/content/systems.json#move-double-slap,P02-SYS-MOVE-SEMANTICS
move-double-team,move,Double Team,supported,P01B-S-UPCINDEX;T1,P14,P32,unstarted,pending,../../../tools/pokemon-dungeon/content/systems.json#move-double-team,P02-SYS-MOVE-SEMANTICS
move-dragon-breath,move,Dragonbreath,supported,P01B-S-UPCINDEX;T1,P14,P32,unstarted,pending,../../../tools/pokemon-dungeon/content/systems.json#move-dragon-breath,P02-SYS-MOVE-SEMANTICS
move-dragon-claw,move,Dragon Claw,supported,P01B-S-UPCINDEX;T1,P14,P32,unstarted,pending,../../../tools/pokemon-dungeon/content/systems.json#move-dragon-claw,P02-SYS-MOVE-SEMANTICS
move-dragon-dance,move,Dragon Dance,supported,P01B-S-UPCINDEX;T1,P14,P32,unstarted,pending,../../../tools/pokemon-dungeon/content/systems.json#move-dragon-dance,P02-SYS-MOVE-SEMANTICS
move-dragon-rage,move,Dragon Rage,supported,P01B-S-UPCINDEX;T1,P14,P32,unstarted,pending,../../../tools/pokemon-dungeon/content/systems.json#move-dragon-rage,P02-SYS-MOVE-SEMANTICS
move-dream-eater,move,Dream Eater,supported,P01B-S-UPCINDEX;T1,P14,P32,unstarted,pending,../../../tools/pokemon-dungeon/content/systems.json#move-dream-eater,P02-SYS-MOVE-SEMANTICS
move-drill-peck,move,Drill Peck,supported,P01B-S-UPCINDEX;T1,P14,P32,unstarted,pending,../../../tools/pokemon-dungeon/content/systems.json#move-drill-peck,P02-SYS-MOVE-SEMANTICS
move-dynamic-punch,move,Dynamicpunch,supported,P01B-S-UPCINDEX;T1,P14,P32,unstarted,pending,../../../tools/pokemon-dungeon/content/systems.json#move-dynamic-punch,P02-SYS-MOVE-SEMANTICS
move-earthquake,move,Earthquake,supported,P01B-S-UPCINDEX;T1,P14,P32,unstarted,pending,../../../tools/pokemon-dungeon/content/systems.json#move-earthquake,P02-SYS-MOVE-SEMANTICS
move-egg-bomb,move,Egg Bomb,supported,P01B-S-UPCINDEX;T1,P14,P32,unstarted,pending,../../../tools/pokemon-dungeon/content/systems.json#move-egg-bomb,P02-SYS-MOVE-SEMANTICS
move-ember,move,Ember,supported,P01B-S-UPCINDEX;T1,P14,P32,unstarted,pending,../../../tools/pokemon-dungeon/content/systems.json#move-ember,P02-SYS-MOVE-SEMANTICS
move-encore,move,Encore,supported,P01B-S-UPCINDEX;T1,P14,P32,unstarted,pending,../../../tools/pokemon-dungeon/content/systems.json#move-encore,P02-SYS-MOVE-SEMANTICS
move-endeavor,move,Endeavor,supported,P01B-S-UPCINDEX;T1,P14,P32,unstarted,pending,../../../tools/pokemon-dungeon/content/systems.json#move-endeavor,P02-SYS-MOVE-SEMANTICS
move-endure,move,Endure,supported,P01B-S-UPCINDEX;T1,P14,P32,unstarted,pending,../../../tools/pokemon-dungeon/content/systems.json#move-endure,P02-SYS-MOVE-SEMANTICS
move-eruption,move,Eruption,supported,P01B-S-UPCINDEX;T1,P14,P32,unstarted,pending,../../../tools/pokemon-dungeon/content/systems.json#move-eruption,P02-SYS-MOVE-SEMANTICS
move-explosion,move,Explosion,supported,P01B-S-UPCINDEX;T1,P14,P32,unstarted,pending,../../../tools/pokemon-dungeon/content/systems.json#move-explosion,P02-SYS-MOVE-SEMANTICS
move-extrasensory,move,Extrasensory,supported,P01B-S-UPCINDEX;T1,P14,P32,unstarted,pending,../../../tools/pokemon-dungeon/content/systems.json#move-extrasensory,P02-SYS-MOVE-SEMANTICS
move-extreme-speed,move,Extremespeed,supported,P01B-S-UPCINDEX;T1,P14,P32,unstarted,pending,../../../tools/pokemon-dungeon/content/systems.json#move-extreme-speed,P02-SYS-MOVE-SEMANTICS
move-facade,move,Facade,supported,P01B-S-UPCINDEX;T1,P14,P32,unstarted,pending,../../../tools/pokemon-dungeon/content/systems.json#move-facade,P02-SYS-MOVE-SEMANTICS
move-fake-out,move,Fake Out,supported,P01B-S-UPCINDEX;T1,P14,P32,unstarted,pending,../../../tools/pokemon-dungeon/content/systems.json#move-fake-out,P02-SYS-MOVE-SEMANTICS
move-fake-tears,move,Fake Tears,supported,P01B-S-UPCINDEX;T1,P14,P32,unstarted,pending,../../../tools/pokemon-dungeon/content/systems.json#move-fake-tears,P02-SYS-MOVE-SEMANTICS
move-false-swipe,move,False Swipe,supported,P01B-S-UPCINDEX;T1,P14,P32,unstarted,pending,../../../tools/pokemon-dungeon/content/systems.json#move-false-swipe,P02-SYS-MOVE-SEMANTICS
move-feather-dance,move,Featherdance,supported,P01B-S-UPCINDEX;T1,P14,P32,unstarted,pending,../../../tools/pokemon-dungeon/content/systems.json#move-feather-dance,P02-SYS-MOVE-SEMANTICS
move-feint-attack,move,Faint Attack,supported,P01B-S-UPCINDEX;T1,P14,P32,unstarted,pending,../../../tools/pokemon-dungeon/content/systems.json#move-feint-attack,P02-SYS-MOVE-SEMANTICS
move-fire-blast,move,Fire Blast,supported,P01B-S-UPCINDEX;T1,P14,P32,unstarted,pending,../../../tools/pokemon-dungeon/content/systems.json#move-fire-blast,P02-SYS-MOVE-SEMANTICS
move-fire-punch,move,Fire Punch,supported,P01B-S-UPCINDEX;T1,P14,P32,unstarted,pending,../../../tools/pokemon-dungeon/content/systems.json#move-fire-punch,P02-SYS-MOVE-SEMANTICS
move-fire-spin,move,Fire Spin,supported,P01B-S-UPCINDEX;T1,P14,P32,unstarted,pending,../../../tools/pokemon-dungeon/content/systems.json#move-fire-spin,P02-SYS-MOVE-SEMANTICS
move-fissure,move,Fissure,supported,P01B-S-UPCINDEX;T1,P14,P32,unstarted,pending,../../../tools/pokemon-dungeon/content/systems.json#move-fissure,P02-SYS-MOVE-SEMANTICS
move-flail,move,Flail,supported,P01B-S-UPCINDEX;T1,P14,P32,unstarted,pending,../../../tools/pokemon-dungeon/content/systems.json#move-flail,P02-SYS-MOVE-SEMANTICS
move-flame-wheel,move,Flame Wheel,supported,P01B-S-UPCINDEX;T1,P14,P32,unstarted,pending,../../../tools/pokemon-dungeon/content/systems.json#move-flame-wheel,P02-SYS-MOVE-SEMANTICS
move-flamethrower,move,Flamethrower,supported,P01B-S-UPCINDEX;T1,P14,P32,unstarted,pending,../../../tools/pokemon-dungeon/content/systems.json#move-flamethrower,P02-SYS-MOVE-SEMANTICS
move-flash,move,Flash,supported,P01B-S-UPCINDEX;T1,P14,P32,unstarted,pending,../../../tools/pokemon-dungeon/content/systems.json#move-flash,P02-SYS-MOVE-SEMANTICS
move-flatter,move,Flatter,supported,P01B-S-UPCINDEX;T1,P14,P32,unstarted,pending,../../../tools/pokemon-dungeon/content/systems.json#move-flatter,P02-SYS-MOVE-SEMANTICS
move-fly,move,Fly,supported,P01B-S-UPCINDEX;T1,P14,P32,unstarted,pending,../../../tools/pokemon-dungeon/content/systems.json#move-fly,P02-SYS-MOVE-SEMANTICS
move-focus-energy,move,Focus Energy,supported,P01B-S-UPCINDEX;T1,P14,P32,unstarted,pending,../../../tools/pokemon-dungeon/content/systems.json#move-focus-energy,P02-SYS-MOVE-SEMANTICS
move-focus-punch,move,Focus Punch,supported,P01B-S-UPCINDEX;T1,P14,P32,unstarted,pending,../../../tools/pokemon-dungeon/content/systems.json#move-focus-punch,P02-SYS-MOVE-SEMANTICS
move-follow-me,move,Follow Me,supported,P01B-S-UPCINDEX;T1,P14,P32,unstarted,pending,../../../tools/pokemon-dungeon/content/systems.json#move-follow-me,P02-SYS-MOVE-SEMANTICS
move-foresight,move,Foresight,supported,P01B-S-UPCINDEX;T1,P14,P32,unstarted,pending,../../../tools/pokemon-dungeon/content/systems.json#move-foresight,P02-SYS-MOVE-SEMANTICS
move-frenzy-plant,move,Frenzy Plant,supported,P01B-S-UPCINDEX;T1,P14,P32,unstarted,pending,../../../tools/pokemon-dungeon/content/systems.json#move-frenzy-plant,P02-SYS-MOVE-SEMANTICS
move-frustration,move,Frustration,supported,P01B-S-UPCINDEX;T1,P14,P32,unstarted,pending,../../../tools/pokemon-dungeon/content/systems.json#move-frustration,P02-SYS-MOVE-SEMANTICS
move-fury-attack,move,Fury Attack,supported,P01B-S-UPCINDEX;T1,P14,P32,unstarted,pending,../../../tools/pokemon-dungeon/content/systems.json#move-fury-attack,P02-SYS-MOVE-SEMANTICS
move-fury-cutter,move,Fury Cutter,supported,P01B-S-UPCINDEX;T1,P14,P32,unstarted,pending,../../../tools/pokemon-dungeon/content/systems.json#move-fury-cutter,P02-SYS-MOVE-SEMANTICS
move-fury-swipes,move,Fury Swipes,supported,P01B-S-UPCINDEX;T1,P14,P32,unstarted,pending,../../../tools/pokemon-dungeon/content/systems.json#move-fury-swipes,P02-SYS-MOVE-SEMANTICS
move-future-sight,move,Future Sight,supported,P01B-S-UPCINDEX;T1,P14,P32,unstarted,pending,../../../tools/pokemon-dungeon/content/systems.json#move-future-sight,P02-SYS-MOVE-SEMANTICS
move-giga-drain,move,Giga Drain,supported,P01B-S-UPCINDEX;T1,P14,P32,unstarted,pending,../../../tools/pokemon-dungeon/content/systems.json#move-giga-drain,P02-SYS-MOVE-SEMANTICS
move-glare,move,Glare,supported,P01B-S-UPCINDEX;T1,P14,P32,unstarted,pending,../../../tools/pokemon-dungeon/content/systems.json#move-glare,P02-SYS-MOVE-SEMANTICS
move-grass-whistle,move,Grasswhistle,supported,P01B-S-UPCINDEX;T1,P14,P32,unstarted,pending,../../../tools/pokemon-dungeon/content/systems.json#move-grass-whistle,P02-SYS-MOVE-SEMANTICS
move-growl,move,Growl,supported,P01B-S-UPCINDEX;T1,P14,P32,unstarted,pending,../../../tools/pokemon-dungeon/content/systems.json#move-growl,P02-SYS-MOVE-SEMANTICS
move-growth,move,Growth,supported,P01B-S-UPCINDEX;T1,P14,P32,unstarted,pending,../../../tools/pokemon-dungeon/content/systems.json#move-growth,P02-SYS-MOVE-SEMANTICS
move-grudge,move,Grudge,supported,P01B-S-UPCINDEX;T1,P14,P32,unstarted,pending,../../../tools/pokemon-dungeon/content/systems.json#move-grudge,P02-SYS-MOVE-SEMANTICS
move-guillotine,move,Guillotine,supported,P01B-S-UPCINDEX;T1,P14,P32,unstarted,pending,../../../tools/pokemon-dungeon/content/systems.json#move-guillotine,P02-SYS-MOVE-SEMANTICS
move-gust,move,Gust,supported,P01B-S-UPCINDEX;T1,P14,P32,unstarted,pending,../../../tools/pokemon-dungeon/content/systems.json#move-gust,P02-SYS-MOVE-SEMANTICS
move-hail,move,Hail,supported,P01B-S-UPCINDEX;T1,P14,P32,unstarted,pending,../../../tools/pokemon-dungeon/content/systems.json#move-hail,P02-SYS-MOVE-SEMANTICS
move-harden,move,Harden,supported,P01B-S-UPCINDEX;T1,P14,P32,unstarted,pending,../../../tools/pokemon-dungeon/content/systems.json#move-harden,P02-SYS-MOVE-SEMANTICS
move-haze,move,Haze,supported,P01B-S-UPCINDEX;T1,P14,P32,unstarted,pending,../../../tools/pokemon-dungeon/content/systems.json#move-haze,P02-SYS-MOVE-SEMANTICS
move-headbutt,move,Headbutt,supported,P01B-S-UPCINDEX;T1,P14,P32,unstarted,pending,../../../tools/pokemon-dungeon/content/systems.json#move-headbutt,P02-SYS-MOVE-SEMANTICS
move-heal-bell,move,Heal Bell,supported,P01B-S-UPCINDEX;T1,P14,P32,unstarted,pending,../../../tools/pokemon-dungeon/content/systems.json#move-heal-bell,P02-SYS-MOVE-SEMANTICS
move-heat-wave,move,Heat Wave,supported,P01B-S-UPCINDEX;T1,P14,P32,unstarted,pending,../../../tools/pokemon-dungeon/content/systems.json#move-heat-wave,P02-SYS-MOVE-SEMANTICS
move-helping-hand,move,Helping Hand,supported,P01B-S-UPCINDEX;T1,P14,P32,unstarted,pending,../../../tools/pokemon-dungeon/content/systems.json#move-helping-hand,P02-SYS-MOVE-SEMANTICS
move-hidden-power,move,Hidden Power,supported,P01B-S-UPCINDEX;T1,P14,P32,unstarted,pending,../../../tools/pokemon-dungeon/content/systems.json#move-hidden-power,P02-SYS-MOVE-SEMANTICS
move-high-jump-kick,move,Hi Jump Kick,supported,P01B-S-UPCINDEX;T1,P14,P32,unstarted,pending,../../../tools/pokemon-dungeon/content/systems.json#move-high-jump-kick,P02-SYS-MOVE-SEMANTICS
move-horn-attack,move,Horn Attack,supported,P01B-S-UPCINDEX;T1,P14,P32,unstarted,pending,../../../tools/pokemon-dungeon/content/systems.json#move-horn-attack,P02-SYS-MOVE-SEMANTICS
move-horn-drill,move,Horn Drill,supported,P01B-S-UPCINDEX;T1,P14,P32,unstarted,pending,../../../tools/pokemon-dungeon/content/systems.json#move-horn-drill,P02-SYS-MOVE-SEMANTICS
move-howl,move,Howl,supported,P01B-S-UPCINDEX;T1,P14,P32,unstarted,pending,../../../tools/pokemon-dungeon/content/systems.json#move-howl,P02-SYS-MOVE-SEMANTICS
move-hydro-cannon,move,Hydro Cannon,supported,P01B-S-UPCINDEX;T1,P14,P32,unstarted,pending,../../../tools/pokemon-dungeon/content/systems.json#move-hydro-cannon,P02-SYS-MOVE-SEMANTICS
move-hydro-pump,move,Hydro Pump,supported,P01B-S-UPCINDEX;T1,P14,P32,unstarted,pending,../../../tools/pokemon-dungeon/content/systems.json#move-hydro-pump,P02-SYS-MOVE-SEMANTICS
move-hyper-beam,move,Hyper Beam,supported,P01B-S-UPCINDEX;T1,P14,P32,unstarted,pending,../../../tools/pokemon-dungeon/content/systems.json#move-hyper-beam,P02-SYS-MOVE-SEMANTICS
move-hyper-fang,move,Hyper Fang,supported,P01B-S-UPCINDEX;T1,P14,P32,unstarted,pending,../../../tools/pokemon-dungeon/content/systems.json#move-hyper-fang,P02-SYS-MOVE-SEMANTICS
move-hyper-voice,move,Hyper Voice,supported,P01B-S-UPCINDEX;T1,P14,P32,unstarted,pending,../../../tools/pokemon-dungeon/content/systems.json#move-hyper-voice,P02-SYS-MOVE-SEMANTICS
move-hypnosis,move,Hypnosis,supported,P01B-S-UPCINDEX;T1,P14,P32,unstarted,pending,../../../tools/pokemon-dungeon/content/systems.json#move-hypnosis,P02-SYS-MOVE-SEMANTICS
move-ice-ball,move,Ice Ball,supported,P01B-S-UPCINDEX;T1,P14,P32,unstarted,pending,../../../tools/pokemon-dungeon/content/systems.json#move-ice-ball,P02-SYS-MOVE-SEMANTICS
move-ice-beam,move,Ice Beam,supported,P01B-S-UPCINDEX;T1,P14,P32,unstarted,pending,../../../tools/pokemon-dungeon/content/systems.json#move-ice-beam,P02-SYS-MOVE-SEMANTICS
move-ice-punch,move,Ice Punch,supported,P01B-S-UPCINDEX;T1,P14,P32,unstarted,pending,../../../tools/pokemon-dungeon/content/systems.json#move-ice-punch,P02-SYS-MOVE-SEMANTICS
move-icicle-spear,move,Icicle Spear,supported,P01B-S-UPCINDEX;T1,P14,P32,unstarted,pending,../../../tools/pokemon-dungeon/content/systems.json#move-icicle-spear,P02-SYS-MOVE-SEMANTICS
move-icy-wind,move,Icy Wind,supported,P01B-S-UPCINDEX;T1,P14,P32,unstarted,pending,../../../tools/pokemon-dungeon/content/systems.json#move-icy-wind,P02-SYS-MOVE-SEMANTICS
move-imprison,move,Imprison,supported,P01B-S-UPCINDEX;T1,P14,P32,unstarted,pending,../../../tools/pokemon-dungeon/content/systems.json#move-imprison,P02-SYS-MOVE-SEMANTICS
move-ingrain,move,Ingrain,supported,P01B-S-UPCINDEX;T1,P14,P32,unstarted,pending,../../../tools/pokemon-dungeon/content/systems.json#move-ingrain,P02-SYS-MOVE-SEMANTICS
move-iron-defense,move,Iron Defense,supported,P01B-S-UPCINDEX;T1,P14,P32,unstarted,pending,../../../tools/pokemon-dungeon/content/systems.json#move-iron-defense,P02-SYS-MOVE-SEMANTICS
move-iron-tail,move,Iron Tail,supported,P01B-S-UPCINDEX;T1,P14,P32,unstarted,pending,../../../tools/pokemon-dungeon/content/systems.json#move-iron-tail,P02-SYS-MOVE-SEMANTICS
move-jump-kick,move,Jump Kick,supported,P01B-S-UPCINDEX;T1,P14,P32,unstarted,pending,../../../tools/pokemon-dungeon/content/systems.json#move-jump-kick,P02-SYS-MOVE-SEMANTICS
move-karate-chop,move,Karate Chop,supported,P01B-S-UPCINDEX;T1,P14,P32,unstarted,pending,../../../tools/pokemon-dungeon/content/systems.json#move-karate-chop,P02-SYS-MOVE-SEMANTICS
move-kinesis,move,Kinesis,supported,P01B-S-UPCINDEX;T1,P14,P32,unstarted,pending,../../../tools/pokemon-dungeon/content/systems.json#move-kinesis,P02-SYS-MOVE-SEMANTICS
move-knock-off,move,Knock Off,supported,P01B-S-UPCINDEX;T1,P14,P32,unstarted,pending,../../../tools/pokemon-dungeon/content/systems.json#move-knock-off,P02-SYS-MOVE-SEMANTICS
move-leaf-blade,move,Leaf Blade,supported,P01B-S-UPCINDEX;T1,P14,P32,unstarted,pending,../../../tools/pokemon-dungeon/content/systems.json#move-leaf-blade,P02-SYS-MOVE-SEMANTICS
move-leech-life,move,Leech Life,supported,P01B-S-UPCINDEX;T1,P14,P32,unstarted,pending,../../../tools/pokemon-dungeon/content/systems.json#move-leech-life,P02-SYS-MOVE-SEMANTICS
move-leech-seed,move,Leech Seed,supported,P01B-S-UPCINDEX;T1,P14,P32,unstarted,pending,../../../tools/pokemon-dungeon/content/systems.json#move-leech-seed,P02-SYS-MOVE-SEMANTICS
move-leer,move,Leer,supported,P01B-S-UPCINDEX;T1,P14,P32,unstarted,pending,../../../tools/pokemon-dungeon/content/systems.json#move-leer,P02-SYS-MOVE-SEMANTICS
move-lick,move,Lick,supported,P01B-S-UPCINDEX;T1,P14,P32,unstarted,pending,../../../tools/pokemon-dungeon/content/systems.json#move-lick,P02-SYS-MOVE-SEMANTICS
move-light-screen,move,Light Screen,supported,P01B-S-UPCINDEX;T1,P14,P32,unstarted,pending,../../../tools/pokemon-dungeon/content/systems.json#move-light-screen,P02-SYS-MOVE-SEMANTICS
move-lock-on,move,Lock-On,supported,P01B-S-UPCINDEX;T1,P14,P32,unstarted,pending,../../../tools/pokemon-dungeon/content/systems.json#move-lock-on,P02-SYS-MOVE-SEMANTICS
move-lovely-kiss,move,Lovely Kiss,supported,P01B-S-UPCINDEX;T1,P14,P32,unstarted,pending,../../../tools/pokemon-dungeon/content/systems.json#move-lovely-kiss,P02-SYS-MOVE-SEMANTICS
move-low-kick,move,Low Kick,supported,P01B-S-UPCINDEX;T1,P14,P32,unstarted,pending,../../../tools/pokemon-dungeon/content/systems.json#move-low-kick,P02-SYS-MOVE-SEMANTICS
move-luster-purge,move,Luster Purge,supported,P01B-S-UPCINDEX;T1,P14,P32,unstarted,pending,../../../tools/pokemon-dungeon/content/systems.json#move-luster-purge,P02-SYS-MOVE-SEMANTICS
move-mach-punch,move,Mach Punch,supported,P01B-S-UPCINDEX;T1,P14,P32,unstarted,pending,../../../tools/pokemon-dungeon/content/systems.json#move-mach-punch,P02-SYS-MOVE-SEMANTICS
move-magic-coat,move,Magic Coat,supported,P01B-S-UPCINDEX;T1,P14,P32,unstarted,pending,../../../tools/pokemon-dungeon/content/systems.json#move-magic-coat,P02-SYS-MOVE-SEMANTICS
move-magical-leaf,move,Magical Leaf,supported,P01B-S-UPCINDEX;T1,P14,P32,unstarted,pending,../../../tools/pokemon-dungeon/content/systems.json#move-magical-leaf,P02-SYS-MOVE-SEMANTICS
move-magnitude,move,Magnitude,supported,P01B-S-UPCINDEX;T1,P14,P32,unstarted,pending,../../../tools/pokemon-dungeon/content/systems.json#move-magnitude,P02-SYS-MOVE-SEMANTICS
move-mean-look,move,Mean Look,supported,P01B-S-UPCINDEX;T1,P14,P32,unstarted,pending,../../../tools/pokemon-dungeon/content/systems.json#move-mean-look,P02-SYS-MOVE-SEMANTICS
move-meditate,move,Meditate,supported,P01B-S-UPCINDEX;T1,P14,P32,unstarted,pending,../../../tools/pokemon-dungeon/content/systems.json#move-meditate,P02-SYS-MOVE-SEMANTICS
move-mega-drain,move,Mega Drain,supported,P01B-S-UPCINDEX;T1,P14,P32,unstarted,pending,../../../tools/pokemon-dungeon/content/systems.json#move-mega-drain,P02-SYS-MOVE-SEMANTICS
move-mega-kick,move,Mega Kick,supported,P01B-S-UPCINDEX;T1,P14,P32,unstarted,pending,../../../tools/pokemon-dungeon/content/systems.json#move-mega-kick,P02-SYS-MOVE-SEMANTICS
move-mega-punch,move,Mega Punch,supported,P01B-S-UPCINDEX;T1,P14,P32,unstarted,pending,../../../tools/pokemon-dungeon/content/systems.json#move-mega-punch,P02-SYS-MOVE-SEMANTICS
move-megahorn,move,Megahorn,supported,P01B-S-UPCINDEX;T1,P14,P32,unstarted,pending,../../../tools/pokemon-dungeon/content/systems.json#move-megahorn,P02-SYS-MOVE-SEMANTICS
move-memento,move,Memento,supported,P01B-S-UPCINDEX;T1,P14,P32,unstarted,pending,../../../tools/pokemon-dungeon/content/systems.json#move-memento,P02-SYS-MOVE-SEMANTICS
move-metal-claw,move,Metal Claw,supported,P01B-S-UPCINDEX;T1,P14,P32,unstarted,pending,../../../tools/pokemon-dungeon/content/systems.json#move-metal-claw,P02-SYS-MOVE-SEMANTICS
move-metal-sound,move,Metal Sound,supported,P01B-S-UPCINDEX;T1,P14,P32,unstarted,pending,../../../tools/pokemon-dungeon/content/systems.json#move-metal-sound,P02-SYS-MOVE-SEMANTICS
move-meteor-mash,move,Meteor Mash,supported,P01B-S-UPCINDEX;T1,P14,P32,unstarted,pending,../../../tools/pokemon-dungeon/content/systems.json#move-meteor-mash,P02-SYS-MOVE-SEMANTICS
move-metronome,move,Metronome,supported,P01B-S-UPCINDEX;T1,P14,P32,unstarted,pending,../../../tools/pokemon-dungeon/content/systems.json#move-metronome,P02-SYS-MOVE-SEMANTICS
move-milk-drink,move,Milk Drink,supported,P01B-S-UPCINDEX;T1,P14,P32,unstarted,pending,../../../tools/pokemon-dungeon/content/systems.json#move-milk-drink,P02-SYS-MOVE-SEMANTICS
move-mimic,move,Mimic,supported,P01B-S-UPCINDEX;T1,P14,P32,unstarted,pending,../../../tools/pokemon-dungeon/content/systems.json#move-mimic,P02-SYS-MOVE-SEMANTICS
move-mind-reader,move,Mind Reader,supported,P01B-S-UPCINDEX;T1,P14,P32,unstarted,pending,../../../tools/pokemon-dungeon/content/systems.json#move-mind-reader,P02-SYS-MOVE-SEMANTICS
move-minimize,move,Minimize,supported,P01B-S-UPCINDEX;T1,P14,P32,unstarted,pending,../../../tools/pokemon-dungeon/content/systems.json#move-minimize,P02-SYS-MOVE-SEMANTICS
move-mirror-coat,move,Mirror Coat,supported,P01B-S-UPCINDEX;T1,P14,P32,unstarted,pending,../../../tools/pokemon-dungeon/content/systems.json#move-mirror-coat,P02-SYS-MOVE-SEMANTICS
move-mirror-move,move,Mirror Move,supported,P01B-S-UPCINDEX;T1,P14,P32,unstarted,pending,../../../tools/pokemon-dungeon/content/systems.json#move-mirror-move,P02-SYS-MOVE-SEMANTICS
move-mist,move,Mist,supported,P01B-S-UPCINDEX;T1,P14,P32,unstarted,pending,../../../tools/pokemon-dungeon/content/systems.json#move-mist,P02-SYS-MOVE-SEMANTICS
move-mist-ball,move,Mist Ball,supported,P01B-S-UPCINDEX;T1,P14,P32,unstarted,pending,../../../tools/pokemon-dungeon/content/systems.json#move-mist-ball,P02-SYS-MOVE-SEMANTICS
move-moonlight,move,Moonlight,supported,P01B-S-UPCINDEX;T1,P14,P32,unstarted,pending,../../../tools/pokemon-dungeon/content/systems.json#move-moonlight,P02-SYS-MOVE-SEMANTICS
move-morning-sun,move,Morning Sun,supported,P01B-S-UPCINDEX;T1,P14,P32,unstarted,pending,../../../tools/pokemon-dungeon/content/systems.json#move-morning-sun,P02-SYS-MOVE-SEMANTICS
move-mud-shot,move,Mud Shot,supported,P01B-S-UPCINDEX;T1,P14,P32,unstarted,pending,../../../tools/pokemon-dungeon/content/systems.json#move-mud-shot,P02-SYS-MOVE-SEMANTICS
move-mud-slap,move,Mud-Slap,supported,P01B-S-UPCINDEX;T1,P14,P32,unstarted,pending,../../../tools/pokemon-dungeon/content/systems.json#move-mud-slap,P02-SYS-MOVE-SEMANTICS
move-mud-sport,move,Mud Sport,supported,P01B-S-UPCINDEX;T1,P14,P32,unstarted,pending,../../../tools/pokemon-dungeon/content/systems.json#move-mud-sport,P02-SYS-MOVE-SEMANTICS
move-muddy-water,move,Muddy Water,supported,P01B-S-UPCINDEX;T1,P14,P32,unstarted,pending,../../../tools/pokemon-dungeon/content/systems.json#move-muddy-water,P02-SYS-MOVE-SEMANTICS
move-nature-power,move,Nature Power,supported,P01B-S-UPCINDEX;T1,P14,P32,unstarted,pending,../../../tools/pokemon-dungeon/content/systems.json#move-nature-power,P02-SYS-MOVE-SEMANTICS
move-needle-arm,move,Needle Arm,supported,P01B-S-UPCINDEX;T1,P14,P32,unstarted,pending,../../../tools/pokemon-dungeon/content/systems.json#move-needle-arm,P02-SYS-MOVE-SEMANTICS
move-night-shade,move,Night Shade,supported,P01B-S-UPCINDEX;T1,P14,P32,unstarted,pending,../../../tools/pokemon-dungeon/content/systems.json#move-night-shade,P02-SYS-MOVE-SEMANTICS
move-nightmare,move,Nightmare,supported,P01B-S-UPCINDEX;T1,P14,P32,unstarted,pending,../../../tools/pokemon-dungeon/content/systems.json#move-nightmare,P02-SYS-MOVE-SEMANTICS
move-octazooka,move,Octazooka,supported,P01B-S-UPCINDEX;T1,P14,P32,unstarted,pending,../../../tools/pokemon-dungeon/content/systems.json#move-octazooka,P02-SYS-MOVE-SEMANTICS
move-odor-sleuth,move,Odor Sleuth,supported,P01B-S-UPCINDEX;T1,P14,P32,unstarted,pending,../../../tools/pokemon-dungeon/content/systems.json#move-odor-sleuth,P02-SYS-MOVE-SEMANTICS
move-outrage,move,Outrage,supported,P01B-S-UPCINDEX;T1,P14,P32,unstarted,pending,../../../tools/pokemon-dungeon/content/systems.json#move-outrage,P02-SYS-MOVE-SEMANTICS
move-overheat,move,Overheat,supported,P01B-S-UPCINDEX;T1,P14,P32,unstarted,pending,../../../tools/pokemon-dungeon/content/systems.json#move-overheat,P02-SYS-MOVE-SEMANTICS
move-pain-split,move,Pain Split,supported,P01B-S-UPCINDEX;T1,P14,P32,unstarted,pending,../../../tools/pokemon-dungeon/content/systems.json#move-pain-split,P02-SYS-MOVE-SEMANTICS
move-pay-day,move,Pay Day,supported,P01B-S-UPCINDEX;T1,P14,P32,unstarted,pending,../../../tools/pokemon-dungeon/content/systems.json#move-pay-day,P02-SYS-MOVE-SEMANTICS
move-peck,move,Peck,supported,P01B-S-UPCINDEX;T1,P14,P32,unstarted,pending,../../../tools/pokemon-dungeon/content/systems.json#move-peck,P02-SYS-MOVE-SEMANTICS
move-perish-song,move,Perish Song,supported,P01B-S-UPCINDEX;T1,P14,P32,unstarted,pending,../../../tools/pokemon-dungeon/content/systems.json#move-perish-song,P02-SYS-MOVE-SEMANTICS
move-petal-dance,move,Petal Dance,supported,P01B-S-UPCINDEX;T1,P14,P32,unstarted,pending,../../../tools/pokemon-dungeon/content/systems.json#move-petal-dance,P02-SYS-MOVE-SEMANTICS
move-pin-missile,move,Pin Missile,supported,P01B-S-UPCINDEX;T1,P14,P32,unstarted,pending,../../../tools/pokemon-dungeon/content/systems.json#move-pin-missile,P02-SYS-MOVE-SEMANTICS
move-poison-fang,move,Poison Fang,supported,P01B-S-UPCINDEX;T1,P14,P32,unstarted,pending,../../../tools/pokemon-dungeon/content/systems.json#move-poison-fang,P02-SYS-MOVE-SEMANTICS
move-poison-gas,move,Poison Gas,supported,P01B-S-UPCINDEX;T1,P14,P32,unstarted,pending,../../../tools/pokemon-dungeon/content/systems.json#move-poison-gas,P02-SYS-MOVE-SEMANTICS
move-poison-powder,move,Poisonpowder,supported,P01B-S-UPCINDEX;T1,P14,P32,unstarted,pending,../../../tools/pokemon-dungeon/content/systems.json#move-poison-powder,P02-SYS-MOVE-SEMANTICS
move-poison-sting,move,Poison Sting,supported,P01B-S-UPCINDEX;T1,P14,P32,unstarted,pending,../../../tools/pokemon-dungeon/content/systems.json#move-poison-sting,P02-SYS-MOVE-SEMANTICS
move-poison-tail,move,Poison Tail,supported,P01B-S-UPCINDEX;T1,P14,P32,unstarted,pending,../../../tools/pokemon-dungeon/content/systems.json#move-poison-tail,P02-SYS-MOVE-SEMANTICS
move-pound,move,Pound,supported,P01B-S-UPCINDEX;T1,P14,P32,unstarted,pending,../../../tools/pokemon-dungeon/content/systems.json#move-pound,P02-SYS-MOVE-SEMANTICS
move-powder-snow,move,Powder Snow,supported,P01B-S-UPCINDEX;T1,P14,P32,unstarted,pending,../../../tools/pokemon-dungeon/content/systems.json#move-powder-snow,P02-SYS-MOVE-SEMANTICS
move-present,move,Present,supported,P01B-S-UPCINDEX;T1,P14,P32,unstarted,pending,../../../tools/pokemon-dungeon/content/systems.json#move-present,P02-SYS-MOVE-SEMANTICS
move-protect,move,Protect,supported,P01B-S-UPCINDEX;T1,P14,P32,unstarted,pending,../../../tools/pokemon-dungeon/content/systems.json#move-protect,P02-SYS-MOVE-SEMANTICS
move-psybeam,move,Psybeam,supported,P01B-S-UPCINDEX;T1,P14,P32,unstarted,pending,../../../tools/pokemon-dungeon/content/systems.json#move-psybeam,P02-SYS-MOVE-SEMANTICS
move-psych-up,move,Psych Up,supported,P01B-S-UPCINDEX;T1,P14,P32,unstarted,pending,../../../tools/pokemon-dungeon/content/systems.json#move-psych-up,P02-SYS-MOVE-SEMANTICS
move-psychic,move,Psychic,supported,P01B-S-UPCINDEX;T1,P14,P32,unstarted,pending,../../../tools/pokemon-dungeon/content/systems.json#move-psychic,P02-SYS-MOVE-SEMANTICS
move-psycho-boost,move,Psycho Boost,supported,P01B-S-UPCINDEX;T1,P14,P32,unstarted,pending,../../../tools/pokemon-dungeon/content/systems.json#move-psycho-boost,P02-SYS-MOVE-SEMANTICS
move-psywave,move,Psywave,supported,P01B-S-UPCINDEX;T1,P14,P32,unstarted,pending,../../../tools/pokemon-dungeon/content/systems.json#move-psywave,P02-SYS-MOVE-SEMANTICS
move-pursuit,move,Pursuit,supported,P01B-S-UPCINDEX;T1,P14,P32,unstarted,pending,../../../tools/pokemon-dungeon/content/systems.json#move-pursuit,P02-SYS-MOVE-SEMANTICS
move-quick-attack,move,Quick Attack,supported,P01B-S-UPCINDEX;T1,P14,P32,unstarted,pending,../../../tools/pokemon-dungeon/content/systems.json#move-quick-attack,P02-SYS-MOVE-SEMANTICS
move-rage,move,Rage,supported,P01B-S-UPCINDEX;T1,P14,P32,unstarted,pending,../../../tools/pokemon-dungeon/content/systems.json#move-rage,P02-SYS-MOVE-SEMANTICS
move-rain-dance,move,Rain Dance,supported,P01B-S-UPCINDEX;T1,P14,P32,unstarted,pending,../../../tools/pokemon-dungeon/content/systems.json#move-rain-dance,P02-SYS-MOVE-SEMANTICS
move-rapid-spin,move,Rapid Spin,supported,P01B-S-UPCINDEX;T1,P14,P32,unstarted,pending,../../../tools/pokemon-dungeon/content/systems.json#move-rapid-spin,P02-SYS-MOVE-SEMANTICS
move-razor-leaf,move,Razor Leaf,supported,P01B-S-UPCINDEX;T1,P14,P32,unstarted,pending,../../../tools/pokemon-dungeon/content/systems.json#move-razor-leaf,P02-SYS-MOVE-SEMANTICS
move-razor-wind,move,Razor Wind,supported,P01B-S-UPCINDEX;T1,P14,P32,unstarted,pending,../../../tools/pokemon-dungeon/content/systems.json#move-razor-wind,P02-SYS-MOVE-SEMANTICS
move-recover,move,Recover,supported,P01B-S-UPCINDEX;T1,P14,P32,unstarted,pending,../../../tools/pokemon-dungeon/content/systems.json#move-recover,P02-SYS-MOVE-SEMANTICS
move-recycle,move,Recycle,supported,P01B-S-UPCINDEX;T1,P14,P32,unstarted,pending,../../../tools/pokemon-dungeon/content/systems.json#move-recycle,P02-SYS-MOVE-SEMANTICS
move-reflect,move,Reflect,supported,P01B-S-UPCINDEX;T1,P14,P32,unstarted,pending,../../../tools/pokemon-dungeon/content/systems.json#move-reflect,P02-SYS-MOVE-SEMANTICS
move-refresh,move,Refresh,supported,P01B-S-UPCINDEX;T1,P14,P32,unstarted,pending,../../../tools/pokemon-dungeon/content/systems.json#move-refresh,P02-SYS-MOVE-SEMANTICS
move-rest,move,Rest,supported,P01B-S-UPCINDEX;T1,P14,P32,unstarted,pending,../../../tools/pokemon-dungeon/content/systems.json#move-rest,P02-SYS-MOVE-SEMANTICS
move-return,move,Return,supported,P01B-S-UPCINDEX;T1,P14,P32,unstarted,pending,../../../tools/pokemon-dungeon/content/systems.json#move-return,P02-SYS-MOVE-SEMANTICS
move-revenge,move,Revenge,supported,P01B-S-UPCINDEX;T1,P14,P32,unstarted,pending,../../../tools/pokemon-dungeon/content/systems.json#move-revenge,P02-SYS-MOVE-SEMANTICS
move-reversal,move,Reversal,supported,P01B-S-UPCINDEX;T1,P14,P32,unstarted,pending,../../../tools/pokemon-dungeon/content/systems.json#move-reversal,P02-SYS-MOVE-SEMANTICS
move-roar,move,Roar,supported,P01B-S-UPCINDEX;T1,P14,P32,unstarted,pending,../../../tools/pokemon-dungeon/content/systems.json#move-roar,P02-SYS-MOVE-SEMANTICS
move-rock-blast,move,Rock Blast,supported,P01B-S-UPCINDEX;T1,P14,P32,unstarted,pending,../../../tools/pokemon-dungeon/content/systems.json#move-rock-blast,P02-SYS-MOVE-SEMANTICS
move-rock-slide,move,Rock Slide,supported,P01B-S-UPCINDEX;T1,P14,P32,unstarted,pending,../../../tools/pokemon-dungeon/content/systems.json#move-rock-slide,P02-SYS-MOVE-SEMANTICS
move-rock-smash,move,Rock Smash,supported,P01B-S-UPCINDEX;T1,P14,P32,unstarted,pending,../../../tools/pokemon-dungeon/content/systems.json#move-rock-smash,P02-SYS-MOVE-SEMANTICS
move-rock-throw,move,Rock Throw,supported,P01B-S-UPCINDEX;T1,P14,P32,unstarted,pending,../../../tools/pokemon-dungeon/content/systems.json#move-rock-throw,P02-SYS-MOVE-SEMANTICS
move-rock-tomb,move,Rock Tomb,supported,P01B-S-UPCINDEX;T1,P14,P32,unstarted,pending,../../../tools/pokemon-dungeon/content/systems.json#move-rock-tomb,P02-SYS-MOVE-SEMANTICS
move-role-play,move,Role Play,supported,P01B-S-UPCINDEX;T1,P14,P32,unstarted,pending,../../../tools/pokemon-dungeon/content/systems.json#move-role-play,P02-SYS-MOVE-SEMANTICS
move-rolling-kick,move,Rolling Kick,supported,P01B-S-UPCINDEX;T1,P14,P32,unstarted,pending,../../../tools/pokemon-dungeon/content/systems.json#move-rolling-kick,P02-SYS-MOVE-SEMANTICS
move-rollout,move,Rollout,supported,P01B-S-UPCINDEX;T1,P14,P32,unstarted,pending,../../../tools/pokemon-dungeon/content/systems.json#move-rollout,P02-SYS-MOVE-SEMANTICS
move-sacred-fire,move,Sacred Fire,supported,P01B-S-UPCINDEX;T1,P14,P32,unstarted,pending,../../../tools/pokemon-dungeon/content/systems.json#move-sacred-fire,P02-SYS-MOVE-SEMANTICS
move-safeguard,move,Safeguard,supported,P01B-S-UPCINDEX;T1,P14,P32,unstarted,pending,../../../tools/pokemon-dungeon/content/systems.json#move-safeguard,P02-SYS-MOVE-SEMANTICS
move-sand-attack,move,Sand-Attack,supported,P01B-S-UPCINDEX;T1,P14,P32,unstarted,pending,../../../tools/pokemon-dungeon/content/systems.json#move-sand-attack,P02-SYS-MOVE-SEMANTICS
move-sand-tomb,move,Sand Tomb,supported,P01B-S-UPCINDEX;T1,P14,P32,unstarted,pending,../../../tools/pokemon-dungeon/content/systems.json#move-sand-tomb,P02-SYS-MOVE-SEMANTICS
move-sandstorm,move,Sandstorm,supported,P01B-S-UPCINDEX;T1,P14,P32,unstarted,pending,../../../tools/pokemon-dungeon/content/systems.json#move-sandstorm,P02-SYS-MOVE-SEMANTICS
move-scary-face,move,Scary Face,supported,P01B-S-UPCINDEX;T1,P14,P32,unstarted,pending,../../../tools/pokemon-dungeon/content/systems.json#move-scary-face,P02-SYS-MOVE-SEMANTICS
move-scratch,move,Scratch,supported,P01B-S-UPCINDEX;T1,P14,P32,unstarted,pending,../../../tools/pokemon-dungeon/content/systems.json#move-scratch,P02-SYS-MOVE-SEMANTICS
move-screech,move,Screech,supported,P01B-S-UPCINDEX;T1,P14,P32,unstarted,pending,../../../tools/pokemon-dungeon/content/systems.json#move-screech,P02-SYS-MOVE-SEMANTICS
move-secret-power,move,Secret Power,supported,P01B-S-UPCINDEX;T1,P14,P32,unstarted,pending,../../../tools/pokemon-dungeon/content/systems.json#move-secret-power,P02-SYS-MOVE-SEMANTICS
move-seismic-toss,move,Seismic Toss,supported,P01B-S-UPCINDEX;T1,P14,P32,unstarted,pending,../../../tools/pokemon-dungeon/content/systems.json#move-seismic-toss,P02-SYS-MOVE-SEMANTICS
move-self-destruct,move,Selfdestruct,supported,P01B-S-UPCINDEX;T1,P14,P32,unstarted,pending,../../../tools/pokemon-dungeon/content/systems.json#move-self-destruct,P02-SYS-MOVE-SEMANTICS
move-shadow-ball,move,Shadow Ball,supported,P01B-S-UPCINDEX;T1,P14,P32,unstarted,pending,../../../tools/pokemon-dungeon/content/systems.json#move-shadow-ball,P02-SYS-MOVE-SEMANTICS
move-shadow-punch,move,Shadow Punch,supported,P01B-S-UPCINDEX;T1,P14,P32,unstarted,pending,../../../tools/pokemon-dungeon/content/systems.json#move-shadow-punch,P02-SYS-MOVE-SEMANTICS
move-sharpen,move,Sharpen,supported,P01B-S-UPCINDEX;T1,P14,P32,unstarted,pending,../../../tools/pokemon-dungeon/content/systems.json#move-sharpen,P02-SYS-MOVE-SEMANTICS
move-sheer-cold,move,Sheer Cold,supported,P01B-S-UPCINDEX;T1,P14,P32,unstarted,pending,../../../tools/pokemon-dungeon/content/systems.json#move-sheer-cold,P02-SYS-MOVE-SEMANTICS
move-shock-wave,move,Shock Wave,supported,P01B-S-UPCINDEX;T1,P14,P32,unstarted,pending,../../../tools/pokemon-dungeon/content/systems.json#move-shock-wave,P02-SYS-MOVE-SEMANTICS
move-signal-beam,move,Signal Beam,supported,P01B-S-UPCINDEX;T1,P14,P32,unstarted,pending,../../../tools/pokemon-dungeon/content/systems.json#move-signal-beam,P02-SYS-MOVE-SEMANTICS
move-silver-wind,move,Silver Wind,supported,P01B-S-UPCINDEX;T1,P14,P32,unstarted,pending,../../../tools/pokemon-dungeon/content/systems.json#move-silver-wind,P02-SYS-MOVE-SEMANTICS
move-sing,move,Sing,supported,P01B-S-UPCINDEX;T1,P14,P32,unstarted,pending,../../../tools/pokemon-dungeon/content/systems.json#move-sing,P02-SYS-MOVE-SEMANTICS
move-sketch,move,Sketch,supported,P01B-S-UPCINDEX;T1,P14,P32,unstarted,pending,../../../tools/pokemon-dungeon/content/systems.json#move-sketch,P02-SYS-MOVE-SEMANTICS
move-skill-swap,move,Skill Swap,supported,P01B-S-UPCINDEX;T1,P14,P32,unstarted,pending,../../../tools/pokemon-dungeon/content/systems.json#move-skill-swap,P02-SYS-MOVE-SEMANTICS
move-skull-bash,move,Skull Bash,supported,P01B-S-UPCINDEX;T1,P14,P32,unstarted,pending,../../../tools/pokemon-dungeon/content/systems.json#move-skull-bash,P02-SYS-MOVE-SEMANTICS
move-sky-attack,move,Sky Attack,supported,P01B-S-UPCINDEX;T1,P14,P32,unstarted,pending,../../../tools/pokemon-dungeon/content/systems.json#move-sky-attack,P02-SYS-MOVE-SEMANTICS
move-sky-uppercut,move,Sky Uppercut,supported,P01B-S-UPCINDEX;T1,P14,P32,unstarted,pending,../../../tools/pokemon-dungeon/content/systems.json#move-sky-uppercut,P02-SYS-MOVE-SEMANTICS
move-slack-off,move,Slack Off,supported,P01B-S-UPCINDEX;T1,P14,P32,unstarted,pending,../../../tools/pokemon-dungeon/content/systems.json#move-slack-off,P02-SYS-MOVE-SEMANTICS
move-slam,move,Slam,supported,P01B-S-UPCINDEX;T1,P14,P32,unstarted,pending,../../../tools/pokemon-dungeon/content/systems.json#move-slam,P02-SYS-MOVE-SEMANTICS
move-slash,move,Slash,supported,P01B-S-UPCINDEX;T1,P14,P32,unstarted,pending,../../../tools/pokemon-dungeon/content/systems.json#move-slash,P02-SYS-MOVE-SEMANTICS
move-sleep-powder,move,Sleep Powder,supported,P01B-S-UPCINDEX;T1,P14,P32,unstarted,pending,../../../tools/pokemon-dungeon/content/systems.json#move-sleep-powder,P02-SYS-MOVE-SEMANTICS
move-sleep-talk,move,Sleep Talk,supported,P01B-S-UPCINDEX;T1,P14,P32,unstarted,pending,../../../tools/pokemon-dungeon/content/systems.json#move-sleep-talk,P02-SYS-MOVE-SEMANTICS
move-sludge,move,Sludge,supported,P01B-S-UPCINDEX;T1,P14,P32,unstarted,pending,../../../tools/pokemon-dungeon/content/systems.json#move-sludge,P02-SYS-MOVE-SEMANTICS
move-sludge-bomb,move,Sludge Bomb,supported,P01B-S-UPCINDEX;T1,P14,P32,unstarted,pending,../../../tools/pokemon-dungeon/content/systems.json#move-sludge-bomb,P02-SYS-MOVE-SEMANTICS
move-smelling-salts,move,Smellingsalt,supported,P01B-S-UPCINDEX;T1,P14,P32,unstarted,pending,../../../tools/pokemon-dungeon/content/systems.json#move-smelling-salts,P02-SYS-MOVE-SEMANTICS
move-smog,move,Smog,supported,P01B-S-UPCINDEX;T1,P14,P32,unstarted,pending,../../../tools/pokemon-dungeon/content/systems.json#move-smog,P02-SYS-MOVE-SEMANTICS
move-smokescreen,move,Smokescreen,supported,P01B-S-UPCINDEX;T1,P14,P32,unstarted,pending,../../../tools/pokemon-dungeon/content/systems.json#move-smokescreen,P02-SYS-MOVE-SEMANTICS
move-snatch,move,Snatch,supported,P01B-S-UPCINDEX;T1,P14,P32,unstarted,pending,../../../tools/pokemon-dungeon/content/systems.json#move-snatch,P02-SYS-MOVE-SEMANTICS
move-snore,move,Snore,supported,P01B-S-UPCINDEX;T1,P14,P32,unstarted,pending,../../../tools/pokemon-dungeon/content/systems.json#move-snore,P02-SYS-MOVE-SEMANTICS
move-soft-boiled,move,Softboiled,supported,P01B-S-UPCINDEX;T1,P14,P32,unstarted,pending,../../../tools/pokemon-dungeon/content/systems.json#move-soft-boiled,P02-SYS-MOVE-SEMANTICS
move-solar-beam,move,Solarbeam,supported,P01B-S-UPCINDEX;T1,P14,P32,unstarted,pending,../../../tools/pokemon-dungeon/content/systems.json#move-solar-beam,P02-SYS-MOVE-SEMANTICS
move-sonic-boom,move,Sonicboom,supported,P01B-S-UPCINDEX;T1,P14,P32,unstarted,pending,../../../tools/pokemon-dungeon/content/systems.json#move-sonic-boom,P02-SYS-MOVE-SEMANTICS
move-spark,move,Spark,supported,P01B-S-UPCINDEX;T1,P14,P32,unstarted,pending,../../../tools/pokemon-dungeon/content/systems.json#move-spark,P02-SYS-MOVE-SEMANTICS
move-spider-web,move,Spider Web,supported,P01B-S-UPCINDEX;T1,P14,P32,unstarted,pending,../../../tools/pokemon-dungeon/content/systems.json#move-spider-web,P02-SYS-MOVE-SEMANTICS
move-spike-cannon,move,Spike Cannon,supported,P01B-S-UPCINDEX;T1,P14,P32,unstarted,pending,../../../tools/pokemon-dungeon/content/systems.json#move-spike-cannon,P02-SYS-MOVE-SEMANTICS
move-spikes,move,Spikes,supported,P01B-S-UPCINDEX;T1,P14,P32,unstarted,pending,../../../tools/pokemon-dungeon/content/systems.json#move-spikes,P02-SYS-MOVE-SEMANTICS
move-spit-up,move,Spit Up,supported,P01B-S-UPCINDEX;T1,P14,P32,unstarted,pending,../../../tools/pokemon-dungeon/content/systems.json#move-spit-up,P02-SYS-MOVE-SEMANTICS
move-spite,move,Spite,supported,P01B-S-UPCINDEX;T1,P14,P32,unstarted,pending,../../../tools/pokemon-dungeon/content/systems.json#move-spite,P02-SYS-MOVE-SEMANTICS
move-splash,move,Splash,supported,P01B-S-UPCINDEX;T1,P14,P32,unstarted,pending,../../../tools/pokemon-dungeon/content/systems.json#move-splash,P02-SYS-MOVE-SEMANTICS
move-spore,move,Spore,supported,P01B-S-UPCINDEX;T1,P14,P32,unstarted,pending,../../../tools/pokemon-dungeon/content/systems.json#move-spore,P02-SYS-MOVE-SEMANTICS
move-steel-wing,move,Steel Wing,supported,P01B-S-UPCINDEX;T1,P14,P32,unstarted,pending,../../../tools/pokemon-dungeon/content/systems.json#move-steel-wing,P02-SYS-MOVE-SEMANTICS
move-stockpile,move,Stockpile,supported,P01B-S-UPCINDEX;T1,P14,P32,unstarted,pending,../../../tools/pokemon-dungeon/content/systems.json#move-stockpile,P02-SYS-MOVE-SEMANTICS
move-stomp,move,Stomp,supported,P01B-S-UPCINDEX;T1,P14,P32,unstarted,pending,../../../tools/pokemon-dungeon/content/systems.json#move-stomp,P02-SYS-MOVE-SEMANTICS
move-strength,move,Strength,supported,P01B-S-UPCINDEX;T1,P14,P32,unstarted,pending,../../../tools/pokemon-dungeon/content/systems.json#move-strength,P02-SYS-MOVE-SEMANTICS
move-string-shot,move,String Shot,supported,P01B-S-UPCINDEX;T1,P14,P32,unstarted,pending,../../../tools/pokemon-dungeon/content/systems.json#move-string-shot,P02-SYS-MOVE-SEMANTICS
move-struggle,move,Struggle,supported,P01B-S-UPCINDEX;T1,P14,P32,unstarted,pending,../../../tools/pokemon-dungeon/content/systems.json#move-struggle,P02-SYS-MOVE-SEMANTICS
move-stun-spore,move,Stun Spore,supported,P01B-S-UPCINDEX;T1,P14,P32,unstarted,pending,../../../tools/pokemon-dungeon/content/systems.json#move-stun-spore,P02-SYS-MOVE-SEMANTICS
move-submission,move,Submission,supported,P01B-S-UPCINDEX;T1,P14,P32,unstarted,pending,../../../tools/pokemon-dungeon/content/systems.json#move-submission,P02-SYS-MOVE-SEMANTICS
move-substitute,move,Substitute,supported,P01B-S-UPCINDEX;T1,P14,P32,unstarted,pending,../../../tools/pokemon-dungeon/content/systems.json#move-substitute,P02-SYS-MOVE-SEMANTICS
move-sunny-day,move,Sunny Day,supported,P01B-S-UPCINDEX;T1,P14,P32,unstarted,pending,../../../tools/pokemon-dungeon/content/systems.json#move-sunny-day,P02-SYS-MOVE-SEMANTICS
move-super-fang,move,Super Fang,supported,P01B-S-UPCINDEX;T1,P14,P32,unstarted,pending,../../../tools/pokemon-dungeon/content/systems.json#move-super-fang,P02-SYS-MOVE-SEMANTICS
move-superpower,move,Superpower,supported,P01B-S-UPCINDEX;T1,P14,P32,unstarted,pending,../../../tools/pokemon-dungeon/content/systems.json#move-superpower,P02-SYS-MOVE-SEMANTICS
move-supersonic,move,Supersonic,supported,P01B-S-UPCINDEX;T1,P14,P32,unstarted,pending,../../../tools/pokemon-dungeon/content/systems.json#move-supersonic,P02-SYS-MOVE-SEMANTICS
move-surf,move,Surf,supported,P01B-S-UPCINDEX;T1,P14,P32,unstarted,pending,../../../tools/pokemon-dungeon/content/systems.json#move-surf,P02-SYS-MOVE-SEMANTICS
move-swagger,move,Swagger,supported,P01B-S-UPCINDEX;T1,P14,P32,unstarted,pending,../../../tools/pokemon-dungeon/content/systems.json#move-swagger,P02-SYS-MOVE-SEMANTICS
move-swallow,move,Swallow,supported,P01B-S-UPCINDEX;T1,P14,P32,unstarted,pending,../../../tools/pokemon-dungeon/content/systems.json#move-swallow,P02-SYS-MOVE-SEMANTICS
move-sweet-kiss,move,Sweet Kiss,supported,P01B-S-UPCINDEX;T1,P14,P32,unstarted,pending,../../../tools/pokemon-dungeon/content/systems.json#move-sweet-kiss,P02-SYS-MOVE-SEMANTICS
move-sweet-scent,move,Sweet Scent,supported,P01B-S-UPCINDEX;T1,P14,P32,unstarted,pending,../../../tools/pokemon-dungeon/content/systems.json#move-sweet-scent,P02-SYS-MOVE-SEMANTICS
move-swift,move,Swift,supported,P01B-S-UPCINDEX;T1,P14,P32,unstarted,pending,../../../tools/pokemon-dungeon/content/systems.json#move-swift,P02-SYS-MOVE-SEMANTICS
move-swords-dance,move,Swords Dance,supported,P01B-S-UPCINDEX;T1,P14,P32,unstarted,pending,../../../tools/pokemon-dungeon/content/systems.json#move-swords-dance,P02-SYS-MOVE-SEMANTICS
move-synthesis,move,Synthesis,supported,P01B-S-UPCINDEX;T1,P14,P32,unstarted,pending,../../../tools/pokemon-dungeon/content/systems.json#move-synthesis,P02-SYS-MOVE-SEMANTICS
move-tackle,move,Tackle,supported,P01B-S-UPCINDEX;T1;G13,P14,P32,unstarted,pending,../../../tools/pokemon-dungeon/content/systems.json#move-tackle,P02-SYS-MOVE-SEMANTICS
move-tail-glow,move,Tail Glow,supported,P01B-S-UPCINDEX;T1,P14,P32,unstarted,pending,../../../tools/pokemon-dungeon/content/systems.json#move-tail-glow,P02-SYS-MOVE-SEMANTICS
move-tail-whip,move,Tail Whip,supported,P01B-S-UPCINDEX;T1,P14,P32,unstarted,pending,../../../tools/pokemon-dungeon/content/systems.json#move-tail-whip,P02-SYS-MOVE-SEMANTICS
move-take-down,move,Take Down,supported,P01B-S-UPCINDEX;T1,P14,P32,unstarted,pending,../../../tools/pokemon-dungeon/content/systems.json#move-take-down,P02-SYS-MOVE-SEMANTICS
move-taunt,move,Taunt,supported,P01B-S-UPCINDEX;T1,P14,P32,unstarted,pending,../../../tools/pokemon-dungeon/content/systems.json#move-taunt,P02-SYS-MOVE-SEMANTICS
move-teeter-dance,move,Teeter Dance,supported,P01B-S-UPCINDEX;T1,P14,P32,unstarted,pending,../../../tools/pokemon-dungeon/content/systems.json#move-teeter-dance,P02-SYS-MOVE-SEMANTICS
move-teleport,move,Teleport,supported,P01B-S-UPCINDEX;T1,P14,P32,unstarted,pending,../../../tools/pokemon-dungeon/content/systems.json#move-teleport,P02-SYS-MOVE-SEMANTICS
move-thief,move,Thief,supported,P01B-S-UPCINDEX;T1,P14,P32,unstarted,pending,../../../tools/pokemon-dungeon/content/systems.json#move-thief,P02-SYS-MOVE-SEMANTICS
move-thrash,move,Thrash,supported,P01B-S-UPCINDEX;T1,P14,P32,unstarted,pending,../../../tools/pokemon-dungeon/content/systems.json#move-thrash,P02-SYS-MOVE-SEMANTICS
move-thunder,move,Thunder,supported,P01B-S-UPCINDEX;T1,P14,P32,unstarted,pending,../../../tools/pokemon-dungeon/content/systems.json#move-thunder,P02-SYS-MOVE-SEMANTICS
move-thunder-punch,move,Thunderpunch,supported,P01B-S-UPCINDEX;T1,P14,P32,unstarted,pending,../../../tools/pokemon-dungeon/content/systems.json#move-thunder-punch,P02-SYS-MOVE-SEMANTICS
move-thunder-shock,move,Thundershock,supported,P01B-S-UPCINDEX;T1,P14,P32,unstarted,pending,../../../tools/pokemon-dungeon/content/systems.json#move-thunder-shock,P02-SYS-MOVE-SEMANTICS
move-thunder-wave,move,Thunder Wave,supported,P01B-S-UPCINDEX;T1,P14,P32,unstarted,pending,../../../tools/pokemon-dungeon/content/systems.json#move-thunder-wave,P02-SYS-MOVE-SEMANTICS
move-thunderbolt,move,Thunderbolt,supported,P01B-S-UPCINDEX;T1,P14,P32,unstarted,pending,../../../tools/pokemon-dungeon/content/systems.json#move-thunderbolt,P02-SYS-MOVE-SEMANTICS
move-tickle,move,Tickle,supported,P01B-S-UPCINDEX;T1,P14,P32,unstarted,pending,../../../tools/pokemon-dungeon/content/systems.json#move-tickle,P02-SYS-MOVE-SEMANTICS
move-torment,move,Torment,supported,P01B-S-UPCINDEX;T1,P14,P32,unstarted,pending,../../../tools/pokemon-dungeon/content/systems.json#move-torment,P02-SYS-MOVE-SEMANTICS
move-toxic,move,Toxic,supported,P01B-S-UPCINDEX;T1,P14,P32,unstarted,pending,../../../tools/pokemon-dungeon/content/systems.json#move-toxic,P02-SYS-MOVE-SEMANTICS
move-transform,move,Transform,supported,P01B-S-UPCINDEX;T1,P14,P32,unstarted,pending,../../../tools/pokemon-dungeon/content/systems.json#move-transform,P02-SYS-MOVE-SEMANTICS
move-tri-attack,move,Tri Attack,supported,P01B-S-UPCINDEX;T1,P14,P32,unstarted,pending,../../../tools/pokemon-dungeon/content/systems.json#move-tri-attack,P02-SYS-MOVE-SEMANTICS
move-trick,move,Trick,supported,P01B-S-UPCINDEX;T1,P14,P32,unstarted,pending,../../../tools/pokemon-dungeon/content/systems.json#move-trick,P02-SYS-MOVE-SEMANTICS
move-triple-kick,move,Triple Kick,supported,P01B-S-UPCINDEX;T1,P14,P32,unstarted,pending,../../../tools/pokemon-dungeon/content/systems.json#move-triple-kick,P02-SYS-MOVE-SEMANTICS
move-twineedle,move,Twineedle,supported,P01B-S-UPCINDEX;T1,P14,P32,unstarted,pending,../../../tools/pokemon-dungeon/content/systems.json#move-twineedle,P02-SYS-MOVE-SEMANTICS
move-twister,move,Twister,supported,P01B-S-UPCINDEX;T1,P14,P32,unstarted,pending,../../../tools/pokemon-dungeon/content/systems.json#move-twister,P02-SYS-MOVE-SEMANTICS
move-uproar,move,Uproar,supported,P01B-S-UPCINDEX;T1,P14,P32,unstarted,pending,../../../tools/pokemon-dungeon/content/systems.json#move-uproar,P02-SYS-MOVE-SEMANTICS
move-vacuum-cut,move,Vacuum-Cut,supported,G12;P01B-S-UPCINDEX,P14,P32,unstarted,pending,../../../tools/pokemon-dungeon/content/systems.json#move-vacuum-cut,P02-SYS-MOVE-SEMANTICS
move-vice-grip,move,Vicegrip,supported,P01B-S-UPCINDEX;T1,P14,P32,unstarted,pending,../../../tools/pokemon-dungeon/content/systems.json#move-vice-grip,P02-SYS-MOVE-SEMANTICS
move-vine-whip,move,Vine Whip,supported,P01B-S-UPCINDEX;T1,P14,P32,unstarted,pending,../../../tools/pokemon-dungeon/content/systems.json#move-vine-whip,P02-SYS-MOVE-SEMANTICS
move-vital-throw,move,Vital Throw,supported,P01B-S-UPCINDEX;T1,P14,P32,unstarted,pending,../../../tools/pokemon-dungeon/content/systems.json#move-vital-throw,P02-SYS-MOVE-SEMANTICS
move-volt-tackle,move,Volt Tackle,supported,P01B-S-UPCINDEX;T1,P14,P32,unstarted,pending,../../../tools/pokemon-dungeon/content/systems.json#move-volt-tackle,P02-SYS-MOVE-SEMANTICS
move-water-gun,move,Water Gun,supported,P01B-S-UPCINDEX;T1,P14,P32,unstarted,pending,../../../tools/pokemon-dungeon/content/systems.json#move-water-gun,P02-SYS-MOVE-SEMANTICS
move-water-pulse,move,Water Pulse,supported,P01B-S-UPCINDEX;T1,P14,P32,unstarted,pending,../../../tools/pokemon-dungeon/content/systems.json#move-water-pulse,P02-SYS-MOVE-SEMANTICS
move-water-sport,move,Water Sport,supported,P01B-S-UPCINDEX;T1,P14,P32,unstarted,pending,../../../tools/pokemon-dungeon/content/systems.json#move-water-sport,P02-SYS-MOVE-SEMANTICS
move-water-spout,move,Water Spout,supported,P01B-S-UPCINDEX;T1,P14,P32,unstarted,pending,../../../tools/pokemon-dungeon/content/systems.json#move-water-spout,P02-SYS-MOVE-SEMANTICS
move-waterfall,move,Waterfall,supported,P01B-S-UPCINDEX;T1,P14,P32,unstarted,pending,../../../tools/pokemon-dungeon/content/systems.json#move-waterfall,P02-SYS-MOVE-SEMANTICS
move-weather-ball,move,Weather Ball,supported,P01B-S-UPCINDEX;T1,P14,P32,unstarted,pending,../../../tools/pokemon-dungeon/content/systems.json#move-weather-ball,P02-SYS-MOVE-SEMANTICS
move-whirlpool,move,Whirlpool,supported,P01B-S-UPCINDEX;T1,P14,P32,unstarted,pending,../../../tools/pokemon-dungeon/content/systems.json#move-whirlpool,P02-SYS-MOVE-SEMANTICS
move-whirlwind,move,Whirlwind,supported,P01B-S-UPCINDEX;T1,P14,P32,unstarted,pending,../../../tools/pokemon-dungeon/content/systems.json#move-whirlwind,P02-SYS-MOVE-SEMANTICS
move-wide-slash,move,Wide Slash,supported,G11;P01B-S-UPCINDEX,P14,P32,unstarted,pending,../../../tools/pokemon-dungeon/content/systems.json#move-wide-slash,P02-SYS-MOVE-SEMANTICS
move-will-o-wisp,move,Will-O-Wisp,supported,P01B-S-UPCINDEX;T1,P14,P32,unstarted,pending,../../../tools/pokemon-dungeon/content/systems.json#move-will-o-wisp,P02-SYS-MOVE-SEMANTICS
move-wing-attack,move,Wing Attack,supported,P01B-S-UPCINDEX;T1,P14,P32,unstarted,pending,../../../tools/pokemon-dungeon/content/systems.json#move-wing-attack,P02-SYS-MOVE-SEMANTICS
move-wish,move,Wish,supported,P01B-S-UPCINDEX;T1,P14,P32,unstarted,pending,../../../tools/pokemon-dungeon/content/systems.json#move-wish,P02-SYS-MOVE-SEMANTICS
move-withdraw,move,Withdraw,supported,P01B-S-UPCINDEX;T1,P14,P32,unstarted,pending,../../../tools/pokemon-dungeon/content/systems.json#move-withdraw,P02-SYS-MOVE-SEMANTICS
move-wrap,move,Wrap,supported,P01B-S-UPCINDEX;T1,P14,P32,unstarted,pending,../../../tools/pokemon-dungeon/content/systems.json#move-wrap,P02-SYS-MOVE-SEMANTICS
move-yawn,move,Yawn,supported,P01B-S-UPCINDEX;T1,P14,P32,unstarted,pending,../../../tools/pokemon-dungeon/content/systems.json#move-yawn,P02-SYS-MOVE-SEMANTICS
move-zap-cannon,move,Zap Cannon,supported,P01B-S-UPCINDEX;T1,P14,P32,unstarted,pending,../../../tools/pokemon-dungeon/content/systems.json#move-zap-cannon,P02-SYS-MOVE-SEMANTICS
mt-blaze,dungeon,Mt. Blaze,blocked,G2;PLAN-DATA-4;PLAN-CAMPAIGN-4.1;campaign:c3,P24,P32,unstarted,pending,../../../tools/pokemon-dungeon/content/locations.json#mt-blaze,CAMPAIGN-GAP-05-LOCATION-02
mt-blaze-junction,supportLocation,Mt. Blaze / Rock Path junction,blocked,PLAN-CAMPAIGN-4.1;PLAN-CAMPAIGN-6;campaign:c3,P24,P32,unstarted,pending,../../../tools/pokemon-dungeon/content/locations.json#mt-blaze-junction,CAMPAIGN-GAP-02-LOCATION-03
mt-blaze-main,dungeonSegment,Mt. Blaze,blocked,G2;PLAN-DATA-4;PLAN-CAMPAIGN-4.1;campaign:c3,P24,P32,unstarted,pending,../../../tools/pokemon-dungeon/content/locations.json#mt-blaze-main,CAMPAIGN-GAP-02-LOCATION-01
mt-blaze-peak,dungeonSegment,Mt. Blaze Peak,blocked,G2;PLAN-DATA-4;PLAN-CAMPAIGN-4.1;campaign:c3,P24,P32,unstarted,pending,../../../tools/pokemon-dungeon/content/locations.json#mt-blaze-peak,CAMPAIGN-GAP-02-LOCATION-01
mt-blaze-peak-moltres-floor,fixedFloor,Moltres encounter,blocked,G2;PLAN-DATA-4;PLAN-CAMPAIGN-4.1;campaign:c3,P24,P32,unstarted,pending,../../../tools/pokemon-dungeon/content/locations.json#mt-blaze-peak-moltres-floor,CAMPAIGN-GAP-02-LOCATION-04
mt-blaze-rest-stop,restStop,Mt. Blaze midpoint,blocked,G2;PLAN-DATA-4;PLAN-CAMPAIGN-4.1;campaign:c3,P24,P32,unstarted,pending,../../../tools/pokemon-dungeon/content/locations.json#mt-blaze-rest-stop,CAMPAIGN-GAP-02-LOCATION-02
mt-faraway,dungeon,Mt. Faraway,blocked,G2;PLAN-DATA-4;PLAN-CAMPAIGN-5.3;campaign:c9;campaign:c10;campaign:faraway;campaign:main,P29,P32,unstarted,pending,../../../tools/pokemon-dungeon/content/locations.json#mt-faraway,CAMPAIGN-GAP-05-LOCATION-02
mt-faraway-ho-oh-floor,fixedFloor,Ho-Oh encounter,blocked,G2;PLAN-DATA-4;PLAN-CAMPAIGN-5.3;campaign:c9;campaign:c10;campaign:faraway;campaign:main,P29,P32,unstarted,pending,../../../tools/pokemon-dungeon/content/locations.json#mt-faraway-ho-oh-floor,CAMPAIGN-GAP-02-LOCATION-04
mt-freeze,dungeon,Mt. Freeze,blocked,G2;PLAN-DATA-4;PLAN-CAMPAIGN-4.1;campaign:c4;campaign:freeze;campaign:snow_path;PLAN-BLUE-RULES-V1,P24,P32,unstarted,pending,../../../tools/pokemon-dungeon/content/locations.json#mt-freeze,CAMPAIGN-GAP-05-LOCATION-02
mt-freeze-junction,supportLocation,Mt. Freeze / Snow Path junction,blocked,PLAN-CAMPAIGN-4.1;PLAN-CAMPAIGN-6;campaign:snow_path,P24,P32,unstarted,pending,../../../tools/pokemon-dungeon/content/locations.json#mt-freeze-junction,CAMPAIGN-GAP-02-LOCATION-03
mt-freeze-main,dungeonSegment,Mt. Freeze,blocked,G2;PLAN-DATA-4;PLAN-CAMPAIGN-4.1;campaign:c4;campaign:freeze;campaign:snow_path;PLAN-BLUE-RULES-V1,P24,P32,unstarted,pending,../../../tools/pokemon-dungeon/content/locations.json#mt-freeze-main,CAMPAIGN-GAP-02-LOCATION-01
mt-freeze-ninetales-summit,terminalMap,Ninetales summit scene,blocked,G2;PLAN-DATA-4;PLAN-CAMPAIGN-4.1;campaign:c4;campaign:freeze;campaign:snow_path;PLAN-BLUE-RULES-V1;PLAN-BLUE-RULES-V2,P24,P32,unstarted,pending,../../../tools/pokemon-dungeon/content/locations.json#mt-freeze-ninetales-summit,P01-CAMPAIGN-TERMINAL-LABELS
mt-freeze-peak,dungeonSegment,Mt. Freeze Peak,blocked,G2;PLAN-DATA-4;PLAN-CAMPAIGN-4.1;campaign:c4;campaign:freeze;campaign:snow_path;PLAN-BLUE-RULES-V1,P24,P32,unstarted,pending,../../../tools/pokemon-dungeon/content/locations.json#mt-freeze-peak,CAMPAIGN-GAP-02-LOCATION-01
mt-freeze-rest-stop,restStop,Mt. Freeze midpoint,blocked,G2;PLAN-DATA-4;PLAN-CAMPAIGN-4.1;campaign:c4;campaign:freeze;campaign:snow_path;PLAN-BLUE-RULES-V1,P24,P32,unstarted,pending,../../../tools/pokemon-dungeon/content/locations.json#mt-freeze-rest-stop,CAMPAIGN-GAP-02-LOCATION-02
mt-steel,dungeon,Mt. Steel,blocked,G2;PLAN-DATA-4;PLAN-CAMPAIGN-4.1;campaign:c1;campaign:c2,P23,P32,unstarted,pending,../../../tools/pokemon-dungeon/content/locations.json#mt-steel,CAMPAIGN-GAP-05-LOCATION-02
mt-steel-skarmory-floor,fixedFloor,Skarmory encounter,blocked,G2;PLAN-DATA-4;PLAN-CAMPAIGN-4.1;campaign:c1;campaign:c2,P23,P32,unstarted,pending,../../../tools/pokemon-dungeon/content/locations.json#mt-steel-skarmory-floor,CAMPAIGN-GAP-02-LOCATION-04
mt-thunder,dungeon,Mt. Thunder,blocked,G2;PLAN-DATA-4;PLAN-CAMPAIGN-4.1;campaign:c2,P23,P32,unstarted,pending,../../../tools/pokemon-dungeon/content/locations.json#mt-thunder,CAMPAIGN-GAP-05-LOCATION-02
mt-thunder-main,dungeonSegment,Mt. Thunder,blocked,G2;PLAN-DATA-4;PLAN-CAMPAIGN-4.1;campaign:c2,P23,P32,unstarted,pending,../../../tools/pokemon-dungeon/content/locations.json#mt-thunder-main,CAMPAIGN-GAP-02-LOCATION-01
mt-thunder-peak,dungeonSegment,Mt. Thunder Peak,blocked,G2;PLAN-DATA-4;PLAN-CAMPAIGN-4.1;campaign:c2,P23,P32,unstarted,pending,../../../tools/pokemon-dungeon/content/locations.json#mt-thunder-peak,CAMPAIGN-GAP-02-LOCATION-01
mt-thunder-peak-zapdos-floor,fixedFloor,Zapdos encounter,blocked,G2;PLAN-DATA-4;PLAN-CAMPAIGN-4.1;campaign:c2,P23,P32,unstarted,pending,../../../tools/pokemon-dungeon/content/locations.json#mt-thunder-peak-zapdos-floor,CAMPAIGN-GAP-02-LOCATION-04
mt-thunder-rest-stop,restStop,Mt. Thunder midpoint,blocked,G2;PLAN-DATA-4;PLAN-CAMPAIGN-4.1;campaign:c2,P23,P32,unstarted,pending,../../../tools/pokemon-dungeon/content/locations.json#mt-thunder-rest-stop,CAMPAIGN-GAP-02-LOCATION-02
murky-cave,dungeon,Murky Cave,blocked,G2;PLAN-DATA-4;PLAN-CAMPAIGN-5.7;campaign:c11;campaign:wish;campaign:main;campaign:meanies;campaign:murky;PLAN-BLUE-RULES-V1,P30,P32,unstarted,pending,../../../tools/pokemon-dungeon/content/locations.json#murky-cave,CAMPAIGN-GAP-05-LOCATION-02;CAMPAIGN-GAP-03
murky-cave-judgment,terminalMap,Murky Cave judgment scene,blocked,G2;PLAN-DATA-4;PLAN-CAMPAIGN-5.7;campaign:c11;campaign:wish;campaign:main;campaign:meanies;campaign:murky;PLAN-BLUE-RULES-V1;PLAN-BLUE-RULES-V2,P30,P32,unstarted,pending,../../../tools/pokemon-dungeon/content/locations.json#murky-cave-judgment,P01-CAMPAIGN-TERMINAL-LABELS
northern-range,dungeon,Northern Range,blocked,G2;PLAN-DATA-4;PLAN-CAMPAIGN-5.2;campaign:c7,P28,P32,unstarted,pending,../../../tools/pokemon-dungeon/content/locations.json#northern-range,CAMPAIGN-GAP-05-LOCATION-02
northern-range-latios-floor,fixedFloor,Latios encounter,blocked,G2;PLAN-DATA-4;PLAN-CAMPAIGN-5.2;campaign:c7,P28,P32,unstarted,pending,../../../tools/pokemon-dungeon/content/locations.json#northern-range-latios-floor,CAMPAIGN-GAP-02-LOCATION-04
northwind-field,dungeon,Northwind Field,blocked,G2;PLAN-DATA-4;PLAN-CAMPAIGN-5.3;campaign:c9;campaign:c10;campaign:faraway;campaign:main,P29,P32,unstarted,pending,../../../tools/pokemon-dungeon/content/locations.json#northwind-field,CAMPAIGN-GAP-05-LOCATION-02
northwind-field-suicune-floor,fixedFloor,Suicune encounter,blocked,G2;PLAN-DATA-4;PLAN-CAMPAIGN-5.3;campaign:c9;campaign:c10;campaign:faraway;campaign:main,P29,P32,unstarted,pending,../../../tools/pokemon-dungeon/content/locations.json#northwind-field-suicune-floor,CAMPAIGN-GAP-02-LOCATION-04
oddity-cave,dungeon,Oddity Cave,blocked,G2;PLAN-DATA-4;PLAN-CAMPAIGN-6;campaign:oddity_cave,P31,P32,unstarted,pending,../../../tools/pokemon-dungeon/content/locations.json#oddity-cave,CAMPAIGN-GAP-05-LOCATION-02;P02-LOC-EVENT-ACCESS
pelipper-post-office,supportLocation,Pelipper Post Office,blocked,PLAN-DATA-4;PLAN-CAMPAIGN-7.2;campaign:c1,P20,P32,unstarted,pending,../../../tools/pokemon-dungeon/content/locations.json#pelipper-post-office,P02-LOC-SUPPORT-MAPS
pitfall-valley,dungeon,Pitfall Valley,blocked,G2;PLAN-DATA-4;PLAN-CAMPAIGN-5.2;campaign:c7;PLAN-BLUE-RULES-V1;PLAN-BLUE-RULES-V2,P28,P32,unstarted,pending,../../../tools/pokemon-dungeon/content/locations.json#pitfall-valley,CAMPAIGN-GAP-05-LOCATION-02;P01-CAMPAIGN-PITFALL-SCENE-LOCATION-01
pitfall-valley-latias-rescue,terminalMap,Latias rescue scene,blocked,G2;PLAN-DATA-4;PLAN-CAMPAIGN-5.2;campaign:c7;PLAN-BLUE-RULES-V1;PLAN-BLUE-RULES-V2,P28,P32,unstarted,pending,../../../tools/pokemon-dungeon/content/locations.json#pitfall-valley-latias-rescue,P01-CAMPAIGN-PITFALL-SCENE-LOCATION-02
pokemon-001,species,Bulbasaur,supported,G1;T1,P17,P32,unstarted,pending,../../../tools/pokemon-dungeon/content/species.json#pokemon-001,DATA-01;DATA-02;DATA-04;DATA-05;DATA-06;DATA-07;P02-SPECIES-CROSSWALK
pokemon-002,species,Ivysaur,supported,G1;T1,P17,P32,unstarted,pending,../../../tools/pokemon-dungeon/content/species.json#pokemon-002,DATA-01;DATA-02;DATA-04;DATA-05;DATA-06;DATA-07;P02-SPECIES-CROSSWALK
pokemon-003,species,Venusaur,supported,G1;T1,P17,P32,unstarted,pending,../../../tools/pokemon-dungeon/content/species.json#pokemon-003,DATA-01;DATA-02;DATA-04;DATA-05;DATA-06;DATA-07;P02-SPECIES-CROSSWALK
pokemon-004,species,Charmander,supported,G1;T1,P17,P32,unstarted,pending,../../../tools/pokemon-dungeon/content/species.json#pokemon-004,DATA-01;DATA-02;DATA-04;DATA-05;DATA-06;DATA-07;P02-SPECIES-CROSSWALK
pokemon-005,species,Charmeleon,supported,G1;T1,P17,P32,unstarted,pending,../../../tools/pokemon-dungeon/content/species.json#pokemon-005,DATA-01;DATA-02;DATA-04;DATA-05;DATA-06;DATA-07;P02-SPECIES-CROSSWALK
pokemon-006,species,Charizard,supported,G1;T1,P17,P32,unstarted,pending,../../../tools/pokemon-dungeon/content/species.json#pokemon-006,DATA-01;DATA-02;DATA-04;DATA-05;DATA-06;DATA-07;P02-SPECIES-CROSSWALK
pokemon-007,species,Squirtle,supported,G1;T1,P17,P32,unstarted,pending,../../../tools/pokemon-dungeon/content/species.json#pokemon-007,DATA-01;DATA-02;DATA-04;DATA-05;DATA-06;DATA-07;P02-SPECIES-CROSSWALK
pokemon-008,species,Wartortle,supported,G1;T1,P17,P32,unstarted,pending,../../../tools/pokemon-dungeon/content/species.json#pokemon-008,DATA-01;DATA-02;DATA-04;DATA-05;DATA-06;DATA-07;P02-SPECIES-CROSSWALK
pokemon-009,species,Blastoise,supported,G1;T1,P17,P32,unstarted,pending,../../../tools/pokemon-dungeon/content/species.json#pokemon-009,DATA-01;DATA-02;DATA-04;DATA-05;DATA-06;DATA-07;P02-SPECIES-CROSSWALK
pokemon-010,species,Caterpie,supported,G1;T1,P17,P32,unstarted,pending,../../../tools/pokemon-dungeon/content/species.json#pokemon-010,DATA-01;DATA-02;DATA-04;DATA-05;DATA-06;DATA-07;P02-SPECIES-CROSSWALK
pokemon-011,species,Metapod,supported,G1;T1,P17,P32,unstarted,pending,../../../tools/pokemon-dungeon/content/species.json#pokemon-011,DATA-01;DATA-02;DATA-04;DATA-05;DATA-06;DATA-07;P02-SPECIES-CROSSWALK
pokemon-012,species,Butterfree,supported,G1;T1,P17,P32,unstarted,pending,../../../tools/pokemon-dungeon/content/species.json#pokemon-012,DATA-01;DATA-02;DATA-04;DATA-05;DATA-06;DATA-07;P02-SPECIES-CROSSWALK
pokemon-013,species,Weedle,supported,G1;T1,P17,P32,unstarted,pending,../../../tools/pokemon-dungeon/content/species.json#pokemon-013,DATA-01;DATA-02;DATA-04;DATA-05;DATA-06;DATA-07;P02-SPECIES-CROSSWALK
pokemon-014,species,Kakuna,supported,G1;T1,P17,P32,unstarted,pending,../../../tools/pokemon-dungeon/content/species.json#pokemon-014,DATA-01;DATA-02;DATA-04;DATA-05;DATA-06;DATA-07;P02-SPECIES-CROSSWALK
pokemon-015,species,Beedrill,supported,G1;T1,P17,P32,unstarted,pending,../../../tools/pokemon-dungeon/content/species.json#pokemon-015,DATA-01;DATA-02;DATA-04;DATA-05;DATA-06;DATA-07;P02-SPECIES-CROSSWALK
pokemon-016,species,Pidgey,supported,G1;T1,P17,P32,unstarted,pending,../../../tools/pokemon-dungeon/content/species.json#pokemon-016,DATA-01;DATA-02;DATA-04;DATA-05;DATA-06;DATA-07;P02-SPECIES-CROSSWALK
pokemon-017,species,Pidgeotto,supported,G1;T1,P17,P32,unstarted,pending,../../../tools/pokemon-dungeon/content/species.json#pokemon-017,DATA-01;DATA-02;DATA-04;DATA-05;DATA-06;DATA-07;P02-SPECIES-CROSSWALK
pokemon-018,species,Pidgeot,supported,G1;T1,P17,P32,unstarted,pending,../../../tools/pokemon-dungeon/content/species.json#pokemon-018,DATA-01;DATA-02;DATA-04;DATA-05;DATA-06;DATA-07;P02-SPECIES-CROSSWALK
pokemon-019,species,Rattata,supported,G1;T1,P17,P32,unstarted,pending,../../../tools/pokemon-dungeon/content/species.json#pokemon-019,DATA-01;DATA-02;DATA-04;DATA-05;DATA-06;DATA-07;P02-SPECIES-CROSSWALK
pokemon-020,species,Raticate,supported,G1;T1,P17,P32,unstarted,pending,../../../tools/pokemon-dungeon/content/species.json#pokemon-020,DATA-01;DATA-02;DATA-04;DATA-05;DATA-06;DATA-07;P02-SPECIES-CROSSWALK
pokemon-021,species,Spearow,supported,G1;T1,P17,P32,unstarted,pending,../../../tools/pokemon-dungeon/content/species.json#pokemon-021,DATA-01;DATA-02;DATA-04;DATA-05;DATA-06;DATA-07;P02-SPECIES-CROSSWALK
pokemon-022,species,Fearow,supported,G1;T1,P17,P32,unstarted,pending,../../../tools/pokemon-dungeon/content/species.json#pokemon-022,DATA-01;DATA-02;DATA-04;DATA-05;DATA-06;DATA-07;P02-SPECIES-CROSSWALK
pokemon-023,species,Ekans,supported,G1;T1,P17,P32,unstarted,pending,../../../tools/pokemon-dungeon/content/species.json#pokemon-023,DATA-01;DATA-02;DATA-04;DATA-05;DATA-06;DATA-07;P02-SPECIES-CROSSWALK
pokemon-024,species,Arbok,supported,G1;T1,P17,P32,unstarted,pending,../../../tools/pokemon-dungeon/content/species.json#pokemon-024,DATA-01;DATA-02;DATA-04;DATA-05;DATA-06;DATA-07;P02-SPECIES-CROSSWALK
pokemon-025,species,Pikachu,supported,G1;T1,P17,P32,unstarted,pending,../../../tools/pokemon-dungeon/content/species.json#pokemon-025,DATA-01;DATA-02;DATA-04;DATA-05;DATA-06;DATA-07;P02-SPECIES-CROSSWALK
pokemon-026,species,Raichu,supported,G1;T1,P17,P32,unstarted,pending,../../../tools/pokemon-dungeon/content/species.json#pokemon-026,DATA-01;DATA-02;DATA-04;DATA-05;DATA-06;DATA-07;P02-SPECIES-CROSSWALK
pokemon-027,species,Sandshrew,supported,G1;T1,P17,P32,unstarted,pending,../../../tools/pokemon-dungeon/content/species.json#pokemon-027,DATA-01;DATA-02;DATA-04;DATA-05;DATA-06;DATA-07;P02-SPECIES-CROSSWALK
pokemon-028,species,Sandslash,supported,G1;T1,P17,P32,unstarted,pending,../../../tools/pokemon-dungeon/content/species.json#pokemon-028,DATA-01;DATA-02;DATA-04;DATA-05;DATA-06;DATA-07;P02-SPECIES-CROSSWALK
pokemon-029,species,Nidoran♀,supported,G1;T1,P17,P32,unstarted,pending,../../../tools/pokemon-dungeon/content/species.json#pokemon-029,DATA-01;DATA-02;DATA-04;DATA-05;DATA-06;DATA-07;P02-SPECIES-CROSSWALK
pokemon-030,species,Nidorina,supported,G1;T1,P17,P32,unstarted,pending,../../../tools/pokemon-dungeon/content/species.json#pokemon-030,DATA-01;DATA-02;DATA-04;DATA-05;DATA-06;DATA-07;P02-SPECIES-CROSSWALK
pokemon-031,species,Nidoqueen,supported,G1;T1,P17,P32,unstarted,pending,../../../tools/pokemon-dungeon/content/species.json#pokemon-031,DATA-01;DATA-02;DATA-04;DATA-05;DATA-06;DATA-07;P02-SPECIES-CROSSWALK
pokemon-032,species,Nidoran♂,supported,G1;T1,P17,P32,unstarted,pending,../../../tools/pokemon-dungeon/content/species.json#pokemon-032,DATA-01;DATA-02;DATA-04;DATA-05;DATA-06;DATA-07;P02-SPECIES-CROSSWALK
pokemon-033,species,Nidorino,supported,G1;T1,P17,P32,unstarted,pending,../../../tools/pokemon-dungeon/content/species.json#pokemon-033,DATA-01;DATA-02;DATA-04;DATA-05;DATA-06;DATA-07;P02-SPECIES-CROSSWALK
pokemon-034,species,Nidoking,supported,G1;T1,P17,P32,unstarted,pending,../../../tools/pokemon-dungeon/content/species.json#pokemon-034,DATA-01;DATA-02;DATA-04;DATA-05;DATA-06;DATA-07;P02-SPECIES-CROSSWALK
pokemon-035,species,Clefairy,supported,G1;T1,P17,P32,unstarted,pending,../../../tools/pokemon-dungeon/content/species.json#pokemon-035,DATA-01;DATA-02;DATA-04;DATA-05;DATA-06;DATA-07;P02-SPECIES-CROSSWALK
pokemon-036,species,Clefable,supported,G1;T1,P17,P32,unstarted,pending,../../../tools/pokemon-dungeon/content/species.json#pokemon-036,DATA-01;DATA-02;DATA-04;DATA-05;DATA-06;DATA-07;P02-SPECIES-CROSSWALK
pokemon-037,species,Vulpix,supported,G1;T1,P17,P32,unstarted,pending,../../../tools/pokemon-dungeon/content/species.json#pokemon-037,DATA-01;DATA-02;DATA-04;DATA-05;DATA-06;DATA-07;P02-SPECIES-CROSSWALK
pokemon-038,species,Ninetales,supported,G1;T1,P17,P32,unstarted,pending,../../../tools/pokemon-dungeon/content/species.json#pokemon-038,DATA-01;DATA-02;DATA-04;DATA-05;DATA-06;DATA-07;P02-SPECIES-CROSSWALK
pokemon-039,species,Jigglypuff,supported,G1;T1,P17,P32,unstarted,pending,../../../tools/pokemon-dungeon/content/species.json#pokemon-039,DATA-01;DATA-02;DATA-04;DATA-05;DATA-06;DATA-07;P02-SPECIES-CROSSWALK
pokemon-040,species,Wigglytuff,supported,G1;T1,P17,P32,unstarted,pending,../../../tools/pokemon-dungeon/content/species.json#pokemon-040,DATA-01;DATA-02;DATA-04;DATA-05;DATA-06;DATA-07;P02-SPECIES-CROSSWALK
pokemon-041,species,Zubat,supported,G1;T1,P17,P32,unstarted,pending,../../../tools/pokemon-dungeon/content/species.json#pokemon-041,DATA-01;DATA-02;DATA-04;DATA-05;DATA-06;DATA-07;P02-SPECIES-CROSSWALK
pokemon-042,species,Golbat,supported,G1;T1,P17,P32,unstarted,pending,../../../tools/pokemon-dungeon/content/species.json#pokemon-042,DATA-01;DATA-02;DATA-04;DATA-05;DATA-06;DATA-07;P02-SPECIES-CROSSWALK
pokemon-043,species,Oddish,supported,G1;T1,P17,P32,unstarted,pending,../../../tools/pokemon-dungeon/content/species.json#pokemon-043,DATA-01;DATA-02;DATA-04;DATA-05;DATA-06;DATA-07;P02-SPECIES-CROSSWALK
pokemon-044,species,Gloom,supported,G1;T1,P17,P32,unstarted,pending,../../../tools/pokemon-dungeon/content/species.json#pokemon-044,DATA-01;DATA-02;DATA-04;DATA-05;DATA-06;DATA-07;P02-SPECIES-CROSSWALK
pokemon-045,species,Vileplume,supported,G1;T1,P17,P32,unstarted,pending,../../../tools/pokemon-dungeon/content/species.json#pokemon-045,DATA-01;DATA-02;DATA-04;DATA-05;DATA-06;DATA-07;P02-SPECIES-CROSSWALK
pokemon-046,species,Paras,supported,G1;T1,P17,P32,unstarted,pending,../../../tools/pokemon-dungeon/content/species.json#pokemon-046,DATA-01;DATA-02;DATA-04;DATA-05;DATA-06;DATA-07;P02-SPECIES-CROSSWALK
pokemon-047,species,Parasect,supported,G1;T1,P17,P32,unstarted,pending,../../../tools/pokemon-dungeon/content/species.json#pokemon-047,DATA-01;DATA-02;DATA-04;DATA-05;DATA-06;DATA-07;P02-SPECIES-CROSSWALK
pokemon-048,species,Venonat,supported,G1;T1,P17,P32,unstarted,pending,../../../tools/pokemon-dungeon/content/species.json#pokemon-048,DATA-01;DATA-02;DATA-04;DATA-05;DATA-06;DATA-07;P02-SPECIES-CROSSWALK
pokemon-049,species,Venomoth,supported,G1;T1,P17,P32,unstarted,pending,../../../tools/pokemon-dungeon/content/species.json#pokemon-049,DATA-01;DATA-02;DATA-04;DATA-05;DATA-06;DATA-07;P02-SPECIES-CROSSWALK
pokemon-050,species,Diglett,supported,G1;T1,P17,P32,unstarted,pending,../../../tools/pokemon-dungeon/content/species.json#pokemon-050,DATA-01;DATA-02;DATA-04;DATA-05;DATA-06;DATA-07;P02-SPECIES-CROSSWALK
pokemon-051,species,Dugtrio,supported,G1;T1,P17,P32,unstarted,pending,../../../tools/pokemon-dungeon/content/species.json#pokemon-051,DATA-01;DATA-02;DATA-04;DATA-05;DATA-06;DATA-07;P02-SPECIES-CROSSWALK
pokemon-052,species,Meowth,supported,G1;T1,P17,P32,unstarted,pending,../../../tools/pokemon-dungeon/content/species.json#pokemon-052,DATA-01;DATA-02;DATA-04;DATA-05;DATA-06;DATA-07;P02-SPECIES-CROSSWALK
pokemon-053,species,Persian,supported,G1;T1,P17,P32,unstarted,pending,../../../tools/pokemon-dungeon/content/species.json#pokemon-053,DATA-01;DATA-02;DATA-04;DATA-05;DATA-06;DATA-07;P02-SPECIES-CROSSWALK
pokemon-054,species,Psyduck,supported,G1;T1,P17,P32,unstarted,pending,../../../tools/pokemon-dungeon/content/species.json#pokemon-054,DATA-01;DATA-02;DATA-04;DATA-05;DATA-06;DATA-07;P02-SPECIES-CROSSWALK
pokemon-055,species,Golduck,supported,G1;T1,P17,P32,unstarted,pending,../../../tools/pokemon-dungeon/content/species.json#pokemon-055,DATA-01;DATA-02;DATA-04;DATA-05;DATA-06;DATA-07;P02-SPECIES-CROSSWALK
pokemon-056,species,Mankey,supported,G1;T1,P17,P32,unstarted,pending,../../../tools/pokemon-dungeon/content/species.json#pokemon-056,DATA-01;DATA-02;DATA-04;DATA-05;DATA-06;DATA-07;P02-SPECIES-CROSSWALK
pokemon-057,species,Primeape,supported,G1;T1,P17,P32,unstarted,pending,../../../tools/pokemon-dungeon/content/species.json#pokemon-057,DATA-01;DATA-02;DATA-04;DATA-05;DATA-06;DATA-07;P02-SPECIES-CROSSWALK
pokemon-058,species,Growlithe,supported,G1;T1,P17,P32,unstarted,pending,../../../tools/pokemon-dungeon/content/species.json#pokemon-058,DATA-01;DATA-02;DATA-04;DATA-05;DATA-06;DATA-07;P02-SPECIES-CROSSWALK
pokemon-059,species,Arcanine,supported,G1;T1,P17,P32,unstarted,pending,../../../tools/pokemon-dungeon/content/species.json#pokemon-059,DATA-01;DATA-02;DATA-04;DATA-05;DATA-06;DATA-07;P02-SPECIES-CROSSWALK
pokemon-060,species,Poliwag,supported,G1;T1,P17,P32,unstarted,pending,../../../tools/pokemon-dungeon/content/species.json#pokemon-060,DATA-01;DATA-02;DATA-04;DATA-05;DATA-06;DATA-07;P02-SPECIES-CROSSWALK
pokemon-061,species,Poliwhirl,supported,G1;T1,P17,P32,unstarted,pending,../../../tools/pokemon-dungeon/content/species.json#pokemon-061,DATA-01;DATA-02;DATA-04;DATA-05;DATA-06;DATA-07;P02-SPECIES-CROSSWALK
pokemon-062,species,Poliwrath,supported,G1;T1,P17,P32,unstarted,pending,../../../tools/pokemon-dungeon/content/species.json#pokemon-062,DATA-01;DATA-02;DATA-04;DATA-05;DATA-06;DATA-07;P02-SPECIES-CROSSWALK
pokemon-063,species,Abra,supported,G1;T1,P17,P32,unstarted,pending,../../../tools/pokemon-dungeon/content/species.json#pokemon-063,DATA-01;DATA-02;DATA-04;DATA-05;DATA-06;DATA-07;P02-SPECIES-CROSSWALK
pokemon-064,species,Kadabra,supported,G1;T1,P17,P32,unstarted,pending,../../../tools/pokemon-dungeon/content/species.json#pokemon-064,DATA-01;DATA-02;DATA-04;DATA-05;DATA-06;DATA-07;P02-SPECIES-CROSSWALK
pokemon-065,species,Alakazam,supported,G1;T1,P17,P32,unstarted,pending,../../../tools/pokemon-dungeon/content/species.json#pokemon-065,DATA-01;DATA-02;DATA-04;DATA-05;DATA-06;DATA-07;P02-SPECIES-CROSSWALK
pokemon-066,species,Machop,supported,G1;T1,P17,P32,unstarted,pending,../../../tools/pokemon-dungeon/content/species.json#pokemon-066,DATA-01;DATA-02;DATA-04;DATA-05;DATA-06;DATA-07;P02-SPECIES-CROSSWALK
pokemon-067,species,Machoke,supported,G1;T1,P17,P32,unstarted,pending,../../../tools/pokemon-dungeon/content/species.json#pokemon-067,DATA-01;DATA-02;DATA-04;DATA-05;DATA-06;DATA-07;P02-SPECIES-CROSSWALK
pokemon-068,species,Machamp,supported,G1;T1,P17,P32,unstarted,pending,../../../tools/pokemon-dungeon/content/species.json#pokemon-068,DATA-01;DATA-02;DATA-04;DATA-05;DATA-06;DATA-07;P02-SPECIES-CROSSWALK
pokemon-069,species,Bellsprout,supported,G1;T1,P17,P32,unstarted,pending,../../../tools/pokemon-dungeon/content/species.json#pokemon-069,DATA-01;DATA-02;DATA-04;DATA-05;DATA-06;DATA-07;P02-SPECIES-CROSSWALK
pokemon-070,species,Weepinbell,supported,G1;T1,P17,P32,unstarted,pending,../../../tools/pokemon-dungeon/content/species.json#pokemon-070,DATA-01;DATA-02;DATA-04;DATA-05;DATA-06;DATA-07;P02-SPECIES-CROSSWALK
pokemon-071,species,Victreebel,supported,G1;T1,P17,P32,unstarted,pending,../../../tools/pokemon-dungeon/content/species.json#pokemon-071,DATA-01;DATA-02;DATA-04;DATA-05;DATA-06;DATA-07;P02-SPECIES-CROSSWALK
pokemon-072,species,Tentacool,supported,G1;T1,P17,P32,unstarted,pending,../../../tools/pokemon-dungeon/content/species.json#pokemon-072,DATA-01;DATA-02;DATA-04;DATA-05;DATA-06;DATA-07;P02-SPECIES-CROSSWALK
pokemon-073,species,Tentacruel,supported,G1;T1,P17,P32,unstarted,pending,../../../tools/pokemon-dungeon/content/species.json#pokemon-073,DATA-01;DATA-02;DATA-04;DATA-05;DATA-06;DATA-07;P02-SPECIES-CROSSWALK
pokemon-074,species,Geodude,supported,G1;T1,P17,P32,unstarted,pending,../../../tools/pokemon-dungeon/content/species.json#pokemon-074,DATA-01;DATA-02;DATA-04;DATA-05;DATA-06;DATA-07;P02-SPECIES-CROSSWALK
pokemon-075,species,Graveler,supported,G1;T1,P17,P32,unstarted,pending,../../../tools/pokemon-dungeon/content/species.json#pokemon-075,DATA-01;DATA-02;DATA-04;DATA-05;DATA-06;DATA-07;P02-SPECIES-CROSSWALK
pokemon-076,species,Golem,supported,G1;T1,P17,P32,unstarted,pending,../../../tools/pokemon-dungeon/content/species.json#pokemon-076,DATA-01;DATA-02;DATA-04;DATA-05;DATA-06;DATA-07;P02-SPECIES-CROSSWALK
pokemon-077,species,Ponyta,supported,G1;T1,P17,P32,unstarted,pending,../../../tools/pokemon-dungeon/content/species.json#pokemon-077,DATA-01;DATA-02;DATA-04;DATA-05;DATA-06;DATA-07;P02-SPECIES-CROSSWALK
pokemon-078,species,Rapidash,supported,G1;T1,P17,P32,unstarted,pending,../../../tools/pokemon-dungeon/content/species.json#pokemon-078,DATA-01;DATA-02;DATA-04;DATA-05;DATA-06;DATA-07;P02-SPECIES-CROSSWALK
pokemon-079,species,Slowpoke,supported,G1;T1,P17,P32,unstarted,pending,../../../tools/pokemon-dungeon/content/species.json#pokemon-079,DATA-01;DATA-02;DATA-04;DATA-05;DATA-06;DATA-07;P02-SPECIES-CROSSWALK
pokemon-080,species,Slowbro,supported,G1;T1,P17,P32,unstarted,pending,../../../tools/pokemon-dungeon/content/species.json#pokemon-080,DATA-01;DATA-02;DATA-04;DATA-05;DATA-06;DATA-07;P02-SPECIES-CROSSWALK
pokemon-081,species,Magnemite,supported,G1;T1,P17,P32,unstarted,pending,../../../tools/pokemon-dungeon/content/species.json#pokemon-081,DATA-01;DATA-02;DATA-04;DATA-05;DATA-06;DATA-07;P02-SPECIES-CROSSWALK
pokemon-082,species,Magneton,supported,G1;T1,P17,P32,unstarted,pending,../../../tools/pokemon-dungeon/content/species.json#pokemon-082,DATA-01;DATA-02;DATA-04;DATA-05;DATA-06;DATA-07;P02-SPECIES-CROSSWALK
pokemon-083,species,Farfetch'd,supported,G1;T1,P17,P32,unstarted,pending,../../../tools/pokemon-dungeon/content/species.json#pokemon-083,DATA-01;DATA-02;DATA-04;DATA-05;DATA-06;DATA-07;P02-SPECIES-CROSSWALK
pokemon-084,species,Doduo,supported,G1;T1,P17,P32,unstarted,pending,../../../tools/pokemon-dungeon/content/species.json#pokemon-084,DATA-01;DATA-02;DATA-04;DATA-05;DATA-06;DATA-07;P02-SPECIES-CROSSWALK
pokemon-085,species,Dodrio,supported,G1;T1,P17,P32,unstarted,pending,../../../tools/pokemon-dungeon/content/species.json#pokemon-085,DATA-01;DATA-02;DATA-04;DATA-05;DATA-06;DATA-07;P02-SPECIES-CROSSWALK
pokemon-086,species,Seel,supported,G1;T1,P17,P32,unstarted,pending,../../../tools/pokemon-dungeon/content/species.json#pokemon-086,DATA-01;DATA-02;DATA-04;DATA-05;DATA-06;DATA-07;P02-SPECIES-CROSSWALK
pokemon-087,species,Dewgong,supported,G1;T1,P17,P32,unstarted,pending,../../../tools/pokemon-dungeon/content/species.json#pokemon-087,DATA-01;DATA-02;DATA-04;DATA-05;DATA-06;DATA-07;P02-SPECIES-CROSSWALK
pokemon-088,species,Grimer,supported,G1;T1,P17,P32,unstarted,pending,../../../tools/pokemon-dungeon/content/species.json#pokemon-088,DATA-01;DATA-02;DATA-04;DATA-05;DATA-06;DATA-07;P02-SPECIES-CROSSWALK
pokemon-089,species,Muk,supported,G1;T1,P17,P32,unstarted,pending,../../../tools/pokemon-dungeon/content/species.json#pokemon-089,DATA-01;DATA-02;DATA-04;DATA-05;DATA-06;DATA-07;P02-SPECIES-CROSSWALK
pokemon-090,species,Shellder,supported,G1;T1,P17,P32,unstarted,pending,../../../tools/pokemon-dungeon/content/species.json#pokemon-090,DATA-01;DATA-02;DATA-04;DATA-05;DATA-06;DATA-07;P02-SPECIES-CROSSWALK
pokemon-091,species,Cloyster,supported,G1;T1,P17,P32,unstarted,pending,../../../tools/pokemon-dungeon/content/species.json#pokemon-091,DATA-01;DATA-02;DATA-04;DATA-05;DATA-06;DATA-07;P02-SPECIES-CROSSWALK
pokemon-092,species,Gastly,supported,G1;T1,P17,P32,unstarted,pending,../../../tools/pokemon-dungeon/content/species.json#pokemon-092,DATA-01;DATA-02;DATA-04;DATA-05;DATA-06;DATA-07;P02-SPECIES-CROSSWALK
pokemon-093,species,Haunter,supported,G1;T1,P17,P32,unstarted,pending,../../../tools/pokemon-dungeon/content/species.json#pokemon-093,DATA-01;DATA-02;DATA-04;DATA-05;DATA-06;DATA-07;P02-SPECIES-CROSSWALK
pokemon-094,species,Gengar,supported,G1;T1,P17,P32,unstarted,pending,../../../tools/pokemon-dungeon/content/species.json#pokemon-094,DATA-01;DATA-02;DATA-04;DATA-05;DATA-06;DATA-07;P02-SPECIES-CROSSWALK
pokemon-095,species,Onix,supported,G1;T1,P17,P32,unstarted,pending,../../../tools/pokemon-dungeon/content/species.json#pokemon-095,DATA-01;DATA-02;DATA-04;DATA-05;DATA-06;DATA-07;P02-SPECIES-CROSSWALK
pokemon-096,species,Drowzee,supported,G1;T1,P17,P32,unstarted,pending,../../../tools/pokemon-dungeon/content/species.json#pokemon-096,DATA-01;DATA-02;DATA-04;DATA-05;DATA-06;DATA-07;P02-SPECIES-CROSSWALK
pokemon-097,species,Hypno,supported,G1;T1,P17,P32,unstarted,pending,../../../tools/pokemon-dungeon/content/species.json#pokemon-097,DATA-01;DATA-02;DATA-04;DATA-05;DATA-06;DATA-07;P02-SPECIES-CROSSWALK
pokemon-098,species,Krabby,supported,G1;T1,P17,P32,unstarted,pending,../../../tools/pokemon-dungeon/content/species.json#pokemon-098,DATA-01;DATA-02;DATA-04;DATA-05;DATA-06;DATA-07;P02-SPECIES-CROSSWALK
pokemon-099,species,Kingler,supported,G1;T1,P17,P32,unstarted,pending,../../../tools/pokemon-dungeon/content/species.json#pokemon-099,DATA-01;DATA-02;DATA-04;DATA-05;DATA-06;DATA-07;P02-SPECIES-CROSSWALK
pokemon-100,species,Voltorb,supported,G1;T1,P17,P32,unstarted,pending,../../../tools/pokemon-dungeon/content/species.json#pokemon-100,DATA-01;DATA-02;DATA-04;DATA-05;DATA-06;DATA-07;P02-SPECIES-CROSSWALK
pokemon-101,species,Electrode,supported,G1;T1,P17,P32,unstarted,pending,../../../tools/pokemon-dungeon/content/species.json#pokemon-101,DATA-01;DATA-02;DATA-04;DATA-05;DATA-06;DATA-07;P02-SPECIES-CROSSWALK
pokemon-102,species,Exeggcute,supported,G1;T1,P17,P32,unstarted,pending,../../../tools/pokemon-dungeon/content/species.json#pokemon-102,DATA-01;DATA-02;DATA-04;DATA-05;DATA-06;DATA-07;P02-SPECIES-CROSSWALK
pokemon-103,species,Exeggutor,supported,G1;T1,P17,P32,unstarted,pending,../../../tools/pokemon-dungeon/content/species.json#pokemon-103,DATA-01;DATA-02;DATA-04;DATA-05;DATA-06;DATA-07;P02-SPECIES-CROSSWALK
pokemon-104,species,Cubone,supported,G1;T1,P17,P32,unstarted,pending,../../../tools/pokemon-dungeon/content/species.json#pokemon-104,DATA-01;DATA-02;DATA-04;DATA-05;DATA-06;DATA-07;P02-SPECIES-CROSSWALK
pokemon-105,species,Marowak,supported,G1;T1,P17,P32,unstarted,pending,../../../tools/pokemon-dungeon/content/species.json#pokemon-105,DATA-01;DATA-02;DATA-04;DATA-05;DATA-06;DATA-07;P02-SPECIES-CROSSWALK
pokemon-106,species,Hitmonlee,supported,G1;T1,P17,P32,unstarted,pending,../../../tools/pokemon-dungeon/content/species.json#pokemon-106,DATA-01;DATA-02;DATA-04;DATA-05;DATA-06;DATA-07;P02-SPECIES-CROSSWALK
pokemon-107,species,Hitmonchan,supported,G1;T1,P17,P32,unstarted,pending,../../../tools/pokemon-dungeon/content/species.json#pokemon-107,DATA-01;DATA-02;DATA-04;DATA-05;DATA-06;DATA-07;P02-SPECIES-CROSSWALK
pokemon-108,species,Lickitung,supported,G1;T1,P17,P32,unstarted,pending,../../../tools/pokemon-dungeon/content/species.json#pokemon-108,DATA-01;DATA-02;DATA-04;DATA-05;DATA-06;DATA-07;P02-SPECIES-CROSSWALK
pokemon-109,species,Koffing,supported,G1;T1,P17,P32,unstarted,pending,../../../tools/pokemon-dungeon/content/species.json#pokemon-109,DATA-01;DATA-02;DATA-04;DATA-05;DATA-06;DATA-07;P02-SPECIES-CROSSWALK
pokemon-110,species,Weezing,supported,G1;T1,P17,P32,unstarted,pending,../../../tools/pokemon-dungeon/content/species.json#pokemon-110,DATA-01;DATA-02;DATA-04;DATA-05;DATA-06;DATA-07;P02-SPECIES-CROSSWALK
pokemon-111,species,Rhyhorn,supported,G1;T1,P17,P32,unstarted,pending,../../../tools/pokemon-dungeon/content/species.json#pokemon-111,DATA-01;DATA-02;DATA-04;DATA-05;DATA-06;DATA-07;P02-SPECIES-CROSSWALK
pokemon-112,species,Rhydon,supported,G1;T1,P17,P32,unstarted,pending,../../../tools/pokemon-dungeon/content/species.json#pokemon-112,DATA-01;DATA-02;DATA-04;DATA-05;DATA-06;DATA-07;P02-SPECIES-CROSSWALK
pokemon-113,species,Chansey,supported,G1;T1,P17,P32,unstarted,pending,../../../tools/pokemon-dungeon/content/species.json#pokemon-113,DATA-01;DATA-02;DATA-04;DATA-05;DATA-06;DATA-07;P02-SPECIES-CROSSWALK
pokemon-114,species,Tangela,supported,G1;T1,P17,P32,unstarted,pending,../../../tools/pokemon-dungeon/content/species.json#pokemon-114,DATA-01;DATA-02;DATA-04;DATA-05;DATA-06;DATA-07;P02-SPECIES-CROSSWALK
pokemon-115,species,Kangaskhan,supported,G1;T1,P17,P32,unstarted,pending,../../../tools/pokemon-dungeon/content/species.json#pokemon-115,DATA-01;DATA-02;DATA-04;DATA-05;DATA-06;DATA-07;P02-SPECIES-CROSSWALK
pokemon-116,species,Horsea,supported,G1;T1,P17,P32,unstarted,pending,../../../tools/pokemon-dungeon/content/species.json#pokemon-116,DATA-01;DATA-02;DATA-04;DATA-05;DATA-06;DATA-07;P02-SPECIES-CROSSWALK
pokemon-117,species,Seadra,supported,G1;T1,P17,P32,unstarted,pending,../../../tools/pokemon-dungeon/content/species.json#pokemon-117,DATA-01;DATA-02;DATA-04;DATA-05;DATA-06;DATA-07;P02-SPECIES-CROSSWALK
pokemon-118,species,Goldeen,supported,G1;T1,P17,P32,unstarted,pending,../../../tools/pokemon-dungeon/content/species.json#pokemon-118,DATA-01;DATA-02;DATA-04;DATA-05;DATA-06;DATA-07;P02-SPECIES-CROSSWALK
pokemon-119,species,Seaking,supported,G1;T1,P17,P32,unstarted,pending,../../../tools/pokemon-dungeon/content/species.json#pokemon-119,DATA-01;DATA-02;DATA-04;DATA-05;DATA-06;DATA-07;P02-SPECIES-CROSSWALK
pokemon-120,species,Staryu,supported,G1;T1,P17,P32,unstarted,pending,../../../tools/pokemon-dungeon/content/species.json#pokemon-120,DATA-01;DATA-02;DATA-04;DATA-05;DATA-06;DATA-07;P02-SPECIES-CROSSWALK
pokemon-121,species,Starmie,supported,G1;T1,P17,P32,unstarted,pending,../../../tools/pokemon-dungeon/content/species.json#pokemon-121,DATA-01;DATA-02;DATA-04;DATA-05;DATA-06;DATA-07;P02-SPECIES-CROSSWALK
pokemon-122,species,Mr. Mime,supported,G1;T1,P17,P32,unstarted,pending,../../../tools/pokemon-dungeon/content/species.json#pokemon-122,DATA-01;DATA-02;DATA-04;DATA-05;DATA-06;DATA-07;P02-SPECIES-CROSSWALK
pokemon-123,species,Scyther,supported,G1;T1,P17,P32,unstarted,pending,../../../tools/pokemon-dungeon/content/species.json#pokemon-123,DATA-01;DATA-02;DATA-04;DATA-05;DATA-06;DATA-07;P02-SPECIES-CROSSWALK
pokemon-124,species,Jynx,supported,G1;T1,P17,P32,unstarted,pending,../../../tools/pokemon-dungeon/content/species.json#pokemon-124,DATA-01;DATA-02;DATA-04;DATA-05;DATA-06;DATA-07;P02-SPECIES-CROSSWALK
pokemon-125,species,Electabuzz,supported,G1;T1,P17,P32,unstarted,pending,../../../tools/pokemon-dungeon/content/species.json#pokemon-125,DATA-01;DATA-02;DATA-04;DATA-05;DATA-06;DATA-07;P02-SPECIES-CROSSWALK
pokemon-126,species,Magmar,supported,G1;T1,P17,P32,unstarted,pending,../../../tools/pokemon-dungeon/content/species.json#pokemon-126,DATA-01;DATA-02;DATA-04;DATA-05;DATA-06;DATA-07;P02-SPECIES-CROSSWALK
pokemon-127,species,Pinsir,supported,G1;T1,P17,P32,unstarted,pending,../../../tools/pokemon-dungeon/content/species.json#pokemon-127,DATA-01;DATA-02;DATA-04;DATA-05;DATA-06;DATA-07;P02-SPECIES-CROSSWALK
pokemon-128,species,Tauros,supported,G1;T1,P17,P32,unstarted,pending,../../../tools/pokemon-dungeon/content/species.json#pokemon-128,DATA-01;DATA-02;DATA-04;DATA-05;DATA-06;DATA-07;P02-SPECIES-CROSSWALK
pokemon-129,species,Magikarp,supported,G1;T1,P17,P32,unstarted,pending,../../../tools/pokemon-dungeon/content/species.json#pokemon-129,DATA-01;DATA-02;DATA-04;DATA-05;DATA-06;DATA-07;P02-SPECIES-CROSSWALK
pokemon-130,species,Gyarados,supported,G1;T1,P17,P32,unstarted,pending,../../../tools/pokemon-dungeon/content/species.json#pokemon-130,DATA-01;DATA-02;DATA-04;DATA-05;DATA-06;DATA-07;P02-SPECIES-CROSSWALK
pokemon-131,species,Lapras,supported,G1;T1,P17,P32,unstarted,pending,../../../tools/pokemon-dungeon/content/species.json#pokemon-131,DATA-01;DATA-02;DATA-04;DATA-05;DATA-06;DATA-07;P02-SPECIES-CROSSWALK
pokemon-132,species,Ditto,supported,G1;T1,P17,P32,unstarted,pending,../../../tools/pokemon-dungeon/content/species.json#pokemon-132,DATA-01;DATA-02;DATA-04;DATA-05;DATA-06;DATA-07;P02-SPECIES-CROSSWALK;P02-DITTO-TRANSFORM
pokemon-133,species,Eevee,supported,G1;T1,P17,P32,unstarted,pending,../../../tools/pokemon-dungeon/content/species.json#pokemon-133,DATA-01;DATA-02;DATA-04;DATA-05;DATA-06;DATA-07;P02-SPECIES-CROSSWALK
pokemon-134,species,Vaporeon,supported,G1;T1,P17,P32,unstarted,pending,../../../tools/pokemon-dungeon/content/species.json#pokemon-134,DATA-01;DATA-02;DATA-04;DATA-05;DATA-06;DATA-07;P02-SPECIES-CROSSWALK
pokemon-135,species,Jolteon,supported,G1;T1,P17,P32,unstarted,pending,../../../tools/pokemon-dungeon/content/species.json#pokemon-135,DATA-01;DATA-02;DATA-04;DATA-05;DATA-06;DATA-07;P02-SPECIES-CROSSWALK
pokemon-136,species,Flareon,supported,G1;T1,P17,P32,unstarted,pending,../../../tools/pokemon-dungeon/content/species.json#pokemon-136,DATA-01;DATA-02;DATA-04;DATA-05;DATA-06;DATA-07;P02-SPECIES-CROSSWALK
pokemon-137,species,Porygon,supported,G1;T1,P17,P32,unstarted,pending,../../../tools/pokemon-dungeon/content/species.json#pokemon-137,DATA-01;DATA-02;DATA-04;DATA-05;DATA-06;DATA-07;P02-SPECIES-CROSSWALK
pokemon-138,species,Omanyte,supported,G1;T1,P17,P32,unstarted,pending,../../../tools/pokemon-dungeon/content/species.json#pokemon-138,DATA-01;DATA-02;DATA-04;DATA-05;DATA-06;DATA-07;P02-SPECIES-CROSSWALK
pokemon-139,species,Omastar,supported,G1;T1,P17,P32,unstarted,pending,../../../tools/pokemon-dungeon/content/species.json#pokemon-139,DATA-01;DATA-02;DATA-04;DATA-05;DATA-06;DATA-07;P02-SPECIES-CROSSWALK
pokemon-140,species,Kabuto,supported,G1;T1,P17,P32,unstarted,pending,../../../tools/pokemon-dungeon/content/species.json#pokemon-140,DATA-01;DATA-02;DATA-04;DATA-05;DATA-06;DATA-07;P02-SPECIES-CROSSWALK
pokemon-141,species,Kabutops,supported,G1;T1,P17,P32,unstarted,pending,../../../tools/pokemon-dungeon/content/species.json#pokemon-141,DATA-01;DATA-02;DATA-04;DATA-05;DATA-06;DATA-07;P02-SPECIES-CROSSWALK
pokemon-142,species,Aerodactyl,supported,G1;T1,P17,P32,unstarted,pending,../../../tools/pokemon-dungeon/content/species.json#pokemon-142,DATA-01;DATA-02;DATA-04;DATA-05;DATA-06;DATA-07;P02-SPECIES-CROSSWALK
pokemon-143,species,Snorlax,supported,G1;T1,P17,P32,unstarted,pending,../../../tools/pokemon-dungeon/content/species.json#pokemon-143,DATA-01;DATA-02;DATA-04;DATA-05;DATA-06;DATA-07;P02-SPECIES-CROSSWALK
pokemon-144,species,Articuno,supported,G1;T1,P17,P32,unstarted,pending,../../../tools/pokemon-dungeon/content/species.json#pokemon-144,DATA-01;DATA-02;DATA-04;DATA-05;DATA-06;DATA-07;P02-SPECIES-CROSSWALK
pokemon-145,species,Zapdos,supported,G1;T1,P17,P32,unstarted,pending,../../../tools/pokemon-dungeon/content/species.json#pokemon-145,DATA-01;DATA-02;DATA-04;DATA-05;DATA-06;DATA-07;P02-SPECIES-CROSSWALK
pokemon-146,species,Moltres,supported,G1;T1,P17,P32,unstarted,pending,../../../tools/pokemon-dungeon/content/species.json#pokemon-146,DATA-01;DATA-02;DATA-04;DATA-05;DATA-06;DATA-07;P02-SPECIES-CROSSWALK
pokemon-147,species,Dratini,supported,G1;T1,P17,P32,unstarted,pending,../../../tools/pokemon-dungeon/content/species.json#pokemon-147,DATA-01;DATA-02;DATA-04;DATA-05;DATA-06;DATA-07;P02-SPECIES-CROSSWALK
pokemon-148,species,Dragonair,supported,G1;T1,P17,P32,unstarted,pending,../../../tools/pokemon-dungeon/content/species.json#pokemon-148,DATA-01;DATA-02;DATA-04;DATA-05;DATA-06;DATA-07;P02-SPECIES-CROSSWALK
pokemon-149,species,Dragonite,supported,G1;T1,P17,P32,unstarted,pending,../../../tools/pokemon-dungeon/content/species.json#pokemon-149,DATA-01;DATA-02;DATA-04;DATA-05;DATA-06;DATA-07;P02-SPECIES-CROSSWALK
pokemon-150,species,Mewtwo,supported,G1;T1,P17,P32,unstarted,pending,../../../tools/pokemon-dungeon/content/species.json#pokemon-150,DATA-01;DATA-02;DATA-04;DATA-05;DATA-06;DATA-07;P02-SPECIES-CROSSWALK
pokemon-151,species,Mew,supported,G1;T1,P17,P32,unstarted,pending,../../../tools/pokemon-dungeon/content/species.json#pokemon-151,DATA-01;DATA-02;DATA-04;DATA-05;DATA-06;DATA-07;P02-SPECIES-CROSSWALK
pokemon-152,species,Chikorita,supported,G1;T1,P17,P32,unstarted,pending,../../../tools/pokemon-dungeon/content/species.json#pokemon-152,DATA-01;DATA-02;DATA-04;DATA-05;DATA-06;DATA-07;P02-SPECIES-CROSSWALK
pokemon-153,species,Bayleef,supported,G1;T1,P17,P32,unstarted,pending,../../../tools/pokemon-dungeon/content/species.json#pokemon-153,DATA-01;DATA-02;DATA-04;DATA-05;DATA-06;DATA-07;P02-SPECIES-CROSSWALK
pokemon-154,species,Meganium,supported,G1;T1,P17,P32,unstarted,pending,../../../tools/pokemon-dungeon/content/species.json#pokemon-154,DATA-01;DATA-02;DATA-04;DATA-05;DATA-06;DATA-07;P02-SPECIES-CROSSWALK
pokemon-155,species,Cyndaquil,supported,G1;T1,P17,P32,unstarted,pending,../../../tools/pokemon-dungeon/content/species.json#pokemon-155,DATA-01;DATA-02;DATA-04;DATA-05;DATA-06;DATA-07;P02-SPECIES-CROSSWALK
pokemon-156,species,Quilava,supported,G1;T1,P17,P32,unstarted,pending,../../../tools/pokemon-dungeon/content/species.json#pokemon-156,DATA-01;DATA-02;DATA-04;DATA-05;DATA-06;DATA-07;P02-SPECIES-CROSSWALK
pokemon-157,species,Typhlosion,supported,G1;T1,P17,P32,unstarted,pending,../../../tools/pokemon-dungeon/content/species.json#pokemon-157,DATA-01;DATA-02;DATA-04;DATA-05;DATA-06;DATA-07;P02-SPECIES-CROSSWALK
pokemon-158,species,Totodile,supported,G1;T1,P17,P32,unstarted,pending,../../../tools/pokemon-dungeon/content/species.json#pokemon-158,DATA-01;DATA-02;DATA-04;DATA-05;DATA-06;DATA-07;P02-SPECIES-CROSSWALK
pokemon-159,species,Croconaw,supported,G1;T1,P17,P32,unstarted,pending,../../../tools/pokemon-dungeon/content/species.json#pokemon-159,DATA-01;DATA-02;DATA-04;DATA-05;DATA-06;DATA-07;P02-SPECIES-CROSSWALK
pokemon-160,species,Feraligatr,supported,G1;T1,P17,P32,unstarted,pending,../../../tools/pokemon-dungeon/content/species.json#pokemon-160,DATA-01;DATA-02;DATA-04;DATA-05;DATA-06;DATA-07;P02-SPECIES-CROSSWALK
pokemon-161,species,Sentret,supported,G1;T1,P17,P32,unstarted,pending,../../../tools/pokemon-dungeon/content/species.json#pokemon-161,DATA-01;DATA-02;DATA-04;DATA-05;DATA-06;DATA-07;P02-SPECIES-CROSSWALK
pokemon-162,species,Furret,supported,G1;T1,P17,P32,unstarted,pending,../../../tools/pokemon-dungeon/content/species.json#pokemon-162,DATA-01;DATA-02;DATA-04;DATA-05;DATA-06;DATA-07;P02-SPECIES-CROSSWALK
pokemon-163,species,Hoothoot,supported,G1;T1,P17,P32,unstarted,pending,../../../tools/pokemon-dungeon/content/species.json#pokemon-163,DATA-01;DATA-02;DATA-04;DATA-05;DATA-06;DATA-07;P02-SPECIES-CROSSWALK
pokemon-164,species,Noctowl,supported,G1;T1,P17,P32,unstarted,pending,../../../tools/pokemon-dungeon/content/species.json#pokemon-164,DATA-01;DATA-02;DATA-04;DATA-05;DATA-06;DATA-07;P02-SPECIES-CROSSWALK
pokemon-165,species,Ledyba,supported,G1;T1,P17,P32,unstarted,pending,../../../tools/pokemon-dungeon/content/species.json#pokemon-165,DATA-01;DATA-02;DATA-04;DATA-05;DATA-06;DATA-07;P02-SPECIES-CROSSWALK
pokemon-166,species,Ledian,supported,G1;T1,P17,P32,unstarted,pending,../../../tools/pokemon-dungeon/content/species.json#pokemon-166,DATA-01;DATA-02;DATA-04;DATA-05;DATA-06;DATA-07;P02-SPECIES-CROSSWALK
pokemon-167,species,Spinarak,supported,G1;T1,P17,P32,unstarted,pending,../../../tools/pokemon-dungeon/content/species.json#pokemon-167,DATA-01;DATA-02;DATA-04;DATA-05;DATA-06;DATA-07;P02-SPECIES-CROSSWALK
pokemon-168,species,Ariados,supported,G1;T1,P17,P32,unstarted,pending,../../../tools/pokemon-dungeon/content/species.json#pokemon-168,DATA-01;DATA-02;DATA-04;DATA-05;DATA-06;DATA-07;P02-SPECIES-CROSSWALK
pokemon-169,species,Crobat,supported,G1;T1,P17,P32,unstarted,pending,../../../tools/pokemon-dungeon/content/species.json#pokemon-169,DATA-01;DATA-02;DATA-04;DATA-05;DATA-06;DATA-07;P02-SPECIES-CROSSWALK
pokemon-170,species,Chinchou,supported,G1;T1,P17,P32,unstarted,pending,../../../tools/pokemon-dungeon/content/species.json#pokemon-170,DATA-01;DATA-02;DATA-04;DATA-05;DATA-06;DATA-07;P02-SPECIES-CROSSWALK
pokemon-171,species,Lanturn,supported,G1;T1,P17,P32,unstarted,pending,../../../tools/pokemon-dungeon/content/species.json#pokemon-171,DATA-01;DATA-02;DATA-04;DATA-05;DATA-06;DATA-07;P02-SPECIES-CROSSWALK
pokemon-172,species,Pichu,supported,G1;T1,P17,P32,unstarted,pending,../../../tools/pokemon-dungeon/content/species.json#pokemon-172,DATA-01;DATA-02;DATA-04;DATA-05;DATA-06;DATA-07;P02-SPECIES-CROSSWALK
pokemon-173,species,Cleffa,supported,G1;T1,P17,P32,unstarted,pending,../../../tools/pokemon-dungeon/content/species.json#pokemon-173,DATA-01;DATA-02;DATA-04;DATA-05;DATA-06;DATA-07;P02-SPECIES-CROSSWALK
pokemon-174,species,Igglybuff,supported,G1;T1,P17,P32,unstarted,pending,../../../tools/pokemon-dungeon/content/species.json#pokemon-174,DATA-01;DATA-02;DATA-04;DATA-05;DATA-06;DATA-07;P02-SPECIES-CROSSWALK
pokemon-175,species,Togepi,supported,G1;T1,P17,P32,unstarted,pending,../../../tools/pokemon-dungeon/content/species.json#pokemon-175,DATA-01;DATA-02;DATA-04;DATA-05;DATA-06;DATA-07;P02-SPECIES-CROSSWALK
pokemon-176,species,Togetic,supported,G1;T1,P17,P32,unstarted,pending,../../../tools/pokemon-dungeon/content/species.json#pokemon-176,DATA-01;DATA-02;DATA-04;DATA-05;DATA-06;DATA-07;P02-SPECIES-CROSSWALK
pokemon-177,species,Natu,supported,G1;T1,P17,P32,unstarted,pending,../../../tools/pokemon-dungeon/content/species.json#pokemon-177,DATA-01;DATA-02;DATA-04;DATA-05;DATA-06;DATA-07;P02-SPECIES-CROSSWALK
pokemon-178,species,Xatu,supported,G1;T1,P17,P32,unstarted,pending,../../../tools/pokemon-dungeon/content/species.json#pokemon-178,DATA-01;DATA-02;DATA-04;DATA-05;DATA-06;DATA-07;P02-SPECIES-CROSSWALK
pokemon-179,species,Mareep,supported,G1;T1,P17,P32,unstarted,pending,../../../tools/pokemon-dungeon/content/species.json#pokemon-179,DATA-01;DATA-02;DATA-04;DATA-05;DATA-06;DATA-07;P02-SPECIES-CROSSWALK
pokemon-180,species,Flaaffy,supported,G1;T1,P17,P32,unstarted,pending,../../../tools/pokemon-dungeon/content/species.json#pokemon-180,DATA-01;DATA-02;DATA-04;DATA-05;DATA-06;DATA-07;P02-SPECIES-CROSSWALK
pokemon-181,species,Ampharos,supported,G1;T1,P17,P32,unstarted,pending,../../../tools/pokemon-dungeon/content/species.json#pokemon-181,DATA-01;DATA-02;DATA-04;DATA-05;DATA-06;DATA-07;P02-SPECIES-CROSSWALK
pokemon-182,species,Bellossom,supported,G1;T1,P17,P32,unstarted,pending,../../../tools/pokemon-dungeon/content/species.json#pokemon-182,DATA-01;DATA-02;DATA-04;DATA-05;DATA-06;DATA-07;P02-SPECIES-CROSSWALK
pokemon-183,species,Marill,supported,G1;T1,P17,P32,unstarted,pending,../../../tools/pokemon-dungeon/content/species.json#pokemon-183,DATA-01;DATA-02;DATA-04;DATA-05;DATA-06;DATA-07;P02-SPECIES-CROSSWALK
pokemon-184,species,Azumarill,supported,G1;T1,P17,P32,unstarted,pending,../../../tools/pokemon-dungeon/content/species.json#pokemon-184,DATA-01;DATA-02;DATA-04;DATA-05;DATA-06;DATA-07;P02-SPECIES-CROSSWALK
pokemon-185,species,Sudowoodo,supported,G1;T1,P17,P32,unstarted,pending,../../../tools/pokemon-dungeon/content/species.json#pokemon-185,DATA-01;DATA-02;DATA-04;DATA-05;DATA-06;DATA-07;P02-SPECIES-CROSSWALK
pokemon-186,species,Politoed,supported,G1;T1,P17,P32,unstarted,pending,../../../tools/pokemon-dungeon/content/species.json#pokemon-186,DATA-01;DATA-02;DATA-04;DATA-05;DATA-06;DATA-07;P02-SPECIES-CROSSWALK
pokemon-187,species,Hoppip,supported,G1;T1,P17,P32,unstarted,pending,../../../tools/pokemon-dungeon/content/species.json#pokemon-187,DATA-01;DATA-02;DATA-04;DATA-05;DATA-06;DATA-07;P02-SPECIES-CROSSWALK
pokemon-188,species,Skiploom,supported,G1;T1,P17,P32,unstarted,pending,../../../tools/pokemon-dungeon/content/species.json#pokemon-188,DATA-01;DATA-02;DATA-04;DATA-05;DATA-06;DATA-07;P02-SPECIES-CROSSWALK
pokemon-189,species,Jumpluff,supported,G1;T1,P17,P32,unstarted,pending,../../../tools/pokemon-dungeon/content/species.json#pokemon-189,DATA-01;DATA-02;DATA-04;DATA-05;DATA-06;DATA-07;P02-SPECIES-CROSSWALK
pokemon-190,species,Aipom,supported,G1;T1,P17,P32,unstarted,pending,../../../tools/pokemon-dungeon/content/species.json#pokemon-190,DATA-01;DATA-02;DATA-04;DATA-05;DATA-06;DATA-07;P02-SPECIES-CROSSWALK
pokemon-191,species,Sunkern,supported,G1;T1,P17,P32,unstarted,pending,../../../tools/pokemon-dungeon/content/species.json#pokemon-191,DATA-01;DATA-02;DATA-04;DATA-05;DATA-06;DATA-07;P02-SPECIES-CROSSWALK
pokemon-192,species,Sunflora,supported,G1;T1,P17,P32,unstarted,pending,../../../tools/pokemon-dungeon/content/species.json#pokemon-192,DATA-01;DATA-02;DATA-04;DATA-05;DATA-06;DATA-07;P02-SPECIES-CROSSWALK
pokemon-193,species,Yanma,supported,G1;T1,P17,P32,unstarted,pending,../../../tools/pokemon-dungeon/content/species.json#pokemon-193,DATA-01;DATA-02;DATA-04;DATA-05;DATA-06;DATA-07;P02-SPECIES-CROSSWALK
pokemon-194,species,Wooper,supported,G1;T1,P17,P32,unstarted,pending,../../../tools/pokemon-dungeon/content/species.json#pokemon-194,DATA-01;DATA-02;DATA-04;DATA-05;DATA-06;DATA-07;P02-SPECIES-CROSSWALK
pokemon-195,species,Quagsire,supported,G1;T1,P17,P32,unstarted,pending,../../../tools/pokemon-dungeon/content/species.json#pokemon-195,DATA-01;DATA-02;DATA-04;DATA-05;DATA-06;DATA-07;P02-SPECIES-CROSSWALK
pokemon-196,species,Espeon,supported,G1;T1,P17,P32,unstarted,pending,../../../tools/pokemon-dungeon/content/species.json#pokemon-196,DATA-01;DATA-02;DATA-04;DATA-05;DATA-06;DATA-07;P02-SPECIES-CROSSWALK
pokemon-197,species,Umbreon,supported,G1;T1,P17,P32,unstarted,pending,../../../tools/pokemon-dungeon/content/species.json#pokemon-197,DATA-01;DATA-02;DATA-04;DATA-05;DATA-06;DATA-07;P02-SPECIES-CROSSWALK
pokemon-198,species,Murkrow,supported,G1;T1,P17,P32,unstarted,pending,../../../tools/pokemon-dungeon/content/species.json#pokemon-198,DATA-01;DATA-02;DATA-04;DATA-05;DATA-06;DATA-07;P02-SPECIES-CROSSWALK
pokemon-199,species,Slowking,supported,G1;T1,P17,P32,unstarted,pending,../../../tools/pokemon-dungeon/content/species.json#pokemon-199,DATA-01;DATA-02;DATA-04;DATA-05;DATA-06;DATA-07;P02-SPECIES-CROSSWALK
pokemon-200,species,Misdreavus,supported,G1;T1,P17,P32,unstarted,pending,../../../tools/pokemon-dungeon/content/species.json#pokemon-200,DATA-01;DATA-02;DATA-04;DATA-05;DATA-06;DATA-07;P02-SPECIES-CROSSWALK
pokemon-201,species,Unown,supported,G1;T1,P17,P32,unstarted,pending,../../../tools/pokemon-dungeon/content/species.json#pokemon-201,DATA-01;DATA-02;DATA-04;DATA-05;DATA-06;DATA-07;P02-SPECIES-CROSSWALK
pokemon-202,species,Wobbuffet,supported,G1;T1,P17,P32,unstarted,pending,../../../tools/pokemon-dungeon/content/species.json#pokemon-202,DATA-01;DATA-02;DATA-04;DATA-05;DATA-06;DATA-07;P02-SPECIES-CROSSWALK
pokemon-203,species,Girafarig,supported,G1;T1,P17,P32,unstarted,pending,../../../tools/pokemon-dungeon/content/species.json#pokemon-203,DATA-01;DATA-02;DATA-04;DATA-05;DATA-06;DATA-07;P02-SPECIES-CROSSWALK
pokemon-204,species,Pineco,supported,G1;T1,P17,P32,unstarted,pending,../../../tools/pokemon-dungeon/content/species.json#pokemon-204,DATA-01;DATA-02;DATA-04;DATA-05;DATA-06;DATA-07;P02-SPECIES-CROSSWALK
pokemon-205,species,Forretress,supported,G1;T1,P17,P32,unstarted,pending,../../../tools/pokemon-dungeon/content/species.json#pokemon-205,DATA-01;DATA-02;DATA-04;DATA-05;DATA-06;DATA-07;P02-SPECIES-CROSSWALK
pokemon-206,species,Dunsparce,supported,G1;T1,P17,P32,unstarted,pending,../../../tools/pokemon-dungeon/content/species.json#pokemon-206,DATA-01;DATA-02;DATA-04;DATA-05;DATA-06;DATA-07;P02-SPECIES-CROSSWALK
pokemon-207,species,Gligar,supported,G1;T1,P17,P32,unstarted,pending,../../../tools/pokemon-dungeon/content/species.json#pokemon-207,DATA-01;DATA-02;DATA-04;DATA-05;DATA-06;DATA-07;P02-SPECIES-CROSSWALK
pokemon-208,species,Steelix,supported,G1;T1,P17,P32,unstarted,pending,../../../tools/pokemon-dungeon/content/species.json#pokemon-208,DATA-01;DATA-02;DATA-04;DATA-05;DATA-06;DATA-07;P02-SPECIES-CROSSWALK
pokemon-209,species,Snubbull,supported,G1;T1,P17,P32,unstarted,pending,../../../tools/pokemon-dungeon/content/species.json#pokemon-209,DATA-01;DATA-02;DATA-04;DATA-05;DATA-06;DATA-07;P02-SPECIES-CROSSWALK
pokemon-210,species,Granbull,supported,G1;T1,P17,P32,unstarted,pending,../../../tools/pokemon-dungeon/content/species.json#pokemon-210,DATA-01;DATA-02;DATA-04;DATA-05;DATA-06;DATA-07;P02-SPECIES-CROSSWALK
pokemon-211,species,Qwilfish,supported,G1;T1,P17,P32,unstarted,pending,../../../tools/pokemon-dungeon/content/species.json#pokemon-211,DATA-01;DATA-02;DATA-04;DATA-05;DATA-06;DATA-07;P02-SPECIES-CROSSWALK
pokemon-212,species,Scizor,supported,G1;T1,P17,P32,unstarted,pending,../../../tools/pokemon-dungeon/content/species.json#pokemon-212,DATA-01;DATA-02;DATA-04;DATA-05;DATA-06;DATA-07;P02-SPECIES-CROSSWALK
pokemon-213,species,Shuckle,supported,G1;T1,P17,P32,unstarted,pending,../../../tools/pokemon-dungeon/content/species.json#pokemon-213,DATA-01;DATA-02;DATA-04;DATA-05;DATA-06;DATA-07;P02-SPECIES-CROSSWALK
pokemon-214,species,Heracross,supported,G1;T1,P17,P32,unstarted,pending,../../../tools/pokemon-dungeon/content/species.json#pokemon-214,DATA-01;DATA-02;DATA-04;DATA-05;DATA-06;DATA-07;P02-SPECIES-CROSSWALK
pokemon-215,species,Sneasel,supported,G1;T1,P17,P32,unstarted,pending,../../../tools/pokemon-dungeon/content/species.json#pokemon-215,DATA-01;DATA-02;DATA-04;DATA-05;DATA-06;DATA-07;P02-SPECIES-CROSSWALK
pokemon-216,species,Teddiursa,supported,G1;T1,P17,P32,unstarted,pending,../../../tools/pokemon-dungeon/content/species.json#pokemon-216,DATA-01;DATA-02;DATA-04;DATA-05;DATA-06;DATA-07;P02-SPECIES-CROSSWALK
pokemon-217,species,Ursaring,supported,G1;T1,P17,P32,unstarted,pending,../../../tools/pokemon-dungeon/content/species.json#pokemon-217,DATA-01;DATA-02;DATA-04;DATA-05;DATA-06;DATA-07;P02-SPECIES-CROSSWALK
pokemon-218,species,Slugma,supported,G1;T1,P17,P32,unstarted,pending,../../../tools/pokemon-dungeon/content/species.json#pokemon-218,DATA-01;DATA-02;DATA-04;DATA-05;DATA-06;DATA-07;P02-SPECIES-CROSSWALK
pokemon-219,species,Magcargo,supported,G1;T1,P17,P32,unstarted,pending,../../../tools/pokemon-dungeon/content/species.json#pokemon-219,DATA-01;DATA-02;DATA-04;DATA-05;DATA-06;DATA-07;P02-SPECIES-CROSSWALK
pokemon-220,species,Swinub,supported,G1;T1,P17,P32,unstarted,pending,../../../tools/pokemon-dungeon/content/species.json#pokemon-220,DATA-01;DATA-02;DATA-04;DATA-05;DATA-06;DATA-07;P02-SPECIES-CROSSWALK
pokemon-221,species,Piloswine,supported,G1;T1,P17,P32,unstarted,pending,../../../tools/pokemon-dungeon/content/species.json#pokemon-221,DATA-01;DATA-02;DATA-04;DATA-05;DATA-06;DATA-07;P02-SPECIES-CROSSWALK
pokemon-222,species,Corsola,supported,G1;T1,P17,P32,unstarted,pending,../../../tools/pokemon-dungeon/content/species.json#pokemon-222,DATA-01;DATA-02;DATA-04;DATA-05;DATA-06;DATA-07;P02-SPECIES-CROSSWALK
pokemon-223,species,Remoraid,supported,G1;T1,P17,P32,unstarted,pending,../../../tools/pokemon-dungeon/content/species.json#pokemon-223,DATA-01;DATA-02;DATA-04;DATA-05;DATA-06;DATA-07;P02-SPECIES-CROSSWALK
pokemon-224,species,Octillery,supported,G1;T1,P17,P32,unstarted,pending,../../../tools/pokemon-dungeon/content/species.json#pokemon-224,DATA-01;DATA-02;DATA-04;DATA-05;DATA-06;DATA-07;P02-SPECIES-CROSSWALK
pokemon-225,species,Delibird,supported,G1;T1,P17,P32,unstarted,pending,../../../tools/pokemon-dungeon/content/species.json#pokemon-225,DATA-01;DATA-02;DATA-04;DATA-05;DATA-06;DATA-07;P02-SPECIES-CROSSWALK
pokemon-226,species,Mantine,supported,G1;T1,P17,P32,unstarted,pending,../../../tools/pokemon-dungeon/content/species.json#pokemon-226,DATA-01;DATA-02;DATA-04;DATA-05;DATA-06;DATA-07;P02-SPECIES-CROSSWALK
pokemon-227,species,Skarmory,supported,G1;T1,P17,P32,unstarted,pending,../../../tools/pokemon-dungeon/content/species.json#pokemon-227,DATA-01;DATA-02;DATA-04;DATA-05;DATA-06;DATA-07;P02-SPECIES-CROSSWALK
pokemon-228,species,Houndour,supported,G1;T1,P17,P32,unstarted,pending,../../../tools/pokemon-dungeon/content/species.json#pokemon-228,DATA-01;DATA-02;DATA-04;DATA-05;DATA-06;DATA-07;P02-SPECIES-CROSSWALK
pokemon-229,species,Houndoom,supported,G1;T1,P17,P32,unstarted,pending,../../../tools/pokemon-dungeon/content/species.json#pokemon-229,DATA-01;DATA-02;DATA-04;DATA-05;DATA-06;DATA-07;P02-SPECIES-CROSSWALK
pokemon-230,species,Kingdra,supported,G1;T1,P17,P32,unstarted,pending,../../../tools/pokemon-dungeon/content/species.json#pokemon-230,DATA-01;DATA-02;DATA-04;DATA-05;DATA-06;DATA-07;P02-SPECIES-CROSSWALK
pokemon-231,species,Phanpy,supported,G1;T1,P17,P32,unstarted,pending,../../../tools/pokemon-dungeon/content/species.json#pokemon-231,DATA-01;DATA-02;DATA-04;DATA-05;DATA-06;DATA-07;P02-SPECIES-CROSSWALK
pokemon-232,species,Donphan,supported,G1;T1,P17,P32,unstarted,pending,../../../tools/pokemon-dungeon/content/species.json#pokemon-232,DATA-01;DATA-02;DATA-04;DATA-05;DATA-06;DATA-07;P02-SPECIES-CROSSWALK
pokemon-233,species,Porygon2,supported,G1;T1,P17,P32,unstarted,pending,../../../tools/pokemon-dungeon/content/species.json#pokemon-233,DATA-01;DATA-02;DATA-04;DATA-05;DATA-06;DATA-07;P02-SPECIES-CROSSWALK
pokemon-234,species,Stantler,supported,G1;T1,P17,P32,unstarted,pending,../../../tools/pokemon-dungeon/content/species.json#pokemon-234,DATA-01;DATA-02;DATA-04;DATA-05;DATA-06;DATA-07;P02-SPECIES-CROSSWALK
pokemon-235,species,Smeargle,supported,G1;T1,P17,P32,unstarted,pending,../../../tools/pokemon-dungeon/content/species.json#pokemon-235,DATA-01;DATA-02;DATA-04;DATA-05;DATA-06;DATA-07;P02-SPECIES-CROSSWALK
pokemon-236,species,Tyrogue,supported,G1;T1,P17,P32,unstarted,pending,../../../tools/pokemon-dungeon/content/species.json#pokemon-236,DATA-01;DATA-02;DATA-04;DATA-05;DATA-06;DATA-07;P02-SPECIES-CROSSWALK
pokemon-237,species,Hitmontop,supported,G1;T1,P17,P32,unstarted,pending,../../../tools/pokemon-dungeon/content/species.json#pokemon-237,DATA-01;DATA-02;DATA-04;DATA-05;DATA-06;DATA-07;P02-SPECIES-CROSSWALK
pokemon-238,species,Smoochum,supported,G1;T1,P17,P32,unstarted,pending,../../../tools/pokemon-dungeon/content/species.json#pokemon-238,DATA-01;DATA-02;DATA-04;DATA-05;DATA-06;DATA-07;P02-SPECIES-CROSSWALK
pokemon-239,species,Elekid,supported,G1;T1,P17,P32,unstarted,pending,../../../tools/pokemon-dungeon/content/species.json#pokemon-239,DATA-01;DATA-02;DATA-04;DATA-05;DATA-06;DATA-07;P02-SPECIES-CROSSWALK
pokemon-240,species,Magby,supported,G1;T1,P17,P32,unstarted,pending,../../../tools/pokemon-dungeon/content/species.json#pokemon-240,DATA-01;DATA-02;DATA-04;DATA-05;DATA-06;DATA-07;P02-SPECIES-CROSSWALK
pokemon-241,species,Miltank,supported,G1;T1,P17,P32,unstarted,pending,../../../tools/pokemon-dungeon/content/species.json#pokemon-241,DATA-01;DATA-02;DATA-04;DATA-05;DATA-06;DATA-07;P02-SPECIES-CROSSWALK
pokemon-242,species,Blissey,supported,G1;T1,P17,P32,unstarted,pending,../../../tools/pokemon-dungeon/content/species.json#pokemon-242,DATA-01;DATA-02;DATA-04;DATA-05;DATA-06;DATA-07;P02-SPECIES-CROSSWALK
pokemon-243,species,Raikou,supported,G1;T1,P17,P32,unstarted,pending,../../../tools/pokemon-dungeon/content/species.json#pokemon-243,DATA-01;DATA-02;DATA-04;DATA-05;DATA-06;DATA-07;P02-SPECIES-CROSSWALK
pokemon-244,species,Entei,supported,G1;T1,P17,P32,unstarted,pending,../../../tools/pokemon-dungeon/content/species.json#pokemon-244,DATA-01;DATA-02;DATA-04;DATA-05;DATA-06;DATA-07;P02-SPECIES-CROSSWALK
pokemon-245,species,Suicune,supported,G1;T1,P17,P32,unstarted,pending,../../../tools/pokemon-dungeon/content/species.json#pokemon-245,DATA-01;DATA-02;DATA-04;DATA-05;DATA-06;DATA-07;P02-SPECIES-CROSSWALK
pokemon-246,species,Larvitar,supported,G1;T1,P17,P32,unstarted,pending,../../../tools/pokemon-dungeon/content/species.json#pokemon-246,DATA-01;DATA-02;DATA-04;DATA-05;DATA-06;DATA-07;P02-SPECIES-CROSSWALK
pokemon-247,species,Pupitar,supported,G1;T1,P17,P32,unstarted,pending,../../../tools/pokemon-dungeon/content/species.json#pokemon-247,DATA-01;DATA-02;DATA-04;DATA-05;DATA-06;DATA-07;P02-SPECIES-CROSSWALK
pokemon-248,species,Tyranitar,supported,G1;T1,P17,P32,unstarted,pending,../../../tools/pokemon-dungeon/content/species.json#pokemon-248,DATA-01;DATA-02;DATA-04;DATA-05;DATA-06;DATA-07;P02-SPECIES-CROSSWALK
pokemon-249,species,Lugia,supported,G1;T1,P17,P32,unstarted,pending,../../../tools/pokemon-dungeon/content/species.json#pokemon-249,DATA-01;DATA-02;DATA-04;DATA-05;DATA-06;DATA-07;P02-SPECIES-CROSSWALK
pokemon-250,species,Ho-Oh,supported,G1;T1,P17,P32,unstarted,pending,../../../tools/pokemon-dungeon/content/species.json#pokemon-250,DATA-01;DATA-02;DATA-04;DATA-05;DATA-06;DATA-07;P02-SPECIES-CROSSWALK
pokemon-251,species,Celebi,supported,G1;T1,P17,P32,unstarted,pending,../../../tools/pokemon-dungeon/content/species.json#pokemon-251,DATA-01;DATA-02;DATA-04;DATA-05;DATA-06;DATA-07;P02-SPECIES-CROSSWALK
pokemon-252,species,Treecko,supported,G1;T1,P17,P32,unstarted,pending,../../../tools/pokemon-dungeon/content/species.json#pokemon-252,DATA-01;DATA-02;DATA-04;DATA-05;DATA-06;DATA-07;P02-SPECIES-CROSSWALK
pokemon-253,species,Grovyle,supported,G1;T1,P17,P32,unstarted,pending,../../../tools/pokemon-dungeon/content/species.json#pokemon-253,DATA-01;DATA-02;DATA-04;DATA-05;DATA-06;DATA-07;P02-SPECIES-CROSSWALK
pokemon-254,species,Sceptile,supported,G1;T1,P17,P32,unstarted,pending,../../../tools/pokemon-dungeon/content/species.json#pokemon-254,DATA-01;DATA-02;DATA-04;DATA-05;DATA-06;DATA-07;P02-SPECIES-CROSSWALK
pokemon-255,species,Torchic,supported,G1;T1,P17,P32,unstarted,pending,../../../tools/pokemon-dungeon/content/species.json#pokemon-255,DATA-01;DATA-02;DATA-04;DATA-05;DATA-06;DATA-07;P02-SPECIES-CROSSWALK
pokemon-256,species,Combusken,supported,G1;T1,P17,P32,unstarted,pending,../../../tools/pokemon-dungeon/content/species.json#pokemon-256,DATA-01;DATA-02;DATA-04;DATA-05;DATA-06;DATA-07;P02-SPECIES-CROSSWALK
pokemon-257,species,Blaziken,supported,G1;T1,P17,P32,unstarted,pending,../../../tools/pokemon-dungeon/content/species.json#pokemon-257,DATA-01;DATA-02;DATA-04;DATA-05;DATA-06;DATA-07;P02-SPECIES-CROSSWALK
pokemon-258,species,Mudkip,supported,G1;T1,P17,P32,unstarted,pending,../../../tools/pokemon-dungeon/content/species.json#pokemon-258,DATA-01;DATA-02;DATA-04;DATA-05;DATA-06;DATA-07;P02-SPECIES-CROSSWALK
pokemon-259,species,Marshtomp,supported,G1;T1,P17,P32,unstarted,pending,../../../tools/pokemon-dungeon/content/species.json#pokemon-259,DATA-01;DATA-02;DATA-04;DATA-05;DATA-06;DATA-07;P02-SPECIES-CROSSWALK
pokemon-260,species,Swampert,supported,G1;T1,P17,P32,unstarted,pending,../../../tools/pokemon-dungeon/content/species.json#pokemon-260,DATA-01;DATA-02;DATA-04;DATA-05;DATA-06;DATA-07;P02-SPECIES-CROSSWALK
pokemon-261,species,Poochyena,supported,G1;T1,P17,P32,unstarted,pending,../../../tools/pokemon-dungeon/content/species.json#pokemon-261,DATA-01;DATA-02;DATA-04;DATA-05;DATA-06;DATA-07;P02-SPECIES-CROSSWALK
pokemon-262,species,Mightyena,supported,G1;T1,P17,P32,unstarted,pending,../../../tools/pokemon-dungeon/content/species.json#pokemon-262,DATA-01;DATA-02;DATA-04;DATA-05;DATA-06;DATA-07;P02-SPECIES-CROSSWALK
pokemon-263,species,Zigzagoon,supported,G1;T1,P17,P32,unstarted,pending,../../../tools/pokemon-dungeon/content/species.json#pokemon-263,DATA-01;DATA-02;DATA-04;DATA-05;DATA-06;DATA-07;P02-SPECIES-CROSSWALK
pokemon-264,species,Linoone,supported,G1;T1,P17,P32,unstarted,pending,../../../tools/pokemon-dungeon/content/species.json#pokemon-264,DATA-01;DATA-02;DATA-04;DATA-05;DATA-06;DATA-07;P02-SPECIES-CROSSWALK
pokemon-265,species,Wurmple,supported,G1;T1,P17,P32,unstarted,pending,../../../tools/pokemon-dungeon/content/species.json#pokemon-265,DATA-01;DATA-02;DATA-04;DATA-05;DATA-06;DATA-07;P02-SPECIES-CROSSWALK
pokemon-266,species,Silcoon,supported,G1;T1,P17,P32,unstarted,pending,../../../tools/pokemon-dungeon/content/species.json#pokemon-266,DATA-01;DATA-02;DATA-04;DATA-05;DATA-06;DATA-07;P02-SPECIES-CROSSWALK
pokemon-267,species,Beautifly,supported,G1;T1,P17,P32,unstarted,pending,../../../tools/pokemon-dungeon/content/species.json#pokemon-267,DATA-01;DATA-02;DATA-04;DATA-05;DATA-06;DATA-07;P02-SPECIES-CROSSWALK
pokemon-268,species,Cascoon,supported,G1;T1,P17,P32,unstarted,pending,../../../tools/pokemon-dungeon/content/species.json#pokemon-268,DATA-01;DATA-02;DATA-04;DATA-05;DATA-06;DATA-07;P02-SPECIES-CROSSWALK
pokemon-269,species,Dustox,supported,G1;T1,P17,P32,unstarted,pending,../../../tools/pokemon-dungeon/content/species.json#pokemon-269,DATA-01;DATA-02;DATA-04;DATA-05;DATA-06;DATA-07;P02-SPECIES-CROSSWALK
pokemon-270,species,Lotad,supported,G1;T1,P17,P32,unstarted,pending,../../../tools/pokemon-dungeon/content/species.json#pokemon-270,DATA-01;DATA-02;DATA-04;DATA-05;DATA-06;DATA-07;P02-SPECIES-CROSSWALK
pokemon-271,species,Lombre,supported,G1;T1,P17,P32,unstarted,pending,../../../tools/pokemon-dungeon/content/species.json#pokemon-271,DATA-01;DATA-02;DATA-04;DATA-05;DATA-06;DATA-07;P02-SPECIES-CROSSWALK
pokemon-272,species,Ludicolo,supported,G1;T1,P17,P32,unstarted,pending,../../../tools/pokemon-dungeon/content/species.json#pokemon-272,DATA-01;DATA-02;DATA-04;DATA-05;DATA-06;DATA-07;P02-SPECIES-CROSSWALK
pokemon-273,species,Seedot,supported,G1;T1,P17,P32,unstarted,pending,../../../tools/pokemon-dungeon/content/species.json#pokemon-273,DATA-01;DATA-02;DATA-04;DATA-05;DATA-06;DATA-07;P02-SPECIES-CROSSWALK
pokemon-274,species,Nuzleaf,supported,G1;T1,P17,P32,unstarted,pending,../../../tools/pokemon-dungeon/content/species.json#pokemon-274,DATA-01;DATA-02;DATA-04;DATA-05;DATA-06;DATA-07;P02-SPECIES-CROSSWALK
pokemon-275,species,Shiftry,supported,G1;T1,P17,P32,unstarted,pending,../../../tools/pokemon-dungeon/content/species.json#pokemon-275,DATA-01;DATA-02;DATA-04;DATA-05;DATA-06;DATA-07;P02-SPECIES-CROSSWALK
pokemon-276,species,Taillow,supported,G1;T1,P17,P32,unstarted,pending,../../../tools/pokemon-dungeon/content/species.json#pokemon-276,DATA-01;DATA-02;DATA-04;DATA-05;DATA-06;DATA-07;P02-SPECIES-CROSSWALK
pokemon-277,species,Swellow,supported,G1;T1,P17,P32,unstarted,pending,../../../tools/pokemon-dungeon/content/species.json#pokemon-277,DATA-01;DATA-02;DATA-04;DATA-05;DATA-06;DATA-07;P02-SPECIES-CROSSWALK
pokemon-278,species,Wingull,supported,G1;T1,P17,P32,unstarted,pending,../../../tools/pokemon-dungeon/content/species.json#pokemon-278,DATA-01;DATA-02;DATA-04;DATA-05;DATA-06;DATA-07;P02-SPECIES-CROSSWALK
pokemon-279,species,Pelipper,supported,G1;T1,P17,P32,unstarted,pending,../../../tools/pokemon-dungeon/content/species.json#pokemon-279,DATA-01;DATA-02;DATA-04;DATA-05;DATA-06;DATA-07;P02-SPECIES-CROSSWALK
pokemon-280,species,Ralts,supported,G1;T1,P17,P32,unstarted,pending,../../../tools/pokemon-dungeon/content/species.json#pokemon-280,DATA-01;DATA-02;DATA-04;DATA-05;DATA-06;DATA-07;P02-SPECIES-CROSSWALK
pokemon-281,species,Kirlia,supported,G1;T1,P17,P32,unstarted,pending,../../../tools/pokemon-dungeon/content/species.json#pokemon-281,DATA-01;DATA-02;DATA-04;DATA-05;DATA-06;DATA-07;P02-SPECIES-CROSSWALK
pokemon-282,species,Gardevoir,supported,G1;T1,P17,P32,unstarted,pending,../../../tools/pokemon-dungeon/content/species.json#pokemon-282,DATA-01;DATA-02;DATA-04;DATA-05;DATA-06;DATA-07;P02-SPECIES-CROSSWALK
pokemon-283,species,Surskit,supported,G1;T1,P17,P32,unstarted,pending,../../../tools/pokemon-dungeon/content/species.json#pokemon-283,DATA-01;DATA-02;DATA-04;DATA-05;DATA-06;DATA-07;P02-SPECIES-CROSSWALK
pokemon-284,species,Masquerain,supported,G1;T1,P17,P32,unstarted,pending,../../../tools/pokemon-dungeon/content/species.json#pokemon-284,DATA-01;DATA-02;DATA-04;DATA-05;DATA-06;DATA-07;P02-SPECIES-CROSSWALK
pokemon-285,species,Shroomish,supported,G1;T1,P17,P32,unstarted,pending,../../../tools/pokemon-dungeon/content/species.json#pokemon-285,DATA-01;DATA-02;DATA-04;DATA-05;DATA-06;DATA-07;P02-SPECIES-CROSSWALK
pokemon-286,species,Breloom,supported,G1;T1,P17,P32,unstarted,pending,../../../tools/pokemon-dungeon/content/species.json#pokemon-286,DATA-01;DATA-02;DATA-04;DATA-05;DATA-06;DATA-07;P02-SPECIES-CROSSWALK
pokemon-287,species,Slakoth,supported,G1;T1,P17,P32,unstarted,pending,../../../tools/pokemon-dungeon/content/species.json#pokemon-287,DATA-01;DATA-02;DATA-04;DATA-05;DATA-06;DATA-07;P02-SPECIES-CROSSWALK
pokemon-288,species,Vigoroth,supported,G1;T1,P17,P32,unstarted,pending,../../../tools/pokemon-dungeon/content/species.json#pokemon-288,DATA-01;DATA-02;DATA-04;DATA-05;DATA-06;DATA-07;P02-SPECIES-CROSSWALK
pokemon-289,species,Slaking,supported,G1;T1,P17,P32,unstarted,pending,../../../tools/pokemon-dungeon/content/species.json#pokemon-289,DATA-01;DATA-02;DATA-04;DATA-05;DATA-06;DATA-07;P02-SPECIES-CROSSWALK
pokemon-290,species,Nincada,supported,G1;T1,P17,P32,unstarted,pending,../../../tools/pokemon-dungeon/content/species.json#pokemon-290,DATA-01;DATA-02;DATA-04;DATA-05;DATA-06;DATA-07;P02-SPECIES-CROSSWALK
pokemon-291,species,Ninjask,supported,G1;T1,P17,P32,unstarted,pending,../../../tools/pokemon-dungeon/content/species.json#pokemon-291,DATA-01;DATA-02;DATA-04;DATA-05;DATA-06;DATA-07;P02-SPECIES-CROSSWALK
pokemon-292,species,Shedinja,supported,G1;T1,P17,P32,unstarted,pending,../../../tools/pokemon-dungeon/content/species.json#pokemon-292,DATA-01;DATA-02;DATA-04;DATA-05;DATA-06;DATA-07;P02-SPECIES-CROSSWALK
pokemon-293,species,Whismur,supported,G1;T1,P17,P32,unstarted,pending,../../../tools/pokemon-dungeon/content/species.json#pokemon-293,DATA-01;DATA-02;DATA-04;DATA-05;DATA-06;DATA-07;P02-SPECIES-CROSSWALK
pokemon-294,species,Loudred,supported,G1;T1,P17,P32,unstarted,pending,../../../tools/pokemon-dungeon/content/species.json#pokemon-294,DATA-01;DATA-02;DATA-04;DATA-05;DATA-06;DATA-07;P02-SPECIES-CROSSWALK
pokemon-295,species,Exploud,supported,G1;T1,P17,P32,unstarted,pending,../../../tools/pokemon-dungeon/content/species.json#pokemon-295,DATA-01;DATA-02;DATA-04;DATA-05;DATA-06;DATA-07;P02-SPECIES-CROSSWALK
pokemon-296,species,Makuhita,supported,G1;T1,P17,P32,unstarted,pending,../../../tools/pokemon-dungeon/content/species.json#pokemon-296,DATA-01;DATA-02;DATA-04;DATA-05;DATA-06;DATA-07;P02-SPECIES-CROSSWALK
pokemon-297,species,Hariyama,supported,G1;T1,P17,P32,unstarted,pending,../../../tools/pokemon-dungeon/content/species.json#pokemon-297,DATA-01;DATA-02;DATA-04;DATA-05;DATA-06;DATA-07;P02-SPECIES-CROSSWALK
pokemon-298,species,Azurill,supported,G1;T1,P17,P32,unstarted,pending,../../../tools/pokemon-dungeon/content/species.json#pokemon-298,DATA-01;DATA-02;DATA-04;DATA-05;DATA-06;DATA-07;P02-SPECIES-CROSSWALK
pokemon-299,species,Nosepass,supported,G1;T1,P17,P32,unstarted,pending,../../../tools/pokemon-dungeon/content/species.json#pokemon-299,DATA-01;DATA-02;DATA-04;DATA-05;DATA-06;DATA-07;P02-SPECIES-CROSSWALK
pokemon-300,species,Skitty,supported,G1;T1,P17,P32,unstarted,pending,../../../tools/pokemon-dungeon/content/species.json#pokemon-300,DATA-01;DATA-02;DATA-04;DATA-05;DATA-06;DATA-07;P02-SPECIES-CROSSWALK
pokemon-301,species,Delcatty,supported,G1;T1,P17,P32,unstarted,pending,../../../tools/pokemon-dungeon/content/species.json#pokemon-301,DATA-01;DATA-02;DATA-04;DATA-05;DATA-06;DATA-07;P02-SPECIES-CROSSWALK
pokemon-302,species,Sableye,supported,G1;T1,P17,P32,unstarted,pending,../../../tools/pokemon-dungeon/content/species.json#pokemon-302,DATA-01;DATA-02;DATA-04;DATA-05;DATA-06;DATA-07;P02-SPECIES-CROSSWALK
pokemon-303,species,Mawile,supported,G1;T1,P17,P32,unstarted,pending,../../../tools/pokemon-dungeon/content/species.json#pokemon-303,DATA-01;DATA-02;DATA-04;DATA-05;DATA-06;DATA-07;P02-SPECIES-CROSSWALK
pokemon-304,species,Aron,supported,G1;T1,P17,P32,unstarted,pending,../../../tools/pokemon-dungeon/content/species.json#pokemon-304,DATA-01;DATA-02;DATA-04;DATA-05;DATA-06;DATA-07;P02-SPECIES-CROSSWALK
pokemon-305,species,Lairon,supported,G1;T1,P17,P32,unstarted,pending,../../../tools/pokemon-dungeon/content/species.json#pokemon-305,DATA-01;DATA-02;DATA-04;DATA-05;DATA-06;DATA-07;P02-SPECIES-CROSSWALK
pokemon-306,species,Aggron,supported,G1;T1,P17,P32,unstarted,pending,../../../tools/pokemon-dungeon/content/species.json#pokemon-306,DATA-01;DATA-02;DATA-04;DATA-05;DATA-06;DATA-07;P02-SPECIES-CROSSWALK
pokemon-307,species,Meditite,supported,G1;T1,P17,P32,unstarted,pending,../../../tools/pokemon-dungeon/content/species.json#pokemon-307,DATA-01;DATA-02;DATA-04;DATA-05;DATA-06;DATA-07;P02-SPECIES-CROSSWALK
pokemon-308,species,Medicham,supported,G1;T1,P17,P32,unstarted,pending,../../../tools/pokemon-dungeon/content/species.json#pokemon-308,DATA-01;DATA-02;DATA-04;DATA-05;DATA-06;DATA-07;P02-SPECIES-CROSSWALK
pokemon-309,species,Electrike,supported,G1;T1,P17,P32,unstarted,pending,../../../tools/pokemon-dungeon/content/species.json#pokemon-309,DATA-01;DATA-02;DATA-04;DATA-05;DATA-06;DATA-07;P02-SPECIES-CROSSWALK
pokemon-310,species,Manectric,supported,G1;T1,P17,P32,unstarted,pending,../../../tools/pokemon-dungeon/content/species.json#pokemon-310,DATA-01;DATA-02;DATA-04;DATA-05;DATA-06;DATA-07;P02-SPECIES-CROSSWALK
pokemon-311,species,Plusle,supported,G1;T1,P17,P32,unstarted,pending,../../../tools/pokemon-dungeon/content/species.json#pokemon-311,DATA-01;DATA-02;DATA-04;DATA-05;DATA-06;DATA-07;P02-SPECIES-CROSSWALK
pokemon-312,species,Minun,supported,G1;T1,P17,P32,unstarted,pending,../../../tools/pokemon-dungeon/content/species.json#pokemon-312,DATA-01;DATA-02;DATA-04;DATA-05;DATA-06;DATA-07;P02-SPECIES-CROSSWALK
pokemon-313,species,Volbeat,supported,G1;T1,P17,P32,unstarted,pending,../../../tools/pokemon-dungeon/content/species.json#pokemon-313,DATA-01;DATA-02;DATA-04;DATA-05;DATA-06;DATA-07;P02-SPECIES-CROSSWALK
pokemon-314,species,Illumise,supported,G1;T1,P17,P32,unstarted,pending,../../../tools/pokemon-dungeon/content/species.json#pokemon-314,DATA-01;DATA-02;DATA-04;DATA-05;DATA-06;DATA-07;P02-SPECIES-CROSSWALK
pokemon-315,species,Roselia,supported,G1;T1,P17,P32,unstarted,pending,../../../tools/pokemon-dungeon/content/species.json#pokemon-315,DATA-01;DATA-02;DATA-04;DATA-05;DATA-06;DATA-07;P02-SPECIES-CROSSWALK
pokemon-316,species,Gulpin,supported,G1;T1,P17,P32,unstarted,pending,../../../tools/pokemon-dungeon/content/species.json#pokemon-316,DATA-01;DATA-02;DATA-04;DATA-05;DATA-06;DATA-07;P02-SPECIES-CROSSWALK
pokemon-317,species,Swalot,supported,G1;T1,P17,P32,unstarted,pending,../../../tools/pokemon-dungeon/content/species.json#pokemon-317,DATA-01;DATA-02;DATA-04;DATA-05;DATA-06;DATA-07;P02-SPECIES-CROSSWALK
pokemon-318,species,Carvanha,supported,G1;T1,P17,P32,unstarted,pending,../../../tools/pokemon-dungeon/content/species.json#pokemon-318,DATA-01;DATA-02;DATA-04;DATA-05;DATA-06;DATA-07;P02-SPECIES-CROSSWALK
pokemon-319,species,Sharpedo,supported,G1;T1,P17,P32,unstarted,pending,../../../tools/pokemon-dungeon/content/species.json#pokemon-319,DATA-01;DATA-02;DATA-04;DATA-05;DATA-06;DATA-07;P02-SPECIES-CROSSWALK
pokemon-320,species,Wailmer,supported,G1;T1,P17,P32,unstarted,pending,../../../tools/pokemon-dungeon/content/species.json#pokemon-320,DATA-01;DATA-02;DATA-04;DATA-05;DATA-06;DATA-07;P02-SPECIES-CROSSWALK
pokemon-321,species,Wailord,supported,G1;T1,P17,P32,unstarted,pending,../../../tools/pokemon-dungeon/content/species.json#pokemon-321,DATA-01;DATA-02;DATA-04;DATA-05;DATA-06;DATA-07;P02-SPECIES-CROSSWALK
pokemon-322,species,Numel,supported,G1;T1,P17,P32,unstarted,pending,../../../tools/pokemon-dungeon/content/species.json#pokemon-322,DATA-01;DATA-02;DATA-04;DATA-05;DATA-06;DATA-07;P02-SPECIES-CROSSWALK
pokemon-323,species,Camerupt,supported,G1;T1,P17,P32,unstarted,pending,../../../tools/pokemon-dungeon/content/species.json#pokemon-323,DATA-01;DATA-02;DATA-04;DATA-05;DATA-06;DATA-07;P02-SPECIES-CROSSWALK
pokemon-324,species,Torkoal,supported,G1;T1,P17,P32,unstarted,pending,../../../tools/pokemon-dungeon/content/species.json#pokemon-324,DATA-01;DATA-02;DATA-04;DATA-05;DATA-06;DATA-07;P02-SPECIES-CROSSWALK
pokemon-325,species,Spoink,supported,G1;T1,P17,P32,unstarted,pending,../../../tools/pokemon-dungeon/content/species.json#pokemon-325,DATA-01;DATA-02;DATA-04;DATA-05;DATA-06;DATA-07;P02-SPECIES-CROSSWALK
pokemon-326,species,Grumpig,supported,G1;T1,P17,P32,unstarted,pending,../../../tools/pokemon-dungeon/content/species.json#pokemon-326,DATA-01;DATA-02;DATA-04;DATA-05;DATA-06;DATA-07;P02-SPECIES-CROSSWALK
pokemon-327,species,Spinda,supported,G1;T1,P17,P32,unstarted,pending,../../../tools/pokemon-dungeon/content/species.json#pokemon-327,DATA-01;DATA-02;DATA-04;DATA-05;DATA-06;DATA-07;P02-SPECIES-CROSSWALK;P02-SPINDA-VARIATION
pokemon-328,species,Trapinch,supported,G1;T1,P17,P32,unstarted,pending,../../../tools/pokemon-dungeon/content/species.json#pokemon-328,DATA-01;DATA-02;DATA-04;DATA-05;DATA-06;DATA-07;P02-SPECIES-CROSSWALK
pokemon-329,species,Vibrava,supported,G1;T1,P17,P32,unstarted,pending,../../../tools/pokemon-dungeon/content/species.json#pokemon-329,DATA-01;DATA-02;DATA-04;DATA-05;DATA-06;DATA-07;P02-SPECIES-CROSSWALK
pokemon-330,species,Flygon,supported,G1;T1,P17,P32,unstarted,pending,../../../tools/pokemon-dungeon/content/species.json#pokemon-330,DATA-01;DATA-02;DATA-04;DATA-05;DATA-06;DATA-07;P02-SPECIES-CROSSWALK
pokemon-331,species,Cacnea,supported,G1;T1,P17,P32,unstarted,pending,../../../tools/pokemon-dungeon/content/species.json#pokemon-331,DATA-01;DATA-02;DATA-04;DATA-05;DATA-06;DATA-07;P02-SPECIES-CROSSWALK
pokemon-332,species,Cacturne,supported,G1;T1,P17,P32,unstarted,pending,../../../tools/pokemon-dungeon/content/species.json#pokemon-332,DATA-01;DATA-02;DATA-04;DATA-05;DATA-06;DATA-07;P02-SPECIES-CROSSWALK
pokemon-333,species,Swablu,supported,G1;T1,P17,P32,unstarted,pending,../../../tools/pokemon-dungeon/content/species.json#pokemon-333,DATA-01;DATA-02;DATA-04;DATA-05;DATA-06;DATA-07;P02-SPECIES-CROSSWALK
pokemon-334,species,Altaria,supported,G1;T1,P17,P32,unstarted,pending,../../../tools/pokemon-dungeon/content/species.json#pokemon-334,DATA-01;DATA-02;DATA-04;DATA-05;DATA-06;DATA-07;P02-SPECIES-CROSSWALK
pokemon-335,species,Zangoose,supported,G1;T1,P17,P32,unstarted,pending,../../../tools/pokemon-dungeon/content/species.json#pokemon-335,DATA-01;DATA-02;DATA-04;DATA-05;DATA-06;DATA-07;P02-SPECIES-CROSSWALK
pokemon-336,species,Seviper,supported,G1;T1,P17,P32,unstarted,pending,../../../tools/pokemon-dungeon/content/species.json#pokemon-336,DATA-01;DATA-02;DATA-04;DATA-05;DATA-06;DATA-07;P02-SPECIES-CROSSWALK
pokemon-337,species,Lunatone,supported,G1;T1,P17,P32,unstarted,pending,../../../tools/pokemon-dungeon/content/species.json#pokemon-337,DATA-01;DATA-02;DATA-04;DATA-05;DATA-06;DATA-07;P02-SPECIES-CROSSWALK
pokemon-338,species,Solrock,supported,G1;T1,P17,P32,unstarted,pending,../../../tools/pokemon-dungeon/content/species.json#pokemon-338,DATA-01;DATA-02;DATA-04;DATA-05;DATA-06;DATA-07;P02-SPECIES-CROSSWALK
pokemon-339,species,Barboach,supported,G1;T1,P17,P32,unstarted,pending,../../../tools/pokemon-dungeon/content/species.json#pokemon-339,DATA-01;DATA-02;DATA-04;DATA-05;DATA-06;DATA-07;P02-SPECIES-CROSSWALK
pokemon-340,species,Whiscash,supported,G1;T1,P17,P32,unstarted,pending,../../../tools/pokemon-dungeon/content/species.json#pokemon-340,DATA-01;DATA-02;DATA-04;DATA-05;DATA-06;DATA-07;P02-SPECIES-CROSSWALK
pokemon-341,species,Corphish,supported,G1;T1,P17,P32,unstarted,pending,../../../tools/pokemon-dungeon/content/species.json#pokemon-341,DATA-01;DATA-02;DATA-04;DATA-05;DATA-06;DATA-07;P02-SPECIES-CROSSWALK
pokemon-342,species,Crawdaunt,supported,G1;T1,P17,P32,unstarted,pending,../../../tools/pokemon-dungeon/content/species.json#pokemon-342,DATA-01;DATA-02;DATA-04;DATA-05;DATA-06;DATA-07;P02-SPECIES-CROSSWALK
pokemon-343,species,Baltoy,supported,G1;T1,P17,P32,unstarted,pending,../../../tools/pokemon-dungeon/content/species.json#pokemon-343,DATA-01;DATA-02;DATA-04;DATA-05;DATA-06;DATA-07;P02-SPECIES-CROSSWALK
pokemon-344,species,Claydol,supported,G1;T1,P17,P32,unstarted,pending,../../../tools/pokemon-dungeon/content/species.json#pokemon-344,DATA-01;DATA-02;DATA-04;DATA-05;DATA-06;DATA-07;P02-SPECIES-CROSSWALK
pokemon-345,species,Lileep,supported,G1;T1,P17,P32,unstarted,pending,../../../tools/pokemon-dungeon/content/species.json#pokemon-345,DATA-01;DATA-02;DATA-04;DATA-05;DATA-06;DATA-07;P02-SPECIES-CROSSWALK
pokemon-346,species,Cradily,supported,G1;T1,P17,P32,unstarted,pending,../../../tools/pokemon-dungeon/content/species.json#pokemon-346,DATA-01;DATA-02;DATA-04;DATA-05;DATA-06;DATA-07;P02-SPECIES-CROSSWALK
pokemon-347,species,Anorith,supported,G1;T1,P17,P32,unstarted,pending,../../../tools/pokemon-dungeon/content/species.json#pokemon-347,DATA-01;DATA-02;DATA-04;DATA-05;DATA-06;DATA-07;P02-SPECIES-CROSSWALK
pokemon-348,species,Armaldo,supported,G1;T1,P17,P32,unstarted,pending,../../../tools/pokemon-dungeon/content/species.json#pokemon-348,DATA-01;DATA-02;DATA-04;DATA-05;DATA-06;DATA-07;P02-SPECIES-CROSSWALK
pokemon-349,species,Feebas,supported,G1;T1,P17,P32,unstarted,pending,../../../tools/pokemon-dungeon/content/species.json#pokemon-349,DATA-01;DATA-02;DATA-04;DATA-05;DATA-06;DATA-07;P02-SPECIES-CROSSWALK
pokemon-350,species,Milotic,supported,G1;T1,P17,P32,unstarted,pending,../../../tools/pokemon-dungeon/content/species.json#pokemon-350,DATA-01;DATA-02;DATA-04;DATA-05;DATA-06;DATA-07;P02-SPECIES-CROSSWALK
pokemon-351,species,Castform,supported,G1;T1,P17,P32,unstarted,pending,../../../tools/pokemon-dungeon/content/species.json#pokemon-351,DATA-01;DATA-02;DATA-04;DATA-05;DATA-06;DATA-07;P02-SPECIES-CROSSWALK
pokemon-352,species,Kecleon,supported,G1;T1,P17,P32,unstarted,pending,../../../tools/pokemon-dungeon/content/species.json#pokemon-352,DATA-01;DATA-02;DATA-04;DATA-05;DATA-06;DATA-07;P02-SPECIES-CROSSWALK
pokemon-353,species,Shuppet,supported,G1;T1,P17,P32,unstarted,pending,../../../tools/pokemon-dungeon/content/species.json#pokemon-353,DATA-01;DATA-02;DATA-04;DATA-05;DATA-06;DATA-07;P02-SPECIES-CROSSWALK
pokemon-354,species,Banette,supported,G1;T1,P17,P32,unstarted,pending,../../../tools/pokemon-dungeon/content/species.json#pokemon-354,DATA-01;DATA-02;DATA-04;DATA-05;DATA-06;DATA-07;P02-SPECIES-CROSSWALK
pokemon-355,species,Duskull,supported,G1;T1,P17,P32,unstarted,pending,../../../tools/pokemon-dungeon/content/species.json#pokemon-355,DATA-01;DATA-02;DATA-04;DATA-05;DATA-06;DATA-07;P02-SPECIES-CROSSWALK
pokemon-356,species,Dusclops,supported,G1;T1,P17,P32,unstarted,pending,../../../tools/pokemon-dungeon/content/species.json#pokemon-356,DATA-01;DATA-02;DATA-04;DATA-05;DATA-06;DATA-07;P02-SPECIES-CROSSWALK
pokemon-357,species,Tropius,supported,G1;T1,P17,P32,unstarted,pending,../../../tools/pokemon-dungeon/content/species.json#pokemon-357,DATA-01;DATA-02;DATA-04;DATA-05;DATA-06;DATA-07;P02-SPECIES-CROSSWALK
pokemon-358,species,Chimecho,supported,G1;T1,P17,P32,unstarted,pending,../../../tools/pokemon-dungeon/content/species.json#pokemon-358,DATA-01;DATA-02;DATA-04;DATA-05;DATA-06;DATA-07;P02-SPECIES-CROSSWALK
pokemon-359,species,Absol,supported,G1;T1,P17,P32,unstarted,pending,../../../tools/pokemon-dungeon/content/species.json#pokemon-359,DATA-01;DATA-02;DATA-04;DATA-05;DATA-06;DATA-07;P02-SPECIES-CROSSWALK
pokemon-360,species,Wynaut,supported,G1;T1,P17,P32,unstarted,pending,../../../tools/pokemon-dungeon/content/species.json#pokemon-360,DATA-01;DATA-02;DATA-04;DATA-05;DATA-06;DATA-07;P02-SPECIES-CROSSWALK
pokemon-361,species,Snorunt,supported,G1;T1,P17,P32,unstarted,pending,../../../tools/pokemon-dungeon/content/species.json#pokemon-361,DATA-01;DATA-02;DATA-04;DATA-05;DATA-06;DATA-07;P02-SPECIES-CROSSWALK
pokemon-362,species,Glalie,supported,G1;T1,P17,P32,unstarted,pending,../../../tools/pokemon-dungeon/content/species.json#pokemon-362,DATA-01;DATA-02;DATA-04;DATA-05;DATA-06;DATA-07;P02-SPECIES-CROSSWALK
pokemon-363,species,Spheal,supported,G1;T1,P17,P32,unstarted,pending,../../../tools/pokemon-dungeon/content/species.json#pokemon-363,DATA-01;DATA-02;DATA-04;DATA-05;DATA-06;DATA-07;P02-SPECIES-CROSSWALK
pokemon-364,species,Sealeo,supported,G1;T1,P17,P32,unstarted,pending,../../../tools/pokemon-dungeon/content/species.json#pokemon-364,DATA-01;DATA-02;DATA-04;DATA-05;DATA-06;DATA-07;P02-SPECIES-CROSSWALK
pokemon-365,species,Walrein,supported,G1;T1,P17,P32,unstarted,pending,../../../tools/pokemon-dungeon/content/species.json#pokemon-365,DATA-01;DATA-02;DATA-04;DATA-05;DATA-06;DATA-07;P02-SPECIES-CROSSWALK
pokemon-366,species,Clamperl,supported,G1;T1,P17,P32,unstarted,pending,../../../tools/pokemon-dungeon/content/species.json#pokemon-366,DATA-01;DATA-02;DATA-04;DATA-05;DATA-06;DATA-07;P02-SPECIES-CROSSWALK
pokemon-367,species,Huntail,supported,G1;T1,P17,P32,unstarted,pending,../../../tools/pokemon-dungeon/content/species.json#pokemon-367,DATA-01;DATA-02;DATA-04;DATA-05;DATA-06;DATA-07;P02-SPECIES-CROSSWALK
pokemon-368,species,Gorebyss,supported,G1;T1,P17,P32,unstarted,pending,../../../tools/pokemon-dungeon/content/species.json#pokemon-368,DATA-01;DATA-02;DATA-04;DATA-05;DATA-06;DATA-07;P02-SPECIES-CROSSWALK
pokemon-369,species,Relicanth,supported,G1;T1,P17,P32,unstarted,pending,../../../tools/pokemon-dungeon/content/species.json#pokemon-369,DATA-01;DATA-02;DATA-04;DATA-05;DATA-06;DATA-07;P02-SPECIES-CROSSWALK
pokemon-370,species,Luvdisc,supported,G1;T1,P17,P32,unstarted,pending,../../../tools/pokemon-dungeon/content/species.json#pokemon-370,DATA-01;DATA-02;DATA-04;DATA-05;DATA-06;DATA-07;P02-SPECIES-CROSSWALK
pokemon-371,species,Bagon,supported,G1;T1,P17,P32,unstarted,pending,../../../tools/pokemon-dungeon/content/species.json#pokemon-371,DATA-01;DATA-02;DATA-04;DATA-05;DATA-06;DATA-07;P02-SPECIES-CROSSWALK
pokemon-372,species,Shelgon,supported,G1;T1,P17,P32,unstarted,pending,../../../tools/pokemon-dungeon/content/species.json#pokemon-372,DATA-01;DATA-02;DATA-04;DATA-05;DATA-06;DATA-07;P02-SPECIES-CROSSWALK
pokemon-373,species,Salamence,supported,G1;T1,P17,P32,unstarted,pending,../../../tools/pokemon-dungeon/content/species.json#pokemon-373,DATA-01;DATA-02;DATA-04;DATA-05;DATA-06;DATA-07;P02-SPECIES-CROSSWALK
pokemon-374,species,Beldum,supported,G1;T1,P17,P32,unstarted,pending,../../../tools/pokemon-dungeon/content/species.json#pokemon-374,DATA-01;DATA-02;DATA-04;DATA-05;DATA-06;DATA-07;P02-SPECIES-CROSSWALK
pokemon-375,species,Metang,supported,G1;T1,P17,P32,unstarted,pending,../../../tools/pokemon-dungeon/content/species.json#pokemon-375,DATA-01;DATA-02;DATA-04;DATA-05;DATA-06;DATA-07;P02-SPECIES-CROSSWALK
pokemon-376,species,Metagross,supported,G1;T1,P17,P32,unstarted,pending,../../../tools/pokemon-dungeon/content/species.json#pokemon-376,DATA-01;DATA-02;DATA-04;DATA-05;DATA-06;DATA-07;P02-SPECIES-CROSSWALK
pokemon-377,species,Regirock,supported,G1;T1,P17,P32,unstarted,pending,../../../tools/pokemon-dungeon/content/species.json#pokemon-377,DATA-01;DATA-02;DATA-04;DATA-05;DATA-06;DATA-07;P02-SPECIES-CROSSWALK
pokemon-378,species,Regice,supported,G1;T1,P17,P32,unstarted,pending,../../../tools/pokemon-dungeon/content/species.json#pokemon-378,DATA-01;DATA-02;DATA-04;DATA-05;DATA-06;DATA-07;P02-SPECIES-CROSSWALK
pokemon-379,species,Registeel,supported,G1;T1,P17,P32,unstarted,pending,../../../tools/pokemon-dungeon/content/species.json#pokemon-379,DATA-01;DATA-02;DATA-04;DATA-05;DATA-06;DATA-07;P02-SPECIES-CROSSWALK
pokemon-380,species,Latias,supported,G1;T1,P17,P32,unstarted,pending,../../../tools/pokemon-dungeon/content/species.json#pokemon-380,DATA-01;DATA-02;DATA-04;DATA-05;DATA-06;DATA-07;P02-SPECIES-CROSSWALK
pokemon-381,species,Latios,supported,G1;T1,P17,P32,unstarted,pending,../../../tools/pokemon-dungeon/content/species.json#pokemon-381,DATA-01;DATA-02;DATA-04;DATA-05;DATA-06;DATA-07;P02-SPECIES-CROSSWALK
pokemon-382,species,Kyogre,supported,G1;T1,P17,P32,unstarted,pending,../../../tools/pokemon-dungeon/content/species.json#pokemon-382,DATA-01;DATA-02;DATA-04;DATA-05;DATA-06;DATA-07;P02-SPECIES-CROSSWALK
pokemon-383,species,Groudon,supported,G1;T1,P17,P32,unstarted,pending,../../../tools/pokemon-dungeon/content/species.json#pokemon-383,DATA-01;DATA-02;DATA-04;DATA-05;DATA-06;DATA-07;P02-SPECIES-CROSSWALK
pokemon-384,species,Rayquaza,supported,G1;T1,P17,P32,unstarted,pending,../../../tools/pokemon-dungeon/content/species.json#pokemon-384,DATA-01;DATA-02;DATA-04;DATA-05;DATA-06;DATA-07;P02-SPECIES-CROSSWALK
pokemon-385,species,Jirachi,supported,G1;T1,P17,P32,unstarted,pending,../../../tools/pokemon-dungeon/content/species.json#pokemon-385,DATA-01;DATA-02;DATA-04;DATA-05;DATA-06;DATA-07;P02-SPECIES-CROSSWALK
pokemon-386,species,Deoxys,supported,G1;T1,P17,P32,unstarted,pending,../../../tools/pokemon-dungeon/content/species.json#pokemon-386,DATA-01;DATA-02;DATA-04;DATA-05;DATA-06;DATA-07;P02-SPECIES-CROSSWALK;DATA-03-species-learning-effects
pokemon-square,supportLocation,Pokémon Square,blocked,PLAN-DATA-4;PLAN-CAMPAIGN-7.2;campaign:square,P20,P32,unstarted,pending,../../../tools/pokemon-dungeon/content/locations.json#pokemon-square,P02-LOC-SUPPORT-MAPS
purity-forest,dungeon,Purity Forest,blocked,G2;PLAN-DATA-4;PLAN-CAMPAIGN-5.8;campaign:purity,P31,P32,unstarted,pending,../../../tools/pokemon-dungeon/content/locations.json#purity-forest,CAMPAIGN-GAP-05-LOCATION-02
purity-forest-celebi-floor,fixedFloor,Celebi automatic recruitment,blocked,G2;PLAN-DATA-4;PLAN-CAMPAIGN-5.8;campaign:purity,P31,P32,unstarted,pending,../../../tools/pokemon-dungeon/content/locations.json#purity-forest-celebi-floor,CAMPAIGN-GAP-02-LOCATION-04
remains-island,dungeon,Remains Island,blocked,G2;PLAN-DATA-4;PLAN-CAMPAIGN-6;campaign:remains_island,P31,P32,unstarted,pending,../../../tools/pokemon-dungeon/content/locations.json#remains-island,CAMPAIGN-GAP-05-LOCATION-02;P02-LOC-EVENT-ACCESS
rock-path,dungeon,Rock Path,blocked,G2;PLAN-DATA-4;PLAN-CAMPAIGN-6;campaign:c3,P24,P32,unstarted,pending,../../../tools/pokemon-dungeon/content/locations.json#rock-path,CAMPAIGN-GAP-05-LOCATION-02
silent-chasm,dungeon,Silent Chasm,blocked,G2;PLAN-DATA-4;PLAN-CAMPAIGN-4.1;campaign:c2;campaign:silent;PLAN-BLUE-RULES-V1,P23,P32,unstarted,pending,../../../tools/pokemon-dungeon/content/locations.json#silent-chasm,CAMPAIGN-GAP-05-LOCATION-02
silent-chasm-rescue-clearing,terminalMap,Silent Chasm rescue clearing,blocked,G2;PLAN-DATA-4;PLAN-CAMPAIGN-4.1;campaign:c2;campaign:silent;PLAN-BLUE-RULES-V1;PLAN-BLUE-RULES-V2,P23,P32,unstarted,pending,../../../tools/pokemon-dungeon/content/locations.json#silent-chasm-rescue-clearing,P01-CAMPAIGN-TERMINAL-LABELS
silver-trench,dungeon,Silver Trench,blocked,G2;PLAN-DATA-4;PLAN-CAMPAIGN-5.5;campaign:c8;campaign:silver,P28,P32,unstarted,pending,../../../tools/pokemon-dungeon/content/locations.json#silver-trench,CAMPAIGN-GAP-05-LOCATION-02
silver-trench-15-monster-house-floor,fixedFloor,Whole-floor Monster House,blocked,G2;PLAN-DATA-4;PLAN-CAMPAIGN-5.5;campaign:c8;campaign:silver,P28,P32,unstarted,pending,../../../tools/pokemon-dungeon/content/locations.json#silver-trench-15-monster-house-floor,CAMPAIGN-GAP-02-LOCATION-04
silver-trench-35-monster-house-floor,fixedFloor,Whole-floor Monster House,blocked,G2;PLAN-DATA-4;PLAN-CAMPAIGN-5.5;campaign:c8;campaign:silver,P28,P32,unstarted,pending,../../../tools/pokemon-dungeon/content/locations.json#silver-trench-35-monster-house-floor,CAMPAIGN-GAP-02-LOCATION-04
silver-trench-55-monster-house-floor,fixedFloor,Whole-floor Monster House,blocked,G2;PLAN-DATA-4;PLAN-CAMPAIGN-5.5;campaign:c8;campaign:silver,P28,P32,unstarted,pending,../../../tools/pokemon-dungeon/content/locations.json#silver-trench-55-monster-house-floor,CAMPAIGN-GAP-02-LOCATION-04
silver-trench-75-monster-house-floor,fixedFloor,Whole-floor Monster House,blocked,G2;PLAN-DATA-4;PLAN-CAMPAIGN-5.5;campaign:c8;campaign:silver,P28,P32,unstarted,pending,../../../tools/pokemon-dungeon/content/locations.json#silver-trench-75-monster-house-floor,CAMPAIGN-GAP-02-LOCATION-04
silver-trench-lugia-floor,fixedFloor,Lugia encounter,blocked,G2;PLAN-DATA-4;PLAN-CAMPAIGN-5.5;campaign:c8;campaign:silver,P28,P32,unstarted,pending,../../../tools/pokemon-dungeon/content/locations.json#silver-trench-lugia-floor,CAMPAIGN-GAP-02-LOCATION-04
sinister-woods,dungeon,Sinister Woods,blocked,G2;PLAN-DATA-4;PLAN-CAMPAIGN-4.1;campaign:c2,P23,P32,unstarted,pending,../../../tools/pokemon-dungeon/content/locations.json#sinister-woods,CAMPAIGN-GAP-05-LOCATION-02
sinister-woods-team-meanies-floor,fixedFloor,Team Meanies encounter,blocked,G2;PLAN-DATA-4;PLAN-CAMPAIGN-4.1;campaign:c2,P23,P32,unstarted,pending,../../../tools/pokemon-dungeon/content/locations.json#sinister-woods-team-meanies-floor,CAMPAIGN-GAP-02-LOCATION-04
sky-tower,dungeon,Sky Tower,blocked,G2;PLAN-DATA-4;PLAN-CAMPAIGN-4.1;campaign:c5;campaign:sky;campaign:main;PLAN-BLUE-RULES-V1,P26,P32,unstarted,pending,../../../tools/pokemon-dungeon/content/locations.json#sky-tower,CAMPAIGN-GAP-05-LOCATION-02
sky-tower-main,dungeonSegment,Sky Tower,blocked,G2;PLAN-DATA-4;PLAN-CAMPAIGN-4.1;campaign:c5;campaign:sky;campaign:main;PLAN-BLUE-RULES-V1,P26,P32,unstarted,pending,../../../tools/pokemon-dungeon/content/locations.json#sky-tower-main,CAMPAIGN-GAP-02-LOCATION-01
sky-tower-rest-stop,restStop,Sky Tower midpoint,blocked,G2;PLAN-DATA-4;PLAN-CAMPAIGN-4.1;campaign:c5;campaign:sky;campaign:main;PLAN-BLUE-RULES-V1,P26,P32,unstarted,pending,../../../tools/pokemon-dungeon/content/locations.json#sky-tower-rest-stop,CAMPAIGN-GAP-02-LOCATION-02
sky-tower-summit,dungeonSegment,Sky Tower Summit,blocked,G2;PLAN-DATA-4;PLAN-CAMPAIGN-4.1;campaign:c5;campaign:sky;campaign:main;PLAN-BLUE-RULES-V1,P26,P32,unstarted,pending,../../../tools/pokemon-dungeon/content/locations.json#sky-tower-summit,CAMPAIGN-GAP-02-LOCATION-01
sky-tower-summit-rayquaza-floor,fixedFloor,Rayquaza encounter,blocked,G2;PLAN-DATA-4;PLAN-CAMPAIGN-4.1;campaign:c5;campaign:sky;campaign:main;PLAN-BLUE-RULES-V1,P26,P32,unstarted,pending,../../../tools/pokemon-dungeon/content/locations.json#sky-tower-summit-rayquaza-floor,CAMPAIGN-GAP-02-LOCATION-04
snow-path,dungeon,Snow Path,blocked,G2;PLAN-DATA-4;PLAN-CAMPAIGN-6;campaign:snow_path,P24,P32,unstarted,pending,../../../tools/pokemon-dungeon/content/locations.json#snow-path,CAMPAIGN-GAP-05-LOCATION-02
solar-cave,dungeon,Solar Cave,blocked,G2;PLAN-DATA-4;PLAN-CAMPAIGN-6;campaign:solar_cave,P31,P32,unstarted,pending,../../../tools/pokemon-dungeon/content/locations.json#solar-cave,CAMPAIGN-GAP-05-LOCATION-02
southern-cavern,dungeon,Southern Cavern,blocked,G2;PLAN-DATA-4;PLAN-CAMPAIGN-6;campaign:southern_cavern,P31,P32,unstarted,pending,../../../tools/pokemon-dungeon/content/locations.json#southern-cavern,CAMPAIGN-GAP-05-LOCATION-02
square-kecleon-purple,storyActor,Purple Kecleon shopkeeper,supported,systems:shops,P20,P32,unstarted,pending,../../../tools/pokemon-dungeon/content/forms.json#square-kecleon-purple,P02-KECLEON-STORY-VARIANT
square-munchlax,storyActor,Munchlax,supported,G6,P20,P32,unstarted,pending,../../../tools/pokemon-dungeon/content/forms.json#square-munchlax,P02-MUNCHLAX-EVENT
status-asleep,status,Asleep,supported,P01B-S-STATUS,P15,P32,unstarted,pending,../../../tools/pokemon-dungeon/content/systems.json#status-asleep,P02-SYS-STATUS-SEMANTICS
status-badly-poisoned,status,Badly Poisoned,supported,P01B-S-STATUS,P15,P32,unstarted,pending,../../../tools/pokemon-dungeon/content/systems.json#status-badly-poisoned,P02-SYS-STATUS-SEMANTICS
status-bide,status,Bide,supported,P01B-S-STATUS,P15,P32,unstarted,pending,../../../tools/pokemon-dungeon/content/systems.json#status-bide,P02-SYS-STATUS-SEMANTICS
status-blinker,status,Blinker,supported,P01B-S-STATUS,P15,P32,unstarted,pending,../../../tools/pokemon-dungeon/content/systems.json#status-blinker,P02-SYS-STATUS-SEMANTICS
status-bouncing,status,Bouncing,supported,P01B-S-STATUS,P15,P32,unstarted,pending,../../../tools/pokemon-dungeon/content/systems.json#status-bouncing,P02-SYS-STATUS-SEMANTICS
status-burned,status,Burned,supported,P01B-S-STATUS,P15,P32,unstarted,pending,../../../tools/pokemon-dungeon/content/systems.json#status-burned,P02-SYS-STATUS-SEMANTICS
status-charging,status,Charging,supported,P01B-S-STATUS,P15,P32,unstarted,pending,../../../tools/pokemon-dungeon/content/systems.json#status-charging,P02-SYS-STATUS-SEMANTICS
status-confused,status,Confused,supported,P01B-S-STATUS,P15,P32,unstarted,pending,../../../tools/pokemon-dungeon/content/systems.json#status-confused,P02-SYS-STATUS-SEMANTICS
status-constriction,status,Constriction,supported,P01B-S-STATUS,P15,P32,unstarted,pending,../../../tools/pokemon-dungeon/content/systems.json#status-constriction,P02-SYS-STATUS-SEMANTICS
status-conversion-2,status,Conversion 2,supported,P01B-S-STATUS,P15,P32,unstarted,pending,../../../tools/pokemon-dungeon/content/systems.json#status-conversion-2,P02-SYS-STATUS-SEMANTICS
status-counter,status,Counter,supported,P01B-S-STATUS,P15,P32,unstarted,pending,../../../tools/pokemon-dungeon/content/systems.json#status-counter,P02-SYS-STATUS-SEMANTICS
status-cowering,status,Cowering,supported,P01B-S-STATUS,P15,P32,unstarted,pending,../../../tools/pokemon-dungeon/content/systems.json#status-cowering,P02-SYS-STATUS-SEMANTICS
status-cringing,status,Cringing,supported,P01B-S-STATUS,P15,P32,unstarted,pending,../../../tools/pokemon-dungeon/content/systems.json#status-cringing,P02-SYS-STATUS-SEMANTICS
status-cross-eyed,status,Cross-Eyed,supported,P01B-S-STATUS,P15,P32,unstarted,pending,../../../tools/pokemon-dungeon/content/systems.json#status-cross-eyed,P02-SYS-STATUS-SEMANTICS
status-cursed,status,Cursed,supported,P01B-S-STATUS,P15,P32,unstarted,pending,../../../tools/pokemon-dungeon/content/systems.json#status-cursed,P02-SYS-STATUS-SEMANTICS
status-decoy,status,Decoy,supported,P01B-S-STATUS,P15,P32,unstarted,pending,../../../tools/pokemon-dungeon/content/systems.json#status-decoy,P02-SYS-STATUS-SEMANTICS
status-destiny-bond,status,Destiny Bond,supported,P01B-S-STATUS,P15,P32,unstarted,pending,../../../tools/pokemon-dungeon/content/systems.json#status-destiny-bond,P02-SYS-STATUS-SEMANTICS
status-digging,status,Digging,supported,P01B-S-STATUS,P15,P32,unstarted,pending,../../../tools/pokemon-dungeon/content/systems.json#status-digging,P02-SYS-STATUS-SEMANTICS
status-diving,status,Diving,supported,P01B-S-STATUS,P15,P32,unstarted,pending,../../../tools/pokemon-dungeon/content/systems.json#status-diving,P02-SYS-STATUS-SEMANTICS
status-encore,status,Encore,supported,P01B-S-STATUS,P15,P32,unstarted,pending,../../../tools/pokemon-dungeon/content/systems.json#status-encore,P02-SYS-STATUS-SEMANTICS
status-enduring,status,Enduring,supported,P01B-S-STATUS,P15,P32,unstarted,pending,../../../tools/pokemon-dungeon/content/systems.json#status-enduring,P02-SYS-STATUS-SEMANTICS
status-enraged,status,Enraged,supported,P01B-S-STATUS,P15,P32,unstarted,pending,../../../tools/pokemon-dungeon/content/systems.json#status-enraged,P02-SYS-STATUS-SEMANTICS
status-exposed,status,Exposed,supported,P01B-S-STATUS,P15,P32,unstarted,pending,../../../tools/pokemon-dungeon/content/systems.json#status-exposed,P02-SYS-STATUS-SEMANTICS
status-eyedrops,status,Eyedrops,supported,P01B-S-STATUS,P15,P32,unstarted,pending,../../../tools/pokemon-dungeon/content/systems.json#status-eyedrops,P02-SYS-STATUS-SEMANTICS
status-flying,status,Flying,supported,P01B-S-STATUS,P15,P32,unstarted,pending,../../../tools/pokemon-dungeon/content/systems.json#status-flying,P02-SYS-STATUS-SEMANTICS
status-focus-energy,status,Focus Energy,supported,P01B-S-STATUS,P15,P32,unstarted,pending,../../../tools/pokemon-dungeon/content/systems.json#status-focus-energy,P02-SYS-STATUS-SEMANTICS
status-focus-punch,status,Focus Punch,supported,P01B-S-STATUS,P15,P32,unstarted,pending,../../../tools/pokemon-dungeon/content/systems.json#status-focus-punch,P02-SYS-STATUS-SEMANTICS
status-frozen,status,Frozen,supported,P01B-S-STATUS,P15,P32,unstarted,pending,../../../tools/pokemon-dungeon/content/systems.json#status-frozen,P02-SYS-STATUS-SEMANTICS
status-grudge,status,Grudge,supported,P01B-S-STATUS,P15,P32,unstarted,pending,../../../tools/pokemon-dungeon/content/systems.json#status-grudge,P02-SYS-STATUS-SEMANTICS
status-infatuated,status,Infatuated,supported,P01B-S-STATUS,P15,P32,unstarted,pending,../../../tools/pokemon-dungeon/content/systems.json#status-infatuated,P02-SYS-STATUS-SEMANTICS
status-ingrain,status,Ingrain,supported,P01B-S-STATUS,P15,P32,unstarted,pending,../../../tools/pokemon-dungeon/content/systems.json#status-ingrain,P02-SYS-STATUS-SEMANTICS
status-invisible,status,Invisible,supported,P01B-S-STATUS,P15,P32,unstarted,pending,../../../tools/pokemon-dungeon/content/systems.json#status-invisible,P02-SYS-STATUS-SEMANTICS
status-leech-seed,status,Leech Seed,supported,P01B-S-STATUS,P15,P32,unstarted,pending,../../../tools/pokemon-dungeon/content/systems.json#status-leech-seed,P02-SYS-STATUS-SEMANTICS
status-leg-hold,status,Leg Hold,supported,P01B-S-STATUS,P15,P32,unstarted,pending,../../../tools/pokemon-dungeon/content/systems.json#status-leg-hold,P02-SYS-STATUS-SEMANTICS
status-light-screen,status,Light Screen,supported,P01B-S-STATUS,P15,P32,unstarted,pending,../../../tools/pokemon-dungeon/content/systems.json#status-light-screen,P02-SYS-STATUS-SEMANTICS
status-long-toss,status,Long Toss,supported,P01B-S-STATUS,P15,P32,unstarted,pending,../../../tools/pokemon-dungeon/content/systems.json#status-long-toss,P02-SYS-STATUS-SEMANTICS
status-magic-coat,status,Magic Coat,supported,P01B-S-STATUS,P15,P32,unstarted,pending,../../../tools/pokemon-dungeon/content/systems.json#status-magic-coat,P02-SYS-STATUS-SEMANTICS
status-mini-counter,status,Mini Counter,supported,P01B-S-STATUS,P15,P32,unstarted,pending,../../../tools/pokemon-dungeon/content/systems.json#status-mini-counter,P02-SYS-STATUS-SEMANTICS
status-mirror-coat,status,Mirror Coat,supported,P01B-S-STATUS,P15,P32,unstarted,pending,../../../tools/pokemon-dungeon/content/systems.json#status-mirror-coat,P02-SYS-STATUS-SEMANTICS
status-mirror-move,status,Mirror Move,supported,P01B-S-STATUS,P15,P32,unstarted,pending,../../../tools/pokemon-dungeon/content/systems.json#status-mirror-move,P02-SYS-STATUS-SEMANTICS
status-mist,status,Mist,supported,P01B-S-STATUS,P15,P32,unstarted,pending,../../../tools/pokemon-dungeon/content/systems.json#status-mist,P02-SYS-STATUS-SEMANTICS
status-mobile,status,Mobile,supported,P01B-S-STATUS,P15,P32,unstarted,pending,../../../tools/pokemon-dungeon/content/systems.json#status-mobile,P02-SYS-STATUS-SEMANTICS
status-muzzled,status,Muzzled,supported,P01B-S-STATUS,P15,P32,unstarted,pending,../../../tools/pokemon-dungeon/content/systems.json#status-muzzled,P02-SYS-STATUS-SEMANTICS
status-napping,status,Napping,supported,P01B-S-STATUS,P15,P32,unstarted,pending,../../../tools/pokemon-dungeon/content/systems.json#status-napping,P02-SYS-STATUS-SEMANTICS
status-nightmare,status,Nightmare,supported,P01B-S-STATUS,P15,P32,unstarted,pending,../../../tools/pokemon-dungeon/content/systems.json#status-nightmare,P02-SYS-STATUS-SEMANTICS
status-paralyzed,status,Paralyzed,supported,P01B-S-STATUS,P15,P32,unstarted,pending,../../../tools/pokemon-dungeon/content/systems.json#status-paralyzed,P02-SYS-STATUS-SEMANTICS
status-paused,status,Paused,supported,P01B-S-STATUS,P15,P32,unstarted,pending,../../../tools/pokemon-dungeon/content/systems.json#status-paused,P02-SYS-STATUS-SEMANTICS
status-perish-song,status,Perish Song,supported,P01B-S-STATUS,P15,P32,unstarted,pending,../../../tools/pokemon-dungeon/content/systems.json#status-perish-song,P02-SYS-STATUS-SEMANTICS
status-petrified,status,Petrified,supported,P01B-S-STATUS,P15,P32,unstarted,pending,../../../tools/pokemon-dungeon/content/systems.json#status-petrified,P02-SYS-STATUS-SEMANTICS
status-pierce,status,Pierce,supported,P01B-S-STATUS,P15,P32,unstarted,pending,../../../tools/pokemon-dungeon/content/systems.json#status-pierce,P02-SYS-STATUS-SEMANTICS
status-poisoned,status,Poisoned,supported,P01B-S-STATUS,P15,P32,unstarted,pending,../../../tools/pokemon-dungeon/content/systems.json#status-poisoned,P02-SYS-STATUS-SEMANTICS
status-power-ears,status,Power Ears,supported,P01B-S-STATUS,P15,P32,unstarted,pending,../../../tools/pokemon-dungeon/content/systems.json#status-power-ears,P02-SYS-STATUS-SEMANTICS
status-protect,status,Protect,supported,P01B-S-STATUS,P15,P32,unstarted,pending,../../../tools/pokemon-dungeon/content/systems.json#status-protect,P02-SYS-STATUS-SEMANTICS
status-razor-wind,status,Razor Wind,supported,P01B-S-STATUS,P15,P32,unstarted,pending,../../../tools/pokemon-dungeon/content/systems.json#status-razor-wind,P02-SYS-STATUS-SEMANTICS
status-reflect,status,Reflect,supported,P01B-S-STATUS,P15,P32,unstarted,pending,../../../tools/pokemon-dungeon/content/systems.json#status-reflect,P02-SYS-STATUS-SEMANTICS
status-safeguard,status,Safeguard,supported,P01B-S-STATUS,P15,P32,unstarted,pending,../../../tools/pokemon-dungeon/content/systems.json#status-safeguard,P02-SYS-STATUS-SEMANTICS
status-scanning,status,Scanning,supported,P01B-S-STATUS,P15,P32,unstarted,pending,../../../tools/pokemon-dungeon/content/systems.json#status-scanning,P02-SYS-STATUS-SEMANTICS
status-set-damage,status,Set Damage,supported,P01B-S-STATUS,P15,P32,unstarted,pending,../../../tools/pokemon-dungeon/content/systems.json#status-set-damage,P02-SYS-STATUS-SEMANTICS
status-skull-bash,status,Skull Bash,supported,P01B-S-STATUS,P15,P32,unstarted,pending,../../../tools/pokemon-dungeon/content/systems.json#status-skull-bash,P02-SYS-STATUS-SEMANTICS
status-sky-attack,status,Sky Attack,supported,P01B-S-STATUS,P15,P32,unstarted,pending,../../../tools/pokemon-dungeon/content/systems.json#status-sky-attack,P02-SYS-STATUS-SEMANTICS
status-sleepless,status,Sleepless,supported,P01B-S-STATUS,P15,P32,unstarted,pending,../../../tools/pokemon-dungeon/content/systems.json#status-sleepless,P02-SYS-STATUS-SEMANTICS
status-snatch,status,Snatch,supported,P01B-S-STATUS,P15,P32,unstarted,pending,../../../tools/pokemon-dungeon/content/systems.json#status-snatch,P02-SYS-STATUS-SEMANTICS
status-solarbeam,status,Solarbeam,supported,P01B-S-STATUS,P15,P32,unstarted,pending,../../../tools/pokemon-dungeon/content/systems.json#status-solarbeam,P02-SYS-STATUS-SEMANTICS
status-stair-spotter,status,Stair Spotter,supported,P01B-S-STATUS,P15,P32,unstarted,pending,../../../tools/pokemon-dungeon/content/systems.json#status-stair-spotter,P02-SYS-STATUS-SEMANTICS
status-stockpiling,status,Stockpiling,supported,P01B-S-STATUS,P15,P32,unstarted,pending,../../../tools/pokemon-dungeon/content/systems.json#status-stockpiling,P02-SYS-STATUS-SEMANTICS
status-sure-shot,status,Sure Shot,supported,P01B-S-STATUS,P15,P32,unstarted,pending,../../../tools/pokemon-dungeon/content/systems.json#status-sure-shot,P02-SYS-STATUS-SEMANTICS
status-taunted,status,Taunted,supported,P01B-S-STATUS,P15,P32,unstarted,pending,../../../tools/pokemon-dungeon/content/systems.json#status-taunted,P02-SYS-STATUS-SEMANTICS
status-terrified,status,Terrified,supported,P01B-S-STATUS,P15,P32,unstarted,pending,../../../tools/pokemon-dungeon/content/systems.json#status-terrified,P02-SYS-STATUS-SEMANTICS
status-transformed,status,Transformed,supported,P01B-S-STATUS,P15,P32,unstarted,pending,../../../tools/pokemon-dungeon/content/systems.json#status-transformed,P02-SYS-STATUS-SEMANTICS
status-vital-throw,status,Vital Throw,supported,P01B-S-STATUS,P15,P32,unstarted,pending,../../../tools/pokemon-dungeon/content/systems.json#status-vital-throw,P02-SYS-STATUS-SEMANTICS
status-whiffer,status,Whiffer,supported,P01B-S-STATUS,P15,P32,unstarted,pending,../../../tools/pokemon-dungeon/content/systems.json#status-whiffer,P02-SYS-STATUS-SEMANTICS
status-wish,status,Wish,supported,P01B-S-STATUS,P15,P32,unstarted,pending,../../../tools/pokemon-dungeon/content/systems.json#status-wish,P02-SYS-STATUS-SEMANTICS
status-wrapped-around-foe,status,Wrapped around foe,supported,P01B-S-STATUS,P15,P32,unstarted,pending,../../../tools/pokemon-dungeon/content/systems.json#status-wrapped-around-foe,P02-SYS-STATUS-SEMANTICS
status-wrapped-by-foe,status,Wrapped by foe,supported,P01B-S-STATUS,P15,P32,unstarted,pending,../../../tools/pokemon-dungeon/content/systems.json#status-wrapped-by-foe,P02-SYS-STATUS-SEMANTICS
status-yawning,status,Yawning,supported,P01B-S-STATUS,P15,P32,unstarted,pending,../../../tools/pokemon-dungeon/content/systems.json#status-yawning,P02-SYS-STATUS-SEMANTICS
stormy-sea,dungeon,Stormy Sea,blocked,G2;PLAN-DATA-4;PLAN-CAMPAIGN-5.1;campaign:c6;campaign:buried,P27,P32,unstarted,pending,../../../tools/pokemon-dungeon/content/locations.json#stormy-sea,CAMPAIGN-GAP-05-LOCATION-02
stormy-sea-kyogre-floor,fixedFloor,Kyogre encounter,blocked,G2;PLAN-DATA-4;PLAN-CAMPAIGN-5.1;campaign:c6;campaign:buried,P27,P32,unstarted,pending,../../../tools/pokemon-dungeon/content/locations.json#stormy-sea-kyogre-floor,CAMPAIGN-GAP-02-LOCATION-04
system-action-bloop-slash,system-action,Bloop Slash,blocked,P01B-S-UPCINDEX,P15,P32,unstarted,pending,../../../tools/pokemon-dungeon/content/systems.json#system-action-bloop-slash,P02-SYS-ACTION-CLASSIFICATION
system-action-blowback,system-action,Blowback,blocked,P01B-S-UPCINDEX,P15,P32,unstarted,pending,../../../tools/pokemon-dungeon/content/systems.json#system-action-blowback,P02-SYS-ACTION-CLASSIFICATION
system-action-cleanse,system-action,Cleanse,blocked,P01B-S-UPCINDEX,P15,P32,unstarted,pending,../../../tools/pokemon-dungeon/content/systems.json#system-action-cleanse,P02-SYS-ACTION-CLASSIFICATION
system-action-decoy-maker,system-action,Decoy Maker,blocked,P01B-S-UPCINDEX,P15,P32,unstarted,pending,../../../tools/pokemon-dungeon/content/systems.json#system-action-decoy-maker,P02-SYS-ACTION-CLASSIFICATION
system-action-drought,system-action,Drought,blocked,P01B-S-UPCINDEX,P15,P32,unstarted,pending,../../../tools/pokemon-dungeon/content/systems.json#system-action-drought,P02-SYS-ACTION-CLASSIFICATION
system-action-echo,system-action,Echo,blocked,P01B-S-UPCINDEX,P15,P32,unstarted,pending,../../../tools/pokemon-dungeon/content/systems.json#system-action-echo,P02-SYS-ACTION-CLASSIFICATION
system-action-escape,system-action,Escape,blocked,P01B-S-UPCINDEX,P15,P32,unstarted,pending,../../../tools/pokemon-dungeon/content/systems.json#system-action-escape,P02-SYS-ACTION-CLASSIFICATION
system-action-excavate,system-action,Excavate,blocked,P01B-S-UPCINDEX,P15,P32,unstarted,pending,../../../tools/pokemon-dungeon/content/systems.json#system-action-excavate,P02-SYS-ACTION-CLASSIFICATION
system-action-famish,system-action,Famish,blocked,P01B-S-UPCINDEX,P15,P32,unstarted,pending,../../../tools/pokemon-dungeon/content/systems.json#system-action-famish,P02-SYS-ACTION-CLASSIFICATION
system-action-fill-in,system-action,Fill-In,blocked,P01B-S-UPCINDEX,P15,P32,unstarted,pending,../../../tools/pokemon-dungeon/content/systems.json#system-action-fill-in,P02-SYS-ACTION-CLASSIFICATION
system-action-gaman,system-action,GAMAN,blocked,P01B-S-UPCINDEX,P15,P32,unstarted,pending,../../../tools/pokemon-dungeon/content/systems.json#system-action-gaman,P02-SYS-ACTION-CLASSIFICATION
system-action-hp-gauge,system-action,HP Gauge,blocked,P01B-S-UPCINDEX,P15,P32,unstarted,pending,../../../tools/pokemon-dungeon/content/systems.json#system-action-hp-gauge,P02-SYS-ACTION-CLASSIFICATION
system-action-hurl,system-action,Hurl,blocked,P01B-S-UPCINDEX,P15,P32,unstarted,pending,../../../tools/pokemon-dungeon/content/systems.json#system-action-hurl,P02-SYS-ACTION-CLASSIFICATION
system-action-invisify,system-action,Invisify,blocked,P01B-S-UPCINDEX,P15,P32,unstarted,pending,../../../tools/pokemon-dungeon/content/systems.json#system-action-invisify,P02-SYS-ACTION-CLASSIFICATION
system-action-item-toss,system-action,Item-Toss,blocked,P01B-S-UPCINDEX,P15,P32,unstarted,pending,../../../tools/pokemon-dungeon/content/systems.json#system-action-item-toss,P02-SYS-ACTION-CLASSIFICATION
system-action-itemize,system-action,Itemize,blocked,P01B-S-UPCINDEX,P15,P32,unstarted,pending,../../../tools/pokemon-dungeon/content/systems.json#system-action-itemize,P02-SYS-ACTION-CLASSIFICATION
system-action-long-toss,system-action,Long Toss,blocked,P01B-S-UPCINDEX,P15,P32,unstarted,pending,../../../tools/pokemon-dungeon/content/systems.json#system-action-long-toss,P02-SYS-ACTION-CLASSIFICATION
system-action-mobile,system-action,Mobile,blocked,P01B-S-UPCINDEX,P15,P32,unstarted,pending,../../../tools/pokemon-dungeon/content/systems.json#system-action-mobile,P02-SYS-ACTION-CLASSIFICATION
system-action-no-move,system-action,No-Move,blocked,P01B-S-UPCINDEX,P15,P32,unstarted,pending,../../../tools/pokemon-dungeon/content/systems.json#system-action-no-move,P02-SYS-ACTION-CLASSIFICATION
system-action-observer,system-action,Observer,blocked,P01B-S-UPCINDEX,P15,P32,unstarted,pending,../../../tools/pokemon-dungeon/content/systems.json#system-action-observer,P02-SYS-ACTION-CLASSIFICATION
system-action-one-room,system-action,One-Room,blocked,P01B-S-UPCINDEX,P15,P32,unstarted,pending,../../../tools/pokemon-dungeon/content/systems.json#system-action-one-room,P02-SYS-ACTION-CLASSIFICATION
system-action-one-shot,system-action,One-Shot,blocked,P01B-S-UPCINDEX,P15,P32,unstarted,pending,../../../tools/pokemon-dungeon/content/systems.json#system-action-one-shot,P02-SYS-ACTION-CLASSIFICATION
system-action-petrify,system-action,Petrify,blocked,P01B-S-UPCINDEX,P15,P32,unstarted,pending,../../../tools/pokemon-dungeon/content/systems.json#system-action-petrify,P02-SYS-ACTION-CLASSIFICATION
system-action-pierce,system-action,Pierce,blocked,P01B-S-UPCINDEX,P15,P32,unstarted,pending,../../../tools/pokemon-dungeon/content/systems.json#system-action-pierce,P02-SYS-ACTION-CLASSIFICATION
system-action-possess,system-action,Possess,blocked,P01B-S-UPCINDEX,P15,P32,unstarted,pending,../../../tools/pokemon-dungeon/content/systems.json#system-action-possess,P02-SYS-ACTION-CLASSIFICATION
system-action-pounce,system-action,Pounce,blocked,P01B-S-UPCINDEX,P15,P32,unstarted,pending,../../../tools/pokemon-dungeon/content/systems.json#system-action-pounce,P02-SYS-ACTION-CLASSIFICATION
system-action-power-ears,system-action,Power-Ears,blocked,P01B-S-UPCINDEX,P15,P32,unstarted,pending,../../../tools/pokemon-dungeon/content/systems.json#system-action-power-ears,P02-SYS-ACTION-CLASSIFICATION
system-action-rebound,system-action,Rebound,blocked,P01B-S-UPCINDEX,P15,P32,unstarted,pending,../../../tools/pokemon-dungeon/content/systems.json#system-action-rebound,P02-SYS-ACTION-CLASSIFICATION
system-action-regular-attack,system-action,Regular attack,supported,systems:regular;P01B-S-UPCINDEX,P13,P32,unstarted,pending,../../../tools/pokemon-dungeon/content/systems.json#system-action-regular-attack,P02-SYS-ACTION-SEMANTICS
system-action-reviver,system-action,Reviver,blocked,P01B-S-UPCINDEX,P15,P32,unstarted,pending,../../../tools/pokemon-dungeon/content/systems.json#system-action-reviver,P02-SYS-ACTION-CLASSIFICATION
system-action-scan,system-action,Scan,blocked,P01B-S-UPCINDEX,P15,P32,unstarted,pending,../../../tools/pokemon-dungeon/content/systems.json#system-action-scan,P02-SYS-ACTION-CLASSIFICATION
system-action-searchlight,system-action,Searchlight,blocked,P01B-S-UPCINDEX,P15,P32,unstarted,pending,../../../tools/pokemon-dungeon/content/systems.json#system-action-searchlight,P02-SYS-ACTION-CLASSIFICATION
system-action-see-stairs,system-action,See Stairs,blocked,P01B-S-UPCINDEX,P15,P32,unstarted,pending,../../../tools/pokemon-dungeon/content/systems.json#system-action-see-stairs,P02-SYS-ACTION-CLASSIFICATION
system-action-see-trap,system-action,See-Trap,blocked,P01B-S-UPCINDEX,P15,P32,unstarted,pending,../../../tools/pokemon-dungeon/content/systems.json#system-action-see-trap,P02-SYS-ACTION-CLASSIFICATION
system-action-shocker,system-action,Shocker,blocked,P01B-S-UPCINDEX,P15,P32,unstarted,pending,../../../tools/pokemon-dungeon/content/systems.json#system-action-shocker,P02-SYS-ACTION-CLASSIFICATION
system-action-siesta,system-action,Siesta,blocked,P01B-S-UPCINDEX,P15,P32,unstarted,pending,../../../tools/pokemon-dungeon/content/systems.json#system-action-siesta,P02-SYS-ACTION-CLASSIFICATION
system-action-slow-down,system-action,Slow Down,blocked,P01B-S-UPCINDEX,P15,P32,unstarted,pending,../../../tools/pokemon-dungeon/content/systems.json#system-action-slow-down,P02-SYS-ACTION-CLASSIFICATION
system-action-speed-boost,system-action,Speed Boost,blocked,P01B-S-UPCINDEX,P15,P32,unstarted,pending,../../../tools/pokemon-dungeon/content/systems.json#system-action-speed-boost,P02-SYS-ACTION-CLASSIFICATION
system-action-spin-slash,system-action,Spin Slash,blocked,P01B-S-UPCINDEX,P15,P32,unstarted,pending,../../../tools/pokemon-dungeon/content/systems.json#system-action-spin-slash,P02-SYS-ACTION-CLASSIFICATION
system-action-stay-away,system-action,Stay Away,blocked,P01B-S-UPCINDEX,P15,P32,unstarted,pending,../../../tools/pokemon-dungeon/content/systems.json#system-action-stay-away,P02-SYS-ACTION-CLASSIFICATION
system-action-stick,system-action,[Stick],blocked,P01B-S-UPCINDEX,P15,P32,unstarted,pending,../../../tools/pokemon-dungeon/content/systems.json#system-action-stick,P02-SYS-ACTION-CLASSIFICATION
system-action-switcher,system-action,Switcher,blocked,P01B-S-UPCINDEX,P15,P32,unstarted,pending,../../../tools/pokemon-dungeon/content/systems.json#system-action-switcher,P02-SYS-ACTION-CLASSIFICATION
system-action-takeaway,system-action,Takeaway,blocked,P01B-S-UPCINDEX,P15,P32,unstarted,pending,../../../tools/pokemon-dungeon/content/systems.json#system-action-takeaway,P02-SYS-ACTION-CLASSIFICATION
system-action-totter,system-action,Totter,blocked,P01B-S-UPCINDEX,P15,P32,unstarted,pending,../../../tools/pokemon-dungeon/content/systems.json#system-action-totter,P02-SYS-ACTION-CLASSIFICATION
system-action-transfer,system-action,Transfer,blocked,P01B-S-UPCINDEX,P15,P32,unstarted,pending,../../../tools/pokemon-dungeon/content/systems.json#system-action-transfer,P02-SYS-ACTION-CLASSIFICATION
system-action-trap-buster,system-action,Trap Buster,blocked,P01B-S-UPCINDEX,P15,P32,unstarted,pending,../../../tools/pokemon-dungeon/content/systems.json#system-action-trap-buster,P02-SYS-ACTION-CLASSIFICATION
system-action-trapper,system-action,Trapper,blocked,P01B-S-UPCINDEX,P15,P32,unstarted,pending,../../../tools/pokemon-dungeon/content/systems.json#system-action-trapper,P02-SYS-ACTION-CLASSIFICATION
system-action-trawl,system-action,Trawl,blocked,P01B-S-UPCINDEX,P15,P32,unstarted,pending,../../../tools/pokemon-dungeon/content/systems.json#system-action-trawl,P02-SYS-ACTION-CLASSIFICATION
system-action-two-edge,system-action,Two-Edge,blocked,P01B-S-UPCINDEX,P15,P32,unstarted,pending,../../../tools/pokemon-dungeon/content/systems.json#system-action-two-edge,P02-SYS-ACTION-CLASSIFICATION
system-action-warp,system-action,Warp,blocked,P01B-S-UPCINDEX,P15,P32,unstarted,pending,../../../tools/pokemon-dungeon/content/systems.json#system-action-warp,P02-SYS-ACTION-CLASSIFICATION
system-action-wild-call,system-action,Wild Call,blocked,P01B-S-UPCINDEX,P15,P32,unstarted,pending,../../../tools/pokemon-dungeon/content/systems.json#system-action-wild-call,P02-SYS-ACTION-CLASSIFICATION
system-action-yousuwomiru,system-action,YOUSUWOMIRU,blocked,P01B-S-UPCINDEX,P15,P32,unstarted,pending,../../../tools/pokemon-dungeon/content/systems.json#system-action-yousuwomiru,P02-SYS-ACTION-CLASSIFICATION
team-base,supportLocation,Team Base,blocked,PLAN-DATA-4;PLAN-CAMPAIGN-7.2;campaign:base,P20,P32,unstarted,pending,../../../tools/pokemon-dungeon/content/locations.json#team-base,P02-LOC-SUPPORT-MAPS
thunderwave-cave,dungeon,Thunderwave Cave,blocked,G2;PLAN-DATA-4;PLAN-CAMPAIGN-4.1;campaign:c1;campaign:thunderwave;PLAN-BLUE-RULES-V1,P23,P32,unstarted,pending,../../../tools/pokemon-dungeon/content/locations.json#thunderwave-cave,CAMPAIGN-GAP-05-LOCATION-02
thunderwave-cave-magnemite-clearing,terminalMap,Magnemite rescue clearing,blocked,G2;PLAN-DATA-4;PLAN-CAMPAIGN-4.1;campaign:c1;campaign:thunderwave;PLAN-BLUE-RULES-V1;PLAN-BLUE-RULES-V2,P23,P32,unstarted,pending,../../../tools/pokemon-dungeon/content/locations.json#thunderwave-cave-magnemite-clearing,P01-CAMPAIGN-TERMINAL-LABELS
tiny-woods,dungeon,Tiny Woods,blocked,G2;PLAN-DATA-4;PLAN-CAMPAIGN-4.1;campaign:c1;campaign:tiny;PLAN-BLUE-RULES-V1,P19,P32,unstarted,pending,../../../tools/pokemon-dungeon/content/locations.json#tiny-woods,CAMPAIGN-GAP-05-LOCATION-02
tiny-woods-caterpie-clearing,terminalMap,Caterpie rescue clearing,blocked,G2;PLAN-DATA-4;PLAN-CAMPAIGN-4.1;campaign:c1;campaign:tiny;PLAN-BLUE-RULES-V1;PLAN-BLUE-RULES-V2,P19,P32,unstarted,pending,../../../tools/pokemon-dungeon/content/locations.json#tiny-woods-caterpie-clearing,P01-CAMPAIGN-TERMINAL-LABELS
trap-chestnut-trap,trap,Chestnut Trap,supported,G16,P15,P32,unstarted,pending,../../../tools/pokemon-dungeon/content/systems.json#trap-chestnut-trap,P02-SYS-TRAP-SEMANTICS
trap-explosion-trap,trap,Explosion Trap,supported,G16,P15,P32,unstarted,pending,../../../tools/pokemon-dungeon/content/systems.json#trap-explosion-trap,P02-SYS-TRAP-SEMANTICS
trap-grimy-trap,trap,Grimy Trap,supported,G16,P15,P32,unstarted,pending,../../../tools/pokemon-dungeon/content/systems.json#trap-grimy-trap,P02-SYS-TRAP-SEMANTICS
trap-gust-trap,trap,Gust Trap,supported,G16,P15,P32,unstarted,pending,../../../tools/pokemon-dungeon/content/systems.json#trap-gust-trap,P02-SYS-TRAP-SEMANTICS
trap-mud-trap,trap,Mud Trap,supported,G16,P15,P32,unstarted,pending,../../../tools/pokemon-dungeon/content/systems.json#trap-mud-trap,P02-SYS-TRAP-SEMANTICS
trap-pitfall-trap,trap,Pitfall Trap,supported,G16,P15,P32,unstarted,pending,../../../tools/pokemon-dungeon/content/systems.json#trap-pitfall-trap,P02-SYS-TRAP-SEMANTICS
trap-poison-trap,trap,Poison Trap,supported,G16,P15,P32,unstarted,pending,../../../tools/pokemon-dungeon/content/systems.json#trap-poison-trap,P02-SYS-TRAP-SEMANTICS
trap-pokemon-trap,trap,Pokémon Trap,supported,G16,P15,P32,unstarted,pending,../../../tools/pokemon-dungeon/content/systems.json#trap-pokemon-trap,P02-SYS-TRAP-SEMANTICS
trap-pp-zero-trap,trap,PP-Zero Trap,supported,G16,P15,P32,unstarted,pending,../../../tools/pokemon-dungeon/content/systems.json#trap-pp-zero-trap,P02-SYS-TRAP-SEMANTICS
trap-seal-trap,trap,Seal Trap,supported,G16,P15,P32,unstarted,pending,../../../tools/pokemon-dungeon/content/systems.json#trap-seal-trap,P02-SYS-TRAP-SEMANTICS
trap-selfdestruct-trap,trap,Selfdestruct Trap,supported,G16,P15,P32,unstarted,pending,../../../tools/pokemon-dungeon/content/systems.json#trap-selfdestruct-trap,P02-SYS-TRAP-SEMANTICS
trap-slow-trap,trap,Slow Trap,supported,G16,P15,P32,unstarted,pending,../../../tools/pokemon-dungeon/content/systems.json#trap-slow-trap,P02-SYS-TRAP-SEMANTICS
trap-slumber-trap,trap,Slumber Trap,supported,G16,P15,P32,unstarted,pending,../../../tools/pokemon-dungeon/content/systems.json#trap-slumber-trap,P02-SYS-TRAP-SEMANTICS
trap-spiked-tile,trap,Spiked Tile,supported,G16,P15,P32,unstarted,pending,../../../tools/pokemon-dungeon/content/systems.json#trap-spiked-tile,P02-SYS-TRAP-SEMANTICS
trap-spin-trap,trap,Spin Trap,supported,G16,P15,P32,unstarted,pending,../../../tools/pokemon-dungeon/content/systems.json#trap-spin-trap,P02-SYS-TRAP-SEMANTICS
trap-sticky-trap,trap,Sticky Trap,supported,G16,P15,P32,unstarted,pending,../../../tools/pokemon-dungeon/content/systems.json#trap-sticky-trap,P02-SYS-TRAP-SEMANTICS
trap-summon-trap,trap,Summon Trap,supported,G16,P15,P32,unstarted,pending,../../../tools/pokemon-dungeon/content/systems.json#trap-summon-trap,P02-SYS-TRAP-SEMANTICS
trap-trip-trap,trap,Trip Trap,blocked,G16,P15,P32,unstarted,pending,../../../tools/pokemon-dungeon/content/systems.json#trap-trip-trap,P02-SYS-TRAP-SEMANTICS;P02-SYS-TRIP-AVAILABILITY
trap-warp-trap,trap,Warp Trap,supported,G16,P15,P32,unstarted,pending,../../../tools/pokemon-dungeon/content/systems.json#trap-warp-trap,P02-SYS-TRAP-SEMANTICS
unknown-dungeon,specialMode,Unknown Dungeon,blocked,G5;PLAN-DATA-4,P31,P32,unstarted,pending,../../../tools/pokemon-dungeon/content/locations.json#unknown-dungeon,P02-LOC-TAG-MODE
unown-a,form,Unown A,supported,G7;P02-S-UNOWN,P17,P32,unstarted,pending,../../../tools/pokemon-dungeon/content/forms.json#unown-a,P02-UNOWN-FORM-BINDING
unown-b,form,Unown B,supported,G7;P02-S-UNOWN,P17,P32,unstarted,pending,../../../tools/pokemon-dungeon/content/forms.json#unown-b,P02-UNOWN-FORM-BINDING
unown-c,form,Unown C,supported,G7;P02-S-UNOWN,P17,P32,unstarted,pending,../../../tools/pokemon-dungeon/content/forms.json#unown-c,P02-UNOWN-FORM-BINDING
unown-d,form,Unown D,supported,G7;P02-S-UNOWN,P17,P32,unstarted,pending,../../../tools/pokemon-dungeon/content/forms.json#unown-d,P02-UNOWN-FORM-BINDING
unown-e,form,Unown E,supported,G7;P02-S-UNOWN,P17,P32,unstarted,pending,../../../tools/pokemon-dungeon/content/forms.json#unown-e,P02-UNOWN-FORM-BINDING
unown-exclamation,form,Unown !,supported,G7;P02-S-UNOWN,P17,P32,unstarted,pending,../../../tools/pokemon-dungeon/content/forms.json#unown-exclamation,P02-UNOWN-FORM-BINDING
unown-f,form,Unown F,supported,G7;P02-S-UNOWN,P17,P32,unstarted,pending,../../../tools/pokemon-dungeon/content/forms.json#unown-f,P02-UNOWN-FORM-BINDING
unown-g,form,Unown G,supported,G7;P02-S-UNOWN,P17,P32,unstarted,pending,../../../tools/pokemon-dungeon/content/forms.json#unown-g,P02-UNOWN-FORM-BINDING
unown-h,form,Unown H,supported,G7;P02-S-UNOWN,P17,P32,unstarted,pending,../../../tools/pokemon-dungeon/content/forms.json#unown-h,P02-UNOWN-FORM-BINDING
unown-i,form,Unown I,supported,G7;P02-S-UNOWN,P17,P32,unstarted,pending,../../../tools/pokemon-dungeon/content/forms.json#unown-i,P02-UNOWN-FORM-BINDING
unown-j,form,Unown J,supported,G7;P02-S-UNOWN,P17,P32,unstarted,pending,../../../tools/pokemon-dungeon/content/forms.json#unown-j,P02-UNOWN-FORM-BINDING
unown-k,form,Unown K,supported,G7;P02-S-UNOWN,P17,P32,unstarted,pending,../../../tools/pokemon-dungeon/content/forms.json#unown-k,P02-UNOWN-FORM-BINDING
unown-l,form,Unown L,supported,G7;P02-S-UNOWN,P17,P32,unstarted,pending,../../../tools/pokemon-dungeon/content/forms.json#unown-l,P02-UNOWN-FORM-BINDING
unown-m,form,Unown M,supported,G7;P02-S-UNOWN,P17,P32,unstarted,pending,../../../tools/pokemon-dungeon/content/forms.json#unown-m,P02-UNOWN-FORM-BINDING
unown-n,form,Unown N,supported,G7;P02-S-UNOWN,P17,P32,unstarted,pending,../../../tools/pokemon-dungeon/content/forms.json#unown-n,P02-UNOWN-FORM-BINDING
unown-o,form,Unown O,supported,G7;P02-S-UNOWN,P17,P32,unstarted,pending,../../../tools/pokemon-dungeon/content/forms.json#unown-o,P02-UNOWN-FORM-BINDING
unown-p,form,Unown P,supported,G7;P02-S-UNOWN,P17,P32,unstarted,pending,../../../tools/pokemon-dungeon/content/forms.json#unown-p,P02-UNOWN-FORM-BINDING
unown-q,form,Unown Q,supported,G7;P02-S-UNOWN,P17,P32,unstarted,pending,../../../tools/pokemon-dungeon/content/forms.json#unown-q,P02-UNOWN-FORM-BINDING
unown-question,form,Unown ?,supported,G7;P02-S-UNOWN,P17,P32,unstarted,pending,../../../tools/pokemon-dungeon/content/forms.json#unown-question,P02-UNOWN-FORM-BINDING
unown-r,form,Unown R,supported,G7;P02-S-UNOWN,P17,P32,unstarted,pending,../../../tools/pokemon-dungeon/content/forms.json#unown-r,P02-UNOWN-FORM-BINDING
unown-relic,dungeon,Unown Relic,blocked,G2;PLAN-DATA-4;PLAN-CAMPAIGN-6;campaign:unown_relic,P31,P32,unstarted,pending,../../../tools/pokemon-dungeon/content/locations.json#unown-relic,CAMPAIGN-GAP-05-LOCATION-02
unown-s,form,Unown S,supported,G7;P02-S-UNOWN,P17,P32,unstarted,pending,../../../tools/pokemon-dungeon/content/forms.json#unown-s,P02-UNOWN-FORM-BINDING
unown-t,form,Unown T,supported,G7;P02-S-UNOWN,P17,P32,unstarted,pending,../../../tools/pokemon-dungeon/content/forms.json#unown-t,P02-UNOWN-FORM-BINDING
unown-u,form,Unown U,supported,G7;P02-S-UNOWN,P17,P32,unstarted,pending,../../../tools/pokemon-dungeon/content/forms.json#unown-u,P02-UNOWN-FORM-BINDING
unown-v,form,Unown V,supported,G7;P02-S-UNOWN,P17,P32,unstarted,pending,../../../tools/pokemon-dungeon/content/forms.json#unown-v,P02-UNOWN-FORM-BINDING
unown-w,form,Unown W,supported,G7;P02-S-UNOWN,P17,P32,unstarted,pending,../../../tools/pokemon-dungeon/content/forms.json#unown-w,P02-UNOWN-FORM-BINDING
unown-x,form,Unown X,supported,G7;P02-S-UNOWN,P17,P32,unstarted,pending,../../../tools/pokemon-dungeon/content/forms.json#unown-x,P02-UNOWN-FORM-BINDING
unown-y,form,Unown Y,supported,G7;P02-S-UNOWN,P17,P32,unstarted,pending,../../../tools/pokemon-dungeon/content/forms.json#unown-y,P02-UNOWN-FORM-BINDING
unown-z,form,Unown Z,supported,G7;P02-S-UNOWN,P17,P32,unstarted,pending,../../../tools/pokemon-dungeon/content/forms.json#unown-z,P02-UNOWN-FORM-BINDING
uproar-forest,dungeon,Uproar Forest,blocked,G2;PLAN-DATA-4;PLAN-CAMPAIGN-4.1;campaign:uproar,P25,P32,unstarted,pending,../../../tools/pokemon-dungeon/content/locations.json#uproar-forest,CAMPAIGN-GAP-05-LOCATION-02
uproar-forest-mankey-floor,fixedFloor,Mankey gang encounter,blocked,G2;PLAN-DATA-4;PLAN-CAMPAIGN-4.1;campaign:uproar,P25,P32,unstarted,pending,../../../tools/pokemon-dungeon/content/locations.json#uproar-forest-mankey-floor,CAMPAIGN-GAP-02-LOCATION-04
waterfall-pond,dungeon,Waterfall Pond,blocked,G2;PLAN-DATA-4;PLAN-CAMPAIGN-6;campaign:waterfall_pond,P31,P32,unstarted,pending,../../../tools/pokemon-dungeon/content/locations.json#waterfall-pond,CAMPAIGN-GAP-05-LOCATION-02
weather-clear,weather,Clear,supported,P01B-S-NOTES,P15,P32,unstarted,pending,../../../tools/pokemon-dungeon/content/systems.json#weather-clear,P02-SYS-WEATHER-SEMANTICS
weather-cloudy,weather,Cloudy,supported,P01B-S-NOTES,P15,P32,unstarted,pending,../../../tools/pokemon-dungeon/content/systems.json#weather-cloudy,P02-SYS-WEATHER-SEMANTICS
weather-fog,weather,Fog,supported,P01B-S-NOTES,P15,P32,unstarted,pending,../../../tools/pokemon-dungeon/content/systems.json#weather-fog,P02-SYS-WEATHER-SEMANTICS
weather-hail,weather,Hail,supported,P01B-S-NOTES,P15,P32,unstarted,pending,../../../tools/pokemon-dungeon/content/systems.json#weather-hail,P02-SYS-WEATHER-SEMANTICS
weather-rain,weather,Rain,supported,P01B-S-NOTES,P15,P32,unstarted,pending,../../../tools/pokemon-dungeon/content/systems.json#weather-rain,P02-SYS-WEATHER-SEMANTICS
weather-sandstorm,weather,Sandstorm,supported,P01B-S-NOTES,P15,P32,unstarted,pending,../../../tools/pokemon-dungeon/content/systems.json#weather-sandstorm,P02-SYS-WEATHER-SEMANTICS
weather-snow,weather,Snow,supported,P01B-S-NOTES,P15,P32,unstarted,pending,../../../tools/pokemon-dungeon/content/systems.json#weather-snow,P02-SYS-WEATHER-SEMANTICS
weather-sunny,weather,Sunny,supported,P01B-S-NOTES,P15,P32,unstarted,pending,../../../tools/pokemon-dungeon/content/systems.json#weather-sunny,P02-SYS-WEATHER-SEMANTICS
western-cave,dungeon,Western Cave,blocked,G2;PLAN-DATA-4;PLAN-CAMPAIGN-5.4;campaign:c9;campaign:c10;campaign:faraway;campaign:main,P29,P32,unstarted,pending,../../../tools/pokemon-dungeon/content/locations.json#western-cave,CAMPAIGN-GAP-05-LOCATION-02
western-cave-mewtwo-floor,fixedFloor,Mewtwo encounter,blocked,G2;PLAN-DATA-4;PLAN-CAMPAIGN-5.4;campaign:c9;campaign:c10;campaign:faraway;campaign:main,P29,P32,unstarted,pending,../../../tools/pokemon-dungeon/content/locations.json#western-cave-mewtwo-floor,CAMPAIGN-GAP-02-LOCATION-04
whiscash-pond,supportLocation,Whiscash Pond,blocked,PLAN-DATA-4;PLAN-CAMPAIGN-7.2,P20,P32,unstarted,pending,../../../tools/pokemon-dungeon/content/locations.json#whiscash-pond,P02-LOC-SUPPORT-MAPS
wish-cave,dungeon,Wish Cave,blocked,G2;PLAN-DATA-4;PLAN-CAMPAIGN-5.6;campaign:c11;campaign:wish;campaign:main;campaign:meanies;campaign:murky,P30,P32,unstarted,pending,../../../tools/pokemon-dungeon/content/locations.json#wish-cave,CAMPAIGN-GAP-05-LOCATION-02
wish-cave-jirachi-floor,fixedFloor,Jirachi encounter,blocked,G2;PLAN-DATA-4;PLAN-CAMPAIGN-5.6;campaign:c11;campaign:wish;campaign:main;campaign:meanies;campaign:murky,P30,P32,unstarted,pending,../../../tools/pokemon-dungeon/content/locations.json#wish-cave-jirachi-floor,CAMPAIGN-GAP-02-LOCATION-04
wish-cave-medicham-floor,fixedFloor,Medicham rescue objective,blocked,G2;PLAN-DATA-4;PLAN-CAMPAIGN-5.6;campaign:c11;campaign:wish;campaign:main;campaign:meanies;campaign:murky,P30,P32,unstarted,pending,../../../tools/pokemon-dungeon/content/locations.json#wish-cave-medicham-floor,CAMPAIGN-GAP-02-LOCATION-04;CAMPAIGN-GAP-05-LOCATION-03
wyvern-hill,dungeon,Wyvern Hill,blocked,G2;PLAN-DATA-4;PLAN-CAMPAIGN-6;campaign:wyvern_hill,P31,P32,unstarted,pending,../../../tools/pokemon-dungeon/content/locations.json#wyvern-hill,CAMPAIGN-GAP-05-LOCATION-02
