id,category,name,owner_package,source_document,research_status,implementation_status,static_review,manual_acceptance,evidence,notes
P00,work-package,Planning and safe repository setup,P00,PLAN.md,reviewed-plan,planning-complete,independent-findings-addressed,not-performed,https://github.com/justinthelaw/justinthelaw/pull/387;PROGRESS.md,Planning PR merged; Justin separately authorized implementation on 2026-10-04
P01,work-package,Source audit and original-edition rules freeze,P01,PLAN.md,partial-source-freeze,in-progress-source-audit,sub-batch-findings-addressed,not-performed,RULES-BLUE.md;research/blue-rules-v1.json;PROGRESS.md;RULES-BLUE-ADDENDUM.md;research/blue-rules-v2.json,Qualified v1 plus additive v2; unresolved scheduler/arithmetic/campaign/reset rules remain blocked; no simulation implemented
P02,work-package,Complete inventories and traceability,P02,PLAN.md,identity-inventory-sub-batch,partial-authoring-inventory,identity-sub-batch-findings-addressed,pending,CONTENT-COVERAGE.csv;../../../tools/pokemon-dungeon/content/species-notes.md;../../../tools/pokemon-dungeon/content/location-notes.md;../../../tools/pokemon-dungeon/content/systems-notes.md,"1279 normalized authoring identities; individual items, complete scenes/flags, numerical/effect data and asset records remain incomplete; no runtime readiness"
P03,work-package,Asset/provenance pipeline specification,P03,PLAN.md,bounded-contract-reviewed,partial-asset-pipeline,consumer-interface-accepted,pending,ASSET-CONTRACT.md;../../../tools/pokemon-dungeon/schemas/asset-manifest.schema.json,Candidate exports exist; human art/provenance acceptance remains pending
P04,work-package,Independent game toolchain and pinned engine,P04,PLAN.md,platform-inputs-reviewed,bounded-toolchain-implemented,findings-addressed,pending,../../../tools/pokemon-dungeon/README.md;PROGRESS.md,Pinned local engine and independent static checks; no game execution
P05,work-package,Static application shell and lifecycle,P05,PLAN.md,bounded-contract-reviewed,startup-shell-implemented,findings-addressed,pending,PROGRESS.md;../src/bootstrap.js;../src/shell/application.js,Recoverable startup only; direct-page/iframe/device evidence remains pending
P06,work-package,Visual target proof before mass production,P06,PLAN.md,approved-style-b,candidate-art-rendered,findings-addressed,shown-direction-continued,../../../tools/pokemon-dungeon/art/REVIEW.md,"Three articulated character candidates and cavern; latest Continue accepts shown scene/motion direction; full clips, rigs, physical devices and runtime promotion remain pending"
P07,work-package,"Canonical state, IDs and random streams",P07,PLAN.md,bounded-primitives-contract,partial-primitives,independent-interface-and-source-reviewed,not-performed,STATE-FOUNDATION.md;PROGRESS.md,"P07-A IDs, bounded JSON snapshots, named seeded browser RNG and command/result types; no complete state schema, initial campaign, dispatch, persistence or game execution"
P08,work-package,"Persistence, migration and recovery",P08,PLAN.md,planned,not-started,not-performed,not-performed,,
P09,work-package,Input mapping and interaction ownership,P09,PLAN.md,planned,not-started,not-performed,not-performed,,
P10,work-package,"Renderer, camera and resource ownership",P10,PLAN.md,planned,not-started,not-performed,not-performed,,
P11,work-package,Dungeon generation and navigation,P11,PLAN.md,planned,not-started,not-performed,not-performed,,
P12,work-package,Turn scheduler and domain event ordering,P12,PLAN.md,planned,not-started,not-performed,not-performed,,
P13,work-package,Targeting and baseline battle rules,P13,PLAN.md,planned,not-started,not-performed,not-performed,,
P14,work-package,Complete moves and abilities,P14,PLAN.md,planned,not-started,not-performed,not-performed,,
P15,work-package,"Items, traps, terrain, weather and status lifecycle",P15,PLAN.md,planned,not-started,not-performed,not-performed,,
P16,work-package,"Hunger, recovery, fainting, rescue and reset dungeons",P16,PLAN.md,planned,not-started,not-performed,not-performed,,
P17,work-package,"Partner AI, recruitment, Friend Areas, evolution and IQ",P17,PLAN.md,planned,not-started,not-performed,not-performed,,
P18,work-package,"Complete player UI, map, accessibility and audio",P18,PLAN.md,planned,not-started,not-performed,not-performed,,
P19,work-package,"Personality quiz, identity and initial rescue",P19,PLAN.md,planned,not-started,not-performed,not-performed,,
P20,work-package,"Town, mail and service economy",P20,PLAN.md,partial-source-traced,partial-town-services,static-checks-pass,not-performed,TOWN-JOBS.md;PROGRESS.md,First town tour and bank/storage/shop transactions; ordinary jobs and other services remain incomplete
P21,work-package,"Rescue jobs, ranks, mail and exchange features",P21,PLAN.md,planned,not-started,not-performed,not-performed,,
P22,work-package,"Story engine, event graph and scene production",P22,PLAN.md,planned,not-started,not-performed,not-performed,,
P23,work-package,Main campaign: new team through Mt. Thunder,P23,PLAN.md,planned,not-started,not-performed,not-performed,,
P24,work-package,"Main campaign: Xatu, accusation and fugitives",P24,PLAN.md,planned,not-started,not-performed,not-performed,,
P25,work-package,"Main campaign: rebuilding, Uproar and Groudon",P25,PLAN.md,planned,not-started,not-performed,not-performed,,
P26,work-package,"Main campaign: Sky Tower, meteor, departure and return",P26,PLAN.md,planned,not-started,not-performed,not-performed,,
P27,work-package,Postgame: sea and buried ruins,P27,PLAN.md,planned,not-started,not-performed,not-performed,,
P28,work-package,"Postgame: Eon rescue, birds, Lugia and Deoxys",P28,PLAN.md,planned,not-started,not-performed,not-performed,,
P29,work-package,"Postgame: Spinda, beasts, Ho-Oh and Mewtwo",P29,PLAN.md,planned,not-started,not-performed,not-performed,,
P30,work-package,Postgame: Wish Cave and Gengar's redemption,P30,PLAN.md,planned,not-started,not-performed,not-performed,,
P31,work-package,"Postgame: remaining challenges, optional/events and Dojo",P31,PLAN.md,planned,not-started,not-performed,not-performed,,
P32,work-package,"Full creature, environment and narrative asset production",P32,PLAN.md,planned,not-started,not-performed,not-performed,,
P33,work-package,Whole-game data and interaction audit,P33,PLAN.md,planned,not-started,not-performed,not-performed,,
P34,work-package,"Performance, robustness and final visual polish",P34,PLAN.md,planned,not-started,not-performed,not-performed,,
P35,work-package,Manual whole-game acceptance and content sign-off,P35,PLAN.md,planned,not-started,not-performed,not-performed,,
P36,work-package,First arcade card and website integration,P36,PLAN.md,planned,not-started,not-performed,not-performed,,
P37,work-package,"Contribution review, PR delivery and deployment",P37,PLAN.md,planned,not-started,not-performed,not-performed,,
pokemon-001,species,Bulbasaur,P02;P17;P32;P33,DATA.md,identity-only,not-started,not-performed,not-performed,CONTENT-COVERAGE.csv;../../../tools/pokemon-dungeon/content/species.json,Source-qualified identity and explicit form links; mechanical and asset blockers remain; no runtime content or gameplay acceptance
pokemon-002,species,Ivysaur,P02;P17;P32;P33,DATA.md,identity-only,not-started,not-performed,not-performed,CONTENT-COVERAGE.csv;../../../tools/pokemon-dungeon/content/species.json,Source-qualified identity and explicit form links; mechanical and asset blockers remain; no runtime content or gameplay acceptance
pokemon-003,species,Venusaur,P02;P17;P32;P33,DATA.md,identity-only,not-started,not-performed,not-performed,CONTENT-COVERAGE.csv;../../../tools/pokemon-dungeon/content/species.json,Source-qualified identity and explicit form links; mechanical and asset blockers remain; no runtime content or gameplay acceptance
pokemon-004,species,Charmander,P02;P17;P32;P33,DATA.md,identity-only,not-started,not-performed,not-performed,CONTENT-COVERAGE.csv;../../../tools/pokemon-dungeon/content/species.json,Source-qualified identity and explicit form links; mechanical and asset blockers remain; no runtime content or gameplay acceptance
pokemon-005,species,Charmeleon,P02;P17;P32;P33,DATA.md,identity-only,not-started,not-performed,not-performed,CONTENT-COVERAGE.csv;../../../tools/pokemon-dungeon/content/species.json,Source-qualified identity and explicit form links; mechanical and asset blockers remain; no runtime content or gameplay acceptance
pokemon-006,species,Charizard,P02;P17;P32;P33,DATA.md,identity-only,not-started,not-performed,not-performed,CONTENT-COVERAGE.csv;../../../tools/pokemon-dungeon/content/species.json,Source-qualified identity and explicit form links; mechanical and asset blockers remain; no runtime content or gameplay acceptance
pokemon-007,species,Squirtle,P02;P17;P32;P33,DATA.md,identity-only,not-started,not-performed,not-performed,CONTENT-COVERAGE.csv;../../../tools/pokemon-dungeon/content/species.json,Source-qualified identity and explicit form links; mechanical and asset blockers remain; no runtime content or gameplay acceptance
pokemon-008,species,Wartortle,P02;P17;P32;P33,DATA.md,identity-only,not-started,not-performed,not-performed,CONTENT-COVERAGE.csv;../../../tools/pokemon-dungeon/content/species.json,Source-qualified identity and explicit form links; mechanical and asset blockers remain; no runtime content or gameplay acceptance
pokemon-009,species,Blastoise,P02;P17;P32;P33,DATA.md,identity-only,not-started,not-performed,not-performed,CONTENT-COVERAGE.csv;../../../tools/pokemon-dungeon/content/species.json,Source-qualified identity and explicit form links; mechanical and asset blockers remain; no runtime content or gameplay acceptance
pokemon-010,species,Caterpie,P02;P17;P32;P33,DATA.md,identity-only,not-started,not-performed,not-performed,CONTENT-COVERAGE.csv;../../../tools/pokemon-dungeon/content/species.json,Source-qualified identity and explicit form links; mechanical and asset blockers remain; no runtime content or gameplay acceptance
pokemon-011,species,Metapod,P02;P17;P32;P33,DATA.md,identity-only,not-started,not-performed,not-performed,CONTENT-COVERAGE.csv;../../../tools/pokemon-dungeon/content/species.json,Source-qualified identity and explicit form links; mechanical and asset blockers remain; no runtime content or gameplay acceptance
pokemon-012,species,Butterfree,P02;P17;P32;P33,DATA.md,identity-only,not-started,not-performed,not-performed,CONTENT-COVERAGE.csv;../../../tools/pokemon-dungeon/content/species.json,Source-qualified identity and explicit form links; mechanical and asset blockers remain; no runtime content or gameplay acceptance
pokemon-013,species,Weedle,P02;P17;P32;P33,DATA.md,identity-only,not-started,not-performed,not-performed,CONTENT-COVERAGE.csv;../../../tools/pokemon-dungeon/content/species.json,Source-qualified identity and explicit form links; mechanical and asset blockers remain; no runtime content or gameplay acceptance
pokemon-014,species,Kakuna,P02;P17;P32;P33,DATA.md,identity-only,not-started,not-performed,not-performed,CONTENT-COVERAGE.csv;../../../tools/pokemon-dungeon/content/species.json,Source-qualified identity and explicit form links; mechanical and asset blockers remain; no runtime content or gameplay acceptance
pokemon-015,species,Beedrill,P02;P17;P32;P33,DATA.md,identity-only,not-started,not-performed,not-performed,CONTENT-COVERAGE.csv;../../../tools/pokemon-dungeon/content/species.json,Source-qualified identity and explicit form links; mechanical and asset blockers remain; no runtime content or gameplay acceptance
pokemon-016,species,Pidgey,P02;P17;P32;P33,DATA.md,identity-only,not-started,not-performed,not-performed,CONTENT-COVERAGE.csv;../../../tools/pokemon-dungeon/content/species.json,Source-qualified identity and explicit form links; mechanical and asset blockers remain; no runtime content or gameplay acceptance
pokemon-017,species,Pidgeotto,P02;P17;P32;P33,DATA.md,identity-only,not-started,not-performed,not-performed,CONTENT-COVERAGE.csv;../../../tools/pokemon-dungeon/content/species.json,Source-qualified identity and explicit form links; mechanical and asset blockers remain; no runtime content or gameplay acceptance
pokemon-018,species,Pidgeot,P02;P17;P32;P33,DATA.md,identity-only,not-started,not-performed,not-performed,CONTENT-COVERAGE.csv;../../../tools/pokemon-dungeon/content/species.json,Source-qualified identity and explicit form links; mechanical and asset blockers remain; no runtime content or gameplay acceptance
pokemon-019,species,Rattata,P02;P17;P32;P33,DATA.md,identity-only,not-started,not-performed,not-performed,CONTENT-COVERAGE.csv;../../../tools/pokemon-dungeon/content/species.json,Source-qualified identity and explicit form links; mechanical and asset blockers remain; no runtime content or gameplay acceptance
pokemon-020,species,Raticate,P02;P17;P32;P33,DATA.md,identity-only,not-started,not-performed,not-performed,CONTENT-COVERAGE.csv;../../../tools/pokemon-dungeon/content/species.json,Source-qualified identity and explicit form links; mechanical and asset blockers remain; no runtime content or gameplay acceptance
pokemon-021,species,Spearow,P02;P17;P32;P33,DATA.md,identity-only,not-started,not-performed,not-performed,CONTENT-COVERAGE.csv;../../../tools/pokemon-dungeon/content/species.json,Source-qualified identity and explicit form links; mechanical and asset blockers remain; no runtime content or gameplay acceptance
pokemon-022,species,Fearow,P02;P17;P32;P33,DATA.md,identity-only,not-started,not-performed,not-performed,CONTENT-COVERAGE.csv;../../../tools/pokemon-dungeon/content/species.json,Source-qualified identity and explicit form links; mechanical and asset blockers remain; no runtime content or gameplay acceptance
pokemon-023,species,Ekans,P02;P17;P32;P33,DATA.md,identity-only,not-started,not-performed,not-performed,CONTENT-COVERAGE.csv;../../../tools/pokemon-dungeon/content/species.json,Source-qualified identity and explicit form links; mechanical and asset blockers remain; no runtime content or gameplay acceptance
pokemon-024,species,Arbok,P02;P17;P32;P33,DATA.md,identity-only,not-started,not-performed,not-performed,CONTENT-COVERAGE.csv;../../../tools/pokemon-dungeon/content/species.json,Source-qualified identity and explicit form links; mechanical and asset blockers remain; no runtime content or gameplay acceptance
pokemon-025,species,Pikachu,P02;P17;P32;P33,DATA.md,identity-only,not-started,not-performed,not-performed,CONTENT-COVERAGE.csv;../../../tools/pokemon-dungeon/content/species.json,Source-qualified identity and explicit form links; mechanical and asset blockers remain; no runtime content or gameplay acceptance
pokemon-026,species,Raichu,P02;P17;P32;P33,DATA.md,identity-only,not-started,not-performed,not-performed,CONTENT-COVERAGE.csv;../../../tools/pokemon-dungeon/content/species.json,Source-qualified identity and explicit form links; mechanical and asset blockers remain; no runtime content or gameplay acceptance
pokemon-027,species,Sandshrew,P02;P17;P32;P33,DATA.md,identity-only,not-started,not-performed,not-performed,CONTENT-COVERAGE.csv;../../../tools/pokemon-dungeon/content/species.json,Source-qualified identity and explicit form links; mechanical and asset blockers remain; no runtime content or gameplay acceptance
pokemon-028,species,Sandslash,P02;P17;P32;P33,DATA.md,identity-only,not-started,not-performed,not-performed,CONTENT-COVERAGE.csv;../../../tools/pokemon-dungeon/content/species.json,Source-qualified identity and explicit form links; mechanical and asset blockers remain; no runtime content or gameplay acceptance
pokemon-029,species,Nidoran♀,P02;P17;P32;P33,DATA.md,identity-only,not-started,not-performed,not-performed,CONTENT-COVERAGE.csv;../../../tools/pokemon-dungeon/content/species.json,Source-qualified identity and explicit form links; mechanical and asset blockers remain; no runtime content or gameplay acceptance
pokemon-030,species,Nidorina,P02;P17;P32;P33,DATA.md,identity-only,not-started,not-performed,not-performed,CONTENT-COVERAGE.csv;../../../tools/pokemon-dungeon/content/species.json,Source-qualified identity and explicit form links; mechanical and asset blockers remain; no runtime content or gameplay acceptance
pokemon-031,species,Nidoqueen,P02;P17;P32;P33,DATA.md,identity-only,not-started,not-performed,not-performed,CONTENT-COVERAGE.csv;../../../tools/pokemon-dungeon/content/species.json,Source-qualified identity and explicit form links; mechanical and asset blockers remain; no runtime content or gameplay acceptance
pokemon-032,species,Nidoran♂,P02;P17;P32;P33,DATA.md,identity-only,not-started,not-performed,not-performed,CONTENT-COVERAGE.csv;../../../tools/pokemon-dungeon/content/species.json,Source-qualified identity and explicit form links; mechanical and asset blockers remain; no runtime content or gameplay acceptance
pokemon-033,species,Nidorino,P02;P17;P32;P33,DATA.md,identity-only,not-started,not-performed,not-performed,CONTENT-COVERAGE.csv;../../../tools/pokemon-dungeon/content/species.json,Source-qualified identity and explicit form links; mechanical and asset blockers remain; no runtime content or gameplay acceptance
pokemon-034,species,Nidoking,P02;P17;P32;P33,DATA.md,identity-only,not-started,not-performed,not-performed,CONTENT-COVERAGE.csv;../../../tools/pokemon-dungeon/content/species.json,Source-qualified identity and explicit form links; mechanical and asset blockers remain; no runtime content or gameplay acceptance
pokemon-035,species,Clefairy,P02;P17;P32;P33,DATA.md,identity-only,not-started,not-performed,not-performed,CONTENT-COVERAGE.csv;../../../tools/pokemon-dungeon/content/species.json,Source-qualified identity and explicit form links; mechanical and asset blockers remain; no runtime content or gameplay acceptance
pokemon-036,species,Clefable,P02;P17;P32;P33,DATA.md,identity-only,not-started,not-performed,not-performed,CONTENT-COVERAGE.csv;../../../tools/pokemon-dungeon/content/species.json,Source-qualified identity and explicit form links; mechanical and asset blockers remain; no runtime content or gameplay acceptance
pokemon-037,species,Vulpix,P02;P17;P32;P33,DATA.md,identity-only,not-started,not-performed,not-performed,CONTENT-COVERAGE.csv;../../../tools/pokemon-dungeon/content/species.json,Source-qualified identity and explicit form links; mechanical and asset blockers remain; no runtime content or gameplay acceptance
pokemon-038,species,Ninetales,P02;P17;P32;P33,DATA.md,identity-only,not-started,not-performed,not-performed,CONTENT-COVERAGE.csv;../../../tools/pokemon-dungeon/content/species.json,Source-qualified identity and explicit form links; mechanical and asset blockers remain; no runtime content or gameplay acceptance
pokemon-039,species,Jigglypuff,P02;P17;P32;P33,DATA.md,identity-only,not-started,not-performed,not-performed,CONTENT-COVERAGE.csv;../../../tools/pokemon-dungeon/content/species.json,Source-qualified identity and explicit form links; mechanical and asset blockers remain; no runtime content or gameplay acceptance
pokemon-040,species,Wigglytuff,P02;P17;P32;P33,DATA.md,identity-only,not-started,not-performed,not-performed,CONTENT-COVERAGE.csv;../../../tools/pokemon-dungeon/content/species.json,Source-qualified identity and explicit form links; mechanical and asset blockers remain; no runtime content or gameplay acceptance
pokemon-041,species,Zubat,P02;P17;P32;P33,DATA.md,identity-only,not-started,not-performed,not-performed,CONTENT-COVERAGE.csv;../../../tools/pokemon-dungeon/content/species.json,Source-qualified identity and explicit form links; mechanical and asset blockers remain; no runtime content or gameplay acceptance
pokemon-042,species,Golbat,P02;P17;P32;P33,DATA.md,identity-only,not-started,not-performed,not-performed,CONTENT-COVERAGE.csv;../../../tools/pokemon-dungeon/content/species.json,Source-qualified identity and explicit form links; mechanical and asset blockers remain; no runtime content or gameplay acceptance
pokemon-043,species,Oddish,P02;P17;P32;P33,DATA.md,identity-only,not-started,not-performed,not-performed,CONTENT-COVERAGE.csv;../../../tools/pokemon-dungeon/content/species.json,Source-qualified identity and explicit form links; mechanical and asset blockers remain; no runtime content or gameplay acceptance
pokemon-044,species,Gloom,P02;P17;P32;P33,DATA.md,identity-only,not-started,not-performed,not-performed,CONTENT-COVERAGE.csv;../../../tools/pokemon-dungeon/content/species.json,Source-qualified identity and explicit form links; mechanical and asset blockers remain; no runtime content or gameplay acceptance
pokemon-045,species,Vileplume,P02;P17;P32;P33,DATA.md,identity-only,not-started,not-performed,not-performed,CONTENT-COVERAGE.csv;../../../tools/pokemon-dungeon/content/species.json,Source-qualified identity and explicit form links; mechanical and asset blockers remain; no runtime content or gameplay acceptance
pokemon-046,species,Paras,P02;P17;P32;P33,DATA.md,identity-only,not-started,not-performed,not-performed,CONTENT-COVERAGE.csv;../../../tools/pokemon-dungeon/content/species.json,Source-qualified identity and explicit form links; mechanical and asset blockers remain; no runtime content or gameplay acceptance
pokemon-047,species,Parasect,P02;P17;P32;P33,DATA.md,identity-only,not-started,not-performed,not-performed,CONTENT-COVERAGE.csv;../../../tools/pokemon-dungeon/content/species.json,Source-qualified identity and explicit form links; mechanical and asset blockers remain; no runtime content or gameplay acceptance
pokemon-048,species,Venonat,P02;P17;P32;P33,DATA.md,identity-only,not-started,not-performed,not-performed,CONTENT-COVERAGE.csv;../../../tools/pokemon-dungeon/content/species.json,Source-qualified identity and explicit form links; mechanical and asset blockers remain; no runtime content or gameplay acceptance
pokemon-049,species,Venomoth,P02;P17;P32;P33,DATA.md,identity-only,not-started,not-performed,not-performed,CONTENT-COVERAGE.csv;../../../tools/pokemon-dungeon/content/species.json,Source-qualified identity and explicit form links; mechanical and asset blockers remain; no runtime content or gameplay acceptance
pokemon-050,species,Diglett,P02;P17;P32;P33,DATA.md,identity-only,not-started,not-performed,not-performed,CONTENT-COVERAGE.csv;../../../tools/pokemon-dungeon/content/species.json,Source-qualified identity and explicit form links; mechanical and asset blockers remain; no runtime content or gameplay acceptance
pokemon-051,species,Dugtrio,P02;P17;P32;P33,DATA.md,identity-only,not-started,not-performed,not-performed,CONTENT-COVERAGE.csv;../../../tools/pokemon-dungeon/content/species.json,Source-qualified identity and explicit form links; mechanical and asset blockers remain; no runtime content or gameplay acceptance
pokemon-052,species,Meowth,P02;P17;P32;P33,DATA.md,identity-only,not-started,not-performed,not-performed,CONTENT-COVERAGE.csv;../../../tools/pokemon-dungeon/content/species.json,Source-qualified identity and explicit form links; mechanical and asset blockers remain; no runtime content or gameplay acceptance
pokemon-053,species,Persian,P02;P17;P32;P33,DATA.md,identity-only,not-started,not-performed,not-performed,CONTENT-COVERAGE.csv;../../../tools/pokemon-dungeon/content/species.json,Source-qualified identity and explicit form links; mechanical and asset blockers remain; no runtime content or gameplay acceptance
pokemon-054,species,Psyduck,P02;P17;P32;P33,DATA.md,identity-only,not-started,not-performed,not-performed,CONTENT-COVERAGE.csv;../../../tools/pokemon-dungeon/content/species.json,Source-qualified identity and explicit form links; mechanical and asset blockers remain; no runtime content or gameplay acceptance
pokemon-055,species,Golduck,P02;P17;P32;P33,DATA.md,identity-only,not-started,not-performed,not-performed,CONTENT-COVERAGE.csv;../../../tools/pokemon-dungeon/content/species.json,Source-qualified identity and explicit form links; mechanical and asset blockers remain; no runtime content or gameplay acceptance
pokemon-056,species,Mankey,P02;P17;P32;P33,DATA.md,identity-only,not-started,not-performed,not-performed,CONTENT-COVERAGE.csv;../../../tools/pokemon-dungeon/content/species.json,Source-qualified identity and explicit form links; mechanical and asset blockers remain; no runtime content or gameplay acceptance
pokemon-057,species,Primeape,P02;P17;P32;P33,DATA.md,identity-only,not-started,not-performed,not-performed,CONTENT-COVERAGE.csv;../../../tools/pokemon-dungeon/content/species.json,Source-qualified identity and explicit form links; mechanical and asset blockers remain; no runtime content or gameplay acceptance
pokemon-058,species,Growlithe,P02;P17;P32;P33,DATA.md,identity-only,not-started,not-performed,not-performed,CONTENT-COVERAGE.csv;../../../tools/pokemon-dungeon/content/species.json,Source-qualified identity and explicit form links; mechanical and asset blockers remain; no runtime content or gameplay acceptance
pokemon-059,species,Arcanine,P02;P17;P32;P33,DATA.md,identity-only,not-started,not-performed,not-performed,CONTENT-COVERAGE.csv;../../../tools/pokemon-dungeon/content/species.json,Source-qualified identity and explicit form links; mechanical and asset blockers remain; no runtime content or gameplay acceptance
pokemon-060,species,Poliwag,P02;P17;P32;P33,DATA.md,identity-only,not-started,not-performed,not-performed,CONTENT-COVERAGE.csv;../../../tools/pokemon-dungeon/content/species.json,Source-qualified identity and explicit form links; mechanical and asset blockers remain; no runtime content or gameplay acceptance
pokemon-061,species,Poliwhirl,P02;P17;P32;P33,DATA.md,identity-only,not-started,not-performed,not-performed,CONTENT-COVERAGE.csv;../../../tools/pokemon-dungeon/content/species.json,Source-qualified identity and explicit form links; mechanical and asset blockers remain; no runtime content or gameplay acceptance
pokemon-062,species,Poliwrath,P02;P17;P32;P33,DATA.md,identity-only,not-started,not-performed,not-performed,CONTENT-COVERAGE.csv;../../../tools/pokemon-dungeon/content/species.json,Source-qualified identity and explicit form links; mechanical and asset blockers remain; no runtime content or gameplay acceptance
pokemon-063,species,Abra,P02;P17;P32;P33,DATA.md,identity-only,not-started,not-performed,not-performed,CONTENT-COVERAGE.csv;../../../tools/pokemon-dungeon/content/species.json,Source-qualified identity and explicit form links; mechanical and asset blockers remain; no runtime content or gameplay acceptance
pokemon-064,species,Kadabra,P02;P17;P32;P33,DATA.md,identity-only,not-started,not-performed,not-performed,CONTENT-COVERAGE.csv;../../../tools/pokemon-dungeon/content/species.json,Source-qualified identity and explicit form links; mechanical and asset blockers remain; no runtime content or gameplay acceptance
pokemon-065,species,Alakazam,P02;P17;P32;P33,DATA.md,identity-only,not-started,not-performed,not-performed,CONTENT-COVERAGE.csv;../../../tools/pokemon-dungeon/content/species.json,Source-qualified identity and explicit form links; mechanical and asset blockers remain; no runtime content or gameplay acceptance
pokemon-066,species,Machop,P02;P17;P32;P33,DATA.md,identity-only,not-started,not-performed,not-performed,CONTENT-COVERAGE.csv;../../../tools/pokemon-dungeon/content/species.json,Source-qualified identity and explicit form links; mechanical and asset blockers remain; no runtime content or gameplay acceptance
pokemon-067,species,Machoke,P02;P17;P32;P33,DATA.md,identity-only,not-started,not-performed,not-performed,CONTENT-COVERAGE.csv;../../../tools/pokemon-dungeon/content/species.json,Source-qualified identity and explicit form links; mechanical and asset blockers remain; no runtime content or gameplay acceptance
pokemon-068,species,Machamp,P02;P17;P32;P33,DATA.md,identity-only,not-started,not-performed,not-performed,CONTENT-COVERAGE.csv;../../../tools/pokemon-dungeon/content/species.json,Source-qualified identity and explicit form links; mechanical and asset blockers remain; no runtime content or gameplay acceptance
pokemon-069,species,Bellsprout,P02;P17;P32;P33,DATA.md,identity-only,not-started,not-performed,not-performed,CONTENT-COVERAGE.csv;../../../tools/pokemon-dungeon/content/species.json,Source-qualified identity and explicit form links; mechanical and asset blockers remain; no runtime content or gameplay acceptance
pokemon-070,species,Weepinbell,P02;P17;P32;P33,DATA.md,identity-only,not-started,not-performed,not-performed,CONTENT-COVERAGE.csv;../../../tools/pokemon-dungeon/content/species.json,Source-qualified identity and explicit form links; mechanical and asset blockers remain; no runtime content or gameplay acceptance
pokemon-071,species,Victreebel,P02;P17;P32;P33,DATA.md,identity-only,not-started,not-performed,not-performed,CONTENT-COVERAGE.csv;../../../tools/pokemon-dungeon/content/species.json,Source-qualified identity and explicit form links; mechanical and asset blockers remain; no runtime content or gameplay acceptance
pokemon-072,species,Tentacool,P02;P17;P32;P33,DATA.md,identity-only,not-started,not-performed,not-performed,CONTENT-COVERAGE.csv;../../../tools/pokemon-dungeon/content/species.json,Source-qualified identity and explicit form links; mechanical and asset blockers remain; no runtime content or gameplay acceptance
pokemon-073,species,Tentacruel,P02;P17;P32;P33,DATA.md,identity-only,not-started,not-performed,not-performed,CONTENT-COVERAGE.csv;../../../tools/pokemon-dungeon/content/species.json,Source-qualified identity and explicit form links; mechanical and asset blockers remain; no runtime content or gameplay acceptance
pokemon-074,species,Geodude,P02;P17;P32;P33,DATA.md,identity-only,not-started,not-performed,not-performed,CONTENT-COVERAGE.csv;../../../tools/pokemon-dungeon/content/species.json,Source-qualified identity and explicit form links; mechanical and asset blockers remain; no runtime content or gameplay acceptance
pokemon-075,species,Graveler,P02;P17;P32;P33,DATA.md,identity-only,not-started,not-performed,not-performed,CONTENT-COVERAGE.csv;../../../tools/pokemon-dungeon/content/species.json,Source-qualified identity and explicit form links; mechanical and asset blockers remain; no runtime content or gameplay acceptance
pokemon-076,species,Golem,P02;P17;P32;P33,DATA.md,identity-only,not-started,not-performed,not-performed,CONTENT-COVERAGE.csv;../../../tools/pokemon-dungeon/content/species.json,Source-qualified identity and explicit form links; mechanical and asset blockers remain; no runtime content or gameplay acceptance
pokemon-077,species,Ponyta,P02;P17;P32;P33,DATA.md,identity-only,not-started,not-performed,not-performed,CONTENT-COVERAGE.csv;../../../tools/pokemon-dungeon/content/species.json,Source-qualified identity and explicit form links; mechanical and asset blockers remain; no runtime content or gameplay acceptance
pokemon-078,species,Rapidash,P02;P17;P32;P33,DATA.md,identity-only,not-started,not-performed,not-performed,CONTENT-COVERAGE.csv;../../../tools/pokemon-dungeon/content/species.json,Source-qualified identity and explicit form links; mechanical and asset blockers remain; no runtime content or gameplay acceptance
pokemon-079,species,Slowpoke,P02;P17;P32;P33,DATA.md,identity-only,not-started,not-performed,not-performed,CONTENT-COVERAGE.csv;../../../tools/pokemon-dungeon/content/species.json,Source-qualified identity and explicit form links; mechanical and asset blockers remain; no runtime content or gameplay acceptance
pokemon-080,species,Slowbro,P02;P17;P32;P33,DATA.md,identity-only,not-started,not-performed,not-performed,CONTENT-COVERAGE.csv;../../../tools/pokemon-dungeon/content/species.json,Source-qualified identity and explicit form links; mechanical and asset blockers remain; no runtime content or gameplay acceptance
pokemon-081,species,Magnemite,P02;P17;P32;P33,DATA.md,identity-only,not-started,not-performed,not-performed,CONTENT-COVERAGE.csv;../../../tools/pokemon-dungeon/content/species.json,Source-qualified identity and explicit form links; mechanical and asset blockers remain; no runtime content or gameplay acceptance
pokemon-082,species,Magneton,P02;P17;P32;P33,DATA.md,identity-only,not-started,not-performed,not-performed,CONTENT-COVERAGE.csv;../../../tools/pokemon-dungeon/content/species.json,Source-qualified identity and explicit form links; mechanical and asset blockers remain; no runtime content or gameplay acceptance
pokemon-083,species,Farfetch'd,P02;P17;P32;P33,DATA.md,identity-only,not-started,not-performed,not-performed,CONTENT-COVERAGE.csv;../../../tools/pokemon-dungeon/content/species.json,Source-qualified identity and explicit form links; mechanical and asset blockers remain; no runtime content or gameplay acceptance
pokemon-084,species,Doduo,P02;P17;P32;P33,DATA.md,identity-only,not-started,not-performed,not-performed,CONTENT-COVERAGE.csv;../../../tools/pokemon-dungeon/content/species.json,Source-qualified identity and explicit form links; mechanical and asset blockers remain; no runtime content or gameplay acceptance
pokemon-085,species,Dodrio,P02;P17;P32;P33,DATA.md,identity-only,not-started,not-performed,not-performed,CONTENT-COVERAGE.csv;../../../tools/pokemon-dungeon/content/species.json,Source-qualified identity and explicit form links; mechanical and asset blockers remain; no runtime content or gameplay acceptance
pokemon-086,species,Seel,P02;P17;P32;P33,DATA.md,identity-only,not-started,not-performed,not-performed,CONTENT-COVERAGE.csv;../../../tools/pokemon-dungeon/content/species.json,Source-qualified identity and explicit form links; mechanical and asset blockers remain; no runtime content or gameplay acceptance
pokemon-087,species,Dewgong,P02;P17;P32;P33,DATA.md,identity-only,not-started,not-performed,not-performed,CONTENT-COVERAGE.csv;../../../tools/pokemon-dungeon/content/species.json,Source-qualified identity and explicit form links; mechanical and asset blockers remain; no runtime content or gameplay acceptance
pokemon-088,species,Grimer,P02;P17;P32;P33,DATA.md,identity-only,not-started,not-performed,not-performed,CONTENT-COVERAGE.csv;../../../tools/pokemon-dungeon/content/species.json,Source-qualified identity and explicit form links; mechanical and asset blockers remain; no runtime content or gameplay acceptance
pokemon-089,species,Muk,P02;P17;P32;P33,DATA.md,identity-only,not-started,not-performed,not-performed,CONTENT-COVERAGE.csv;../../../tools/pokemon-dungeon/content/species.json,Source-qualified identity and explicit form links; mechanical and asset blockers remain; no runtime content or gameplay acceptance
pokemon-090,species,Shellder,P02;P17;P32;P33,DATA.md,identity-only,not-started,not-performed,not-performed,CONTENT-COVERAGE.csv;../../../tools/pokemon-dungeon/content/species.json,Source-qualified identity and explicit form links; mechanical and asset blockers remain; no runtime content or gameplay acceptance
pokemon-091,species,Cloyster,P02;P17;P32;P33,DATA.md,identity-only,not-started,not-performed,not-performed,CONTENT-COVERAGE.csv;../../../tools/pokemon-dungeon/content/species.json,Source-qualified identity and explicit form links; mechanical and asset blockers remain; no runtime content or gameplay acceptance
pokemon-092,species,Gastly,P02;P17;P32;P33,DATA.md,identity-only,not-started,not-performed,not-performed,CONTENT-COVERAGE.csv;../../../tools/pokemon-dungeon/content/species.json,Source-qualified identity and explicit form links; mechanical and asset blockers remain; no runtime content or gameplay acceptance
pokemon-093,species,Haunter,P02;P17;P32;P33,DATA.md,identity-only,not-started,not-performed,not-performed,CONTENT-COVERAGE.csv;../../../tools/pokemon-dungeon/content/species.json,Source-qualified identity and explicit form links; mechanical and asset blockers remain; no runtime content or gameplay acceptance
pokemon-094,species,Gengar,P02;P17;P32;P33,DATA.md,identity-only,not-started,not-performed,not-performed,CONTENT-COVERAGE.csv;../../../tools/pokemon-dungeon/content/species.json,Source-qualified identity and explicit form links; mechanical and asset blockers remain; no runtime content or gameplay acceptance
pokemon-095,species,Onix,P02;P17;P32;P33,DATA.md,identity-only,not-started,not-performed,not-performed,CONTENT-COVERAGE.csv;../../../tools/pokemon-dungeon/content/species.json,Source-qualified identity and explicit form links; mechanical and asset blockers remain; no runtime content or gameplay acceptance
pokemon-096,species,Drowzee,P02;P17;P32;P33,DATA.md,identity-only,not-started,not-performed,not-performed,CONTENT-COVERAGE.csv;../../../tools/pokemon-dungeon/content/species.json,Source-qualified identity and explicit form links; mechanical and asset blockers remain; no runtime content or gameplay acceptance
pokemon-097,species,Hypno,P02;P17;P32;P33,DATA.md,identity-only,not-started,not-performed,not-performed,CONTENT-COVERAGE.csv;../../../tools/pokemon-dungeon/content/species.json,Source-qualified identity and explicit form links; mechanical and asset blockers remain; no runtime content or gameplay acceptance
pokemon-098,species,Krabby,P02;P17;P32;P33,DATA.md,identity-only,not-started,not-performed,not-performed,CONTENT-COVERAGE.csv;../../../tools/pokemon-dungeon/content/species.json,Source-qualified identity and explicit form links; mechanical and asset blockers remain; no runtime content or gameplay acceptance
pokemon-099,species,Kingler,P02;P17;P32;P33,DATA.md,identity-only,not-started,not-performed,not-performed,CONTENT-COVERAGE.csv;../../../tools/pokemon-dungeon/content/species.json,Source-qualified identity and explicit form links; mechanical and asset blockers remain; no runtime content or gameplay acceptance
pokemon-100,species,Voltorb,P02;P17;P32;P33,DATA.md,identity-only,not-started,not-performed,not-performed,CONTENT-COVERAGE.csv;../../../tools/pokemon-dungeon/content/species.json,Source-qualified identity and explicit form links; mechanical and asset blockers remain; no runtime content or gameplay acceptance
pokemon-101,species,Electrode,P02;P17;P32;P33,DATA.md,identity-only,not-started,not-performed,not-performed,CONTENT-COVERAGE.csv;../../../tools/pokemon-dungeon/content/species.json,Source-qualified identity and explicit form links; mechanical and asset blockers remain; no runtime content or gameplay acceptance
pokemon-102,species,Exeggcute,P02;P17;P32;P33,DATA.md,identity-only,not-started,not-performed,not-performed,CONTENT-COVERAGE.csv;../../../tools/pokemon-dungeon/content/species.json,Source-qualified identity and explicit form links; mechanical and asset blockers remain; no runtime content or gameplay acceptance
pokemon-103,species,Exeggutor,P02;P17;P32;P33,DATA.md,identity-only,not-started,not-performed,not-performed,CONTENT-COVERAGE.csv;../../../tools/pokemon-dungeon/content/species.json,Source-qualified identity and explicit form links; mechanical and asset blockers remain; no runtime content or gameplay acceptance
pokemon-104,species,Cubone,P02;P17;P32;P33,DATA.md,identity-only,not-started,not-performed,not-performed,CONTENT-COVERAGE.csv;../../../tools/pokemon-dungeon/content/species.json,Source-qualified identity and explicit form links; mechanical and asset blockers remain; no runtime content or gameplay acceptance
pokemon-105,species,Marowak,P02;P17;P32;P33,DATA.md,identity-only,not-started,not-performed,not-performed,CONTENT-COVERAGE.csv;../../../tools/pokemon-dungeon/content/species.json,Source-qualified identity and explicit form links; mechanical and asset blockers remain; no runtime content or gameplay acceptance
pokemon-106,species,Hitmonlee,P02;P17;P32;P33,DATA.md,identity-only,not-started,not-performed,not-performed,CONTENT-COVERAGE.csv;../../../tools/pokemon-dungeon/content/species.json,Source-qualified identity and explicit form links; mechanical and asset blockers remain; no runtime content or gameplay acceptance
pokemon-107,species,Hitmonchan,P02;P17;P32;P33,DATA.md,identity-only,not-started,not-performed,not-performed,CONTENT-COVERAGE.csv;../../../tools/pokemon-dungeon/content/species.json,Source-qualified identity and explicit form links; mechanical and asset blockers remain; no runtime content or gameplay acceptance
pokemon-108,species,Lickitung,P02;P17;P32;P33,DATA.md,identity-only,not-started,not-performed,not-performed,CONTENT-COVERAGE.csv;../../../tools/pokemon-dungeon/content/species.json,Source-qualified identity and explicit form links; mechanical and asset blockers remain; no runtime content or gameplay acceptance
pokemon-109,species,Koffing,P02;P17;P32;P33,DATA.md,identity-only,not-started,not-performed,not-performed,CONTENT-COVERAGE.csv;../../../tools/pokemon-dungeon/content/species.json,Source-qualified identity and explicit form links; mechanical and asset blockers remain; no runtime content or gameplay acceptance
pokemon-110,species,Weezing,P02;P17;P32;P33,DATA.md,identity-only,not-started,not-performed,not-performed,CONTENT-COVERAGE.csv;../../../tools/pokemon-dungeon/content/species.json,Source-qualified identity and explicit form links; mechanical and asset blockers remain; no runtime content or gameplay acceptance
pokemon-111,species,Rhyhorn,P02;P17;P32;P33,DATA.md,identity-only,not-started,not-performed,not-performed,CONTENT-COVERAGE.csv;../../../tools/pokemon-dungeon/content/species.json,Source-qualified identity and explicit form links; mechanical and asset blockers remain; no runtime content or gameplay acceptance
pokemon-112,species,Rhydon,P02;P17;P32;P33,DATA.md,identity-only,not-started,not-performed,not-performed,CONTENT-COVERAGE.csv;../../../tools/pokemon-dungeon/content/species.json,Source-qualified identity and explicit form links; mechanical and asset blockers remain; no runtime content or gameplay acceptance
pokemon-113,species,Chansey,P02;P17;P32;P33,DATA.md,identity-only,not-started,not-performed,not-performed,CONTENT-COVERAGE.csv;../../../tools/pokemon-dungeon/content/species.json,Source-qualified identity and explicit form links; mechanical and asset blockers remain; no runtime content or gameplay acceptance
pokemon-114,species,Tangela,P02;P17;P32;P33,DATA.md,identity-only,not-started,not-performed,not-performed,CONTENT-COVERAGE.csv;../../../tools/pokemon-dungeon/content/species.json,Source-qualified identity and explicit form links; mechanical and asset blockers remain; no runtime content or gameplay acceptance
pokemon-115,species,Kangaskhan,P02;P17;P32;P33,DATA.md,identity-only,not-started,not-performed,not-performed,CONTENT-COVERAGE.csv;../../../tools/pokemon-dungeon/content/species.json,Source-qualified identity and explicit form links; mechanical and asset blockers remain; no runtime content or gameplay acceptance
pokemon-116,species,Horsea,P02;P17;P32;P33,DATA.md,identity-only,not-started,not-performed,not-performed,CONTENT-COVERAGE.csv;../../../tools/pokemon-dungeon/content/species.json,Source-qualified identity and explicit form links; mechanical and asset blockers remain; no runtime content or gameplay acceptance
pokemon-117,species,Seadra,P02;P17;P32;P33,DATA.md,identity-only,not-started,not-performed,not-performed,CONTENT-COVERAGE.csv;../../../tools/pokemon-dungeon/content/species.json,Source-qualified identity and explicit form links; mechanical and asset blockers remain; no runtime content or gameplay acceptance
pokemon-118,species,Goldeen,P02;P17;P32;P33,DATA.md,identity-only,not-started,not-performed,not-performed,CONTENT-COVERAGE.csv;../../../tools/pokemon-dungeon/content/species.json,Source-qualified identity and explicit form links; mechanical and asset blockers remain; no runtime content or gameplay acceptance
pokemon-119,species,Seaking,P02;P17;P32;P33,DATA.md,identity-only,not-started,not-performed,not-performed,CONTENT-COVERAGE.csv;../../../tools/pokemon-dungeon/content/species.json,Source-qualified identity and explicit form links; mechanical and asset blockers remain; no runtime content or gameplay acceptance
pokemon-120,species,Staryu,P02;P17;P32;P33,DATA.md,identity-only,not-started,not-performed,not-performed,CONTENT-COVERAGE.csv;../../../tools/pokemon-dungeon/content/species.json,Source-qualified identity and explicit form links; mechanical and asset blockers remain; no runtime content or gameplay acceptance
pokemon-121,species,Starmie,P02;P17;P32;P33,DATA.md,identity-only,not-started,not-performed,not-performed,CONTENT-COVERAGE.csv;../../../tools/pokemon-dungeon/content/species.json,Source-qualified identity and explicit form links; mechanical and asset blockers remain; no runtime content or gameplay acceptance
pokemon-122,species,Mr. Mime,P02;P17;P32;P33,DATA.md,identity-only,not-started,not-performed,not-performed,CONTENT-COVERAGE.csv;../../../tools/pokemon-dungeon/content/species.json,Source-qualified identity and explicit form links; mechanical and asset blockers remain; no runtime content or gameplay acceptance
pokemon-123,species,Scyther,P02;P17;P32;P33,DATA.md,identity-only,not-started,not-performed,not-performed,CONTENT-COVERAGE.csv;../../../tools/pokemon-dungeon/content/species.json,Source-qualified identity and explicit form links; mechanical and asset blockers remain; no runtime content or gameplay acceptance
pokemon-124,species,Jynx,P02;P17;P32;P33,DATA.md,identity-only,not-started,not-performed,not-performed,CONTENT-COVERAGE.csv;../../../tools/pokemon-dungeon/content/species.json,Source-qualified identity and explicit form links; mechanical and asset blockers remain; no runtime content or gameplay acceptance
pokemon-125,species,Electabuzz,P02;P17;P32;P33,DATA.md,identity-only,not-started,not-performed,not-performed,CONTENT-COVERAGE.csv;../../../tools/pokemon-dungeon/content/species.json,Source-qualified identity and explicit form links; mechanical and asset blockers remain; no runtime content or gameplay acceptance
pokemon-126,species,Magmar,P02;P17;P32;P33,DATA.md,identity-only,not-started,not-performed,not-performed,CONTENT-COVERAGE.csv;../../../tools/pokemon-dungeon/content/species.json,Source-qualified identity and explicit form links; mechanical and asset blockers remain; no runtime content or gameplay acceptance
pokemon-127,species,Pinsir,P02;P17;P32;P33,DATA.md,identity-only,not-started,not-performed,not-performed,CONTENT-COVERAGE.csv;../../../tools/pokemon-dungeon/content/species.json,Source-qualified identity and explicit form links; mechanical and asset blockers remain; no runtime content or gameplay acceptance
pokemon-128,species,Tauros,P02;P17;P32;P33,DATA.md,identity-only,not-started,not-performed,not-performed,CONTENT-COVERAGE.csv;../../../tools/pokemon-dungeon/content/species.json,Source-qualified identity and explicit form links; mechanical and asset blockers remain; no runtime content or gameplay acceptance
pokemon-129,species,Magikarp,P02;P17;P32;P33,DATA.md,identity-only,not-started,not-performed,not-performed,CONTENT-COVERAGE.csv;../../../tools/pokemon-dungeon/content/species.json,Source-qualified identity and explicit form links; mechanical and asset blockers remain; no runtime content or gameplay acceptance
pokemon-130,species,Gyarados,P02;P17;P32;P33,DATA.md,identity-only,not-started,not-performed,not-performed,CONTENT-COVERAGE.csv;../../../tools/pokemon-dungeon/content/species.json,Source-qualified identity and explicit form links; mechanical and asset blockers remain; no runtime content or gameplay acceptance
pokemon-131,species,Lapras,P02;P17;P32;P33,DATA.md,identity-only,not-started,not-performed,not-performed,CONTENT-COVERAGE.csv;../../../tools/pokemon-dungeon/content/species.json,Source-qualified identity and explicit form links; mechanical and asset blockers remain; no runtime content or gameplay acceptance
pokemon-132,species,Ditto,P02;P17;P32;P33,DATA.md,identity-only,not-started,not-performed,not-performed,CONTENT-COVERAGE.csv;../../../tools/pokemon-dungeon/content/species.json,Source-qualified identity and explicit form links; mechanical and asset blockers remain; no runtime content or gameplay acceptance
pokemon-133,species,Eevee,P02;P17;P32;P33,DATA.md,identity-only,not-started,not-performed,not-performed,CONTENT-COVERAGE.csv;../../../tools/pokemon-dungeon/content/species.json,Source-qualified identity and explicit form links; mechanical and asset blockers remain; no runtime content or gameplay acceptance
pokemon-134,species,Vaporeon,P02;P17;P32;P33,DATA.md,identity-only,not-started,not-performed,not-performed,CONTENT-COVERAGE.csv;../../../tools/pokemon-dungeon/content/species.json,Source-qualified identity and explicit form links; mechanical and asset blockers remain; no runtime content or gameplay acceptance
pokemon-135,species,Jolteon,P02;P17;P32;P33,DATA.md,identity-only,not-started,not-performed,not-performed,CONTENT-COVERAGE.csv;../../../tools/pokemon-dungeon/content/species.json,Source-qualified identity and explicit form links; mechanical and asset blockers remain; no runtime content or gameplay acceptance
pokemon-136,species,Flareon,P02;P17;P32;P33,DATA.md,identity-only,not-started,not-performed,not-performed,CONTENT-COVERAGE.csv;../../../tools/pokemon-dungeon/content/species.json,Source-qualified identity and explicit form links; mechanical and asset blockers remain; no runtime content or gameplay acceptance
pokemon-137,species,Porygon,P02;P17;P32;P33,DATA.md,identity-only,not-started,not-performed,not-performed,CONTENT-COVERAGE.csv;../../../tools/pokemon-dungeon/content/species.json,Source-qualified identity and explicit form links; mechanical and asset blockers remain; no runtime content or gameplay acceptance
pokemon-138,species,Omanyte,P02;P17;P32;P33,DATA.md,identity-only,not-started,not-performed,not-performed,CONTENT-COVERAGE.csv;../../../tools/pokemon-dungeon/content/species.json,Source-qualified identity and explicit form links; mechanical and asset blockers remain; no runtime content or gameplay acceptance
pokemon-139,species,Omastar,P02;P17;P32;P33,DATA.md,identity-only,not-started,not-performed,not-performed,CONTENT-COVERAGE.csv;../../../tools/pokemon-dungeon/content/species.json,Source-qualified identity and explicit form links; mechanical and asset blockers remain; no runtime content or gameplay acceptance
pokemon-140,species,Kabuto,P02;P17;P32;P33,DATA.md,identity-only,not-started,not-performed,not-performed,CONTENT-COVERAGE.csv;../../../tools/pokemon-dungeon/content/species.json,Source-qualified identity and explicit form links; mechanical and asset blockers remain; no runtime content or gameplay acceptance
pokemon-141,species,Kabutops,P02;P17;P32;P33,DATA.md,identity-only,not-started,not-performed,not-performed,CONTENT-COVERAGE.csv;../../../tools/pokemon-dungeon/content/species.json,Source-qualified identity and explicit form links; mechanical and asset blockers remain; no runtime content or gameplay acceptance
pokemon-142,species,Aerodactyl,P02;P17;P32;P33,DATA.md,identity-only,not-started,not-performed,not-performed,CONTENT-COVERAGE.csv;../../../tools/pokemon-dungeon/content/species.json,Source-qualified identity and explicit form links; mechanical and asset blockers remain; no runtime content or gameplay acceptance
pokemon-143,species,Snorlax,P02;P17;P32;P33,DATA.md,identity-only,not-started,not-performed,not-performed,CONTENT-COVERAGE.csv;../../../tools/pokemon-dungeon/content/species.json,Source-qualified identity and explicit form links; mechanical and asset blockers remain; no runtime content or gameplay acceptance
pokemon-144,species,Articuno,P02;P17;P32;P33,DATA.md,identity-only,not-started,not-performed,not-performed,CONTENT-COVERAGE.csv;../../../tools/pokemon-dungeon/content/species.json,Source-qualified identity and explicit form links; mechanical and asset blockers remain; no runtime content or gameplay acceptance
pokemon-145,species,Zapdos,P02;P17;P32;P33,DATA.md,identity-only,not-started,not-performed,not-performed,CONTENT-COVERAGE.csv;../../../tools/pokemon-dungeon/content/species.json,Source-qualified identity and explicit form links; mechanical and asset blockers remain; no runtime content or gameplay acceptance
pokemon-146,species,Moltres,P02;P17;P32;P33,DATA.md,identity-only,not-started,not-performed,not-performed,CONTENT-COVERAGE.csv;../../../tools/pokemon-dungeon/content/species.json,Source-qualified identity and explicit form links; mechanical and asset blockers remain; no runtime content or gameplay acceptance
pokemon-147,species,Dratini,P02;P17;P32;P33,DATA.md,identity-only,not-started,not-performed,not-performed,CONTENT-COVERAGE.csv;../../../tools/pokemon-dungeon/content/species.json,Source-qualified identity and explicit form links; mechanical and asset blockers remain; no runtime content or gameplay acceptance
pokemon-148,species,Dragonair,P02;P17;P32;P33,DATA.md,identity-only,not-started,not-performed,not-performed,CONTENT-COVERAGE.csv;../../../tools/pokemon-dungeon/content/species.json,Source-qualified identity and explicit form links; mechanical and asset blockers remain; no runtime content or gameplay acceptance
pokemon-149,species,Dragonite,P02;P17;P32;P33,DATA.md,identity-only,not-started,not-performed,not-performed,CONTENT-COVERAGE.csv;../../../tools/pokemon-dungeon/content/species.json,Source-qualified identity and explicit form links; mechanical and asset blockers remain; no runtime content or gameplay acceptance
pokemon-150,species,Mewtwo,P02;P17;P32;P33,DATA.md,identity-only,not-started,not-performed,not-performed,CONTENT-COVERAGE.csv;../../../tools/pokemon-dungeon/content/species.json,Source-qualified identity and explicit form links; mechanical and asset blockers remain; no runtime content or gameplay acceptance
pokemon-151,species,Mew,P02;P17;P32;P33,DATA.md,identity-only,not-started,not-performed,not-performed,CONTENT-COVERAGE.csv;../../../tools/pokemon-dungeon/content/species.json,Source-qualified identity and explicit form links; mechanical and asset blockers remain; no runtime content or gameplay acceptance
pokemon-152,species,Chikorita,P02;P17;P32;P33,DATA.md,identity-only,not-started,not-performed,not-performed,CONTENT-COVERAGE.csv;../../../tools/pokemon-dungeon/content/species.json,Source-qualified identity and explicit form links; mechanical and asset blockers remain; no runtime content or gameplay acceptance
pokemon-153,species,Bayleef,P02;P17;P32;P33,DATA.md,identity-only,not-started,not-performed,not-performed,CONTENT-COVERAGE.csv;../../../tools/pokemon-dungeon/content/species.json,Source-qualified identity and explicit form links; mechanical and asset blockers remain; no runtime content or gameplay acceptance
pokemon-154,species,Meganium,P02;P17;P32;P33,DATA.md,identity-only,not-started,not-performed,not-performed,CONTENT-COVERAGE.csv;../../../tools/pokemon-dungeon/content/species.json,Source-qualified identity and explicit form links; mechanical and asset blockers remain; no runtime content or gameplay acceptance
pokemon-155,species,Cyndaquil,P02;P17;P32;P33,DATA.md,identity-only,not-started,not-performed,not-performed,CONTENT-COVERAGE.csv;../../../tools/pokemon-dungeon/content/species.json,Source-qualified identity and explicit form links; mechanical and asset blockers remain; no runtime content or gameplay acceptance
pokemon-156,species,Quilava,P02;P17;P32;P33,DATA.md,identity-only,not-started,not-performed,not-performed,CONTENT-COVERAGE.csv;../../../tools/pokemon-dungeon/content/species.json,Source-qualified identity and explicit form links; mechanical and asset blockers remain; no runtime content or gameplay acceptance
pokemon-157,species,Typhlosion,P02;P17;P32;P33,DATA.md,identity-only,not-started,not-performed,not-performed,CONTENT-COVERAGE.csv;../../../tools/pokemon-dungeon/content/species.json,Source-qualified identity and explicit form links; mechanical and asset blockers remain; no runtime content or gameplay acceptance
pokemon-158,species,Totodile,P02;P17;P32;P33,DATA.md,identity-only,not-started,not-performed,not-performed,CONTENT-COVERAGE.csv;../../../tools/pokemon-dungeon/content/species.json,Source-qualified identity and explicit form links; mechanical and asset blockers remain; no runtime content or gameplay acceptance
pokemon-159,species,Croconaw,P02;P17;P32;P33,DATA.md,identity-only,not-started,not-performed,not-performed,CONTENT-COVERAGE.csv;../../../tools/pokemon-dungeon/content/species.json,Source-qualified identity and explicit form links; mechanical and asset blockers remain; no runtime content or gameplay acceptance
pokemon-160,species,Feraligatr,P02;P17;P32;P33,DATA.md,identity-only,not-started,not-performed,not-performed,CONTENT-COVERAGE.csv;../../../tools/pokemon-dungeon/content/species.json,Source-qualified identity and explicit form links; mechanical and asset blockers remain; no runtime content or gameplay acceptance
pokemon-161,species,Sentret,P02;P17;P32;P33,DATA.md,identity-only,not-started,not-performed,not-performed,CONTENT-COVERAGE.csv;../../../tools/pokemon-dungeon/content/species.json,Source-qualified identity and explicit form links; mechanical and asset blockers remain; no runtime content or gameplay acceptance
pokemon-162,species,Furret,P02;P17;P32;P33,DATA.md,identity-only,not-started,not-performed,not-performed,CONTENT-COVERAGE.csv;../../../tools/pokemon-dungeon/content/species.json,Source-qualified identity and explicit form links; mechanical and asset blockers remain; no runtime content or gameplay acceptance
pokemon-163,species,Hoothoot,P02;P17;P32;P33,DATA.md,identity-only,not-started,not-performed,not-performed,CONTENT-COVERAGE.csv;../../../tools/pokemon-dungeon/content/species.json,Source-qualified identity and explicit form links; mechanical and asset blockers remain; no runtime content or gameplay acceptance
pokemon-164,species,Noctowl,P02;P17;P32;P33,DATA.md,identity-only,not-started,not-performed,not-performed,CONTENT-COVERAGE.csv;../../../tools/pokemon-dungeon/content/species.json,Source-qualified identity and explicit form links; mechanical and asset blockers remain; no runtime content or gameplay acceptance
pokemon-165,species,Ledyba,P02;P17;P32;P33,DATA.md,identity-only,not-started,not-performed,not-performed,CONTENT-COVERAGE.csv;../../../tools/pokemon-dungeon/content/species.json,Source-qualified identity and explicit form links; mechanical and asset blockers remain; no runtime content or gameplay acceptance
pokemon-166,species,Ledian,P02;P17;P32;P33,DATA.md,identity-only,not-started,not-performed,not-performed,CONTENT-COVERAGE.csv;../../../tools/pokemon-dungeon/content/species.json,Source-qualified identity and explicit form links; mechanical and asset blockers remain; no runtime content or gameplay acceptance
pokemon-167,species,Spinarak,P02;P17;P32;P33,DATA.md,identity-only,not-started,not-performed,not-performed,CONTENT-COVERAGE.csv;../../../tools/pokemon-dungeon/content/species.json,Source-qualified identity and explicit form links; mechanical and asset blockers remain; no runtime content or gameplay acceptance
pokemon-168,species,Ariados,P02;P17;P32;P33,DATA.md,identity-only,not-started,not-performed,not-performed,CONTENT-COVERAGE.csv;../../../tools/pokemon-dungeon/content/species.json,Source-qualified identity and explicit form links; mechanical and asset blockers remain; no runtime content or gameplay acceptance
pokemon-169,species,Crobat,P02;P17;P32;P33,DATA.md,identity-only,not-started,not-performed,not-performed,CONTENT-COVERAGE.csv;../../../tools/pokemon-dungeon/content/species.json,Source-qualified identity and explicit form links; mechanical and asset blockers remain; no runtime content or gameplay acceptance
pokemon-170,species,Chinchou,P02;P17;P32;P33,DATA.md,identity-only,not-started,not-performed,not-performed,CONTENT-COVERAGE.csv;../../../tools/pokemon-dungeon/content/species.json,Source-qualified identity and explicit form links; mechanical and asset blockers remain; no runtime content or gameplay acceptance
pokemon-171,species,Lanturn,P02;P17;P32;P33,DATA.md,identity-only,not-started,not-performed,not-performed,CONTENT-COVERAGE.csv;../../../tools/pokemon-dungeon/content/species.json,Source-qualified identity and explicit form links; mechanical and asset blockers remain; no runtime content or gameplay acceptance
pokemon-172,species,Pichu,P02;P17;P32;P33,DATA.md,identity-only,not-started,not-performed,not-performed,CONTENT-COVERAGE.csv;../../../tools/pokemon-dungeon/content/species.json,Source-qualified identity and explicit form links; mechanical and asset blockers remain; no runtime content or gameplay acceptance
pokemon-173,species,Cleffa,P02;P17;P32;P33,DATA.md,identity-only,not-started,not-performed,not-performed,CONTENT-COVERAGE.csv;../../../tools/pokemon-dungeon/content/species.json,Source-qualified identity and explicit form links; mechanical and asset blockers remain; no runtime content or gameplay acceptance
pokemon-174,species,Igglybuff,P02;P17;P32;P33,DATA.md,identity-only,not-started,not-performed,not-performed,CONTENT-COVERAGE.csv;../../../tools/pokemon-dungeon/content/species.json,Source-qualified identity and explicit form links; mechanical and asset blockers remain; no runtime content or gameplay acceptance
pokemon-175,species,Togepi,P02;P17;P32;P33,DATA.md,identity-only,not-started,not-performed,not-performed,CONTENT-COVERAGE.csv;../../../tools/pokemon-dungeon/content/species.json,Source-qualified identity and explicit form links; mechanical and asset blockers remain; no runtime content or gameplay acceptance
pokemon-176,species,Togetic,P02;P17;P32;P33,DATA.md,identity-only,not-started,not-performed,not-performed,CONTENT-COVERAGE.csv;../../../tools/pokemon-dungeon/content/species.json,Source-qualified identity and explicit form links; mechanical and asset blockers remain; no runtime content or gameplay acceptance
pokemon-177,species,Natu,P02;P17;P32;P33,DATA.md,identity-only,not-started,not-performed,not-performed,CONTENT-COVERAGE.csv;../../../tools/pokemon-dungeon/content/species.json,Source-qualified identity and explicit form links; mechanical and asset blockers remain; no runtime content or gameplay acceptance
pokemon-178,species,Xatu,P02;P17;P32;P33,DATA.md,identity-only,not-started,not-performed,not-performed,CONTENT-COVERAGE.csv;../../../tools/pokemon-dungeon/content/species.json,Source-qualified identity and explicit form links; mechanical and asset blockers remain; no runtime content or gameplay acceptance
pokemon-179,species,Mareep,P02;P17;P32;P33,DATA.md,identity-only,not-started,not-performed,not-performed,CONTENT-COVERAGE.csv;../../../tools/pokemon-dungeon/content/species.json,Source-qualified identity and explicit form links; mechanical and asset blockers remain; no runtime content or gameplay acceptance
pokemon-180,species,Flaaffy,P02;P17;P32;P33,DATA.md,identity-only,not-started,not-performed,not-performed,CONTENT-COVERAGE.csv;../../../tools/pokemon-dungeon/content/species.json,Source-qualified identity and explicit form links; mechanical and asset blockers remain; no runtime content or gameplay acceptance
pokemon-181,species,Ampharos,P02;P17;P32;P33,DATA.md,identity-only,not-started,not-performed,not-performed,CONTENT-COVERAGE.csv;../../../tools/pokemon-dungeon/content/species.json,Source-qualified identity and explicit form links; mechanical and asset blockers remain; no runtime content or gameplay acceptance
pokemon-182,species,Bellossom,P02;P17;P32;P33,DATA.md,identity-only,not-started,not-performed,not-performed,CONTENT-COVERAGE.csv;../../../tools/pokemon-dungeon/content/species.json,Source-qualified identity and explicit form links; mechanical and asset blockers remain; no runtime content or gameplay acceptance
pokemon-183,species,Marill,P02;P17;P32;P33,DATA.md,identity-only,not-started,not-performed,not-performed,CONTENT-COVERAGE.csv;../../../tools/pokemon-dungeon/content/species.json,Source-qualified identity and explicit form links; mechanical and asset blockers remain; no runtime content or gameplay acceptance
pokemon-184,species,Azumarill,P02;P17;P32;P33,DATA.md,identity-only,not-started,not-performed,not-performed,CONTENT-COVERAGE.csv;../../../tools/pokemon-dungeon/content/species.json,Source-qualified identity and explicit form links; mechanical and asset blockers remain; no runtime content or gameplay acceptance
pokemon-185,species,Sudowoodo,P02;P17;P32;P33,DATA.md,identity-only,not-started,not-performed,not-performed,CONTENT-COVERAGE.csv;../../../tools/pokemon-dungeon/content/species.json,Source-qualified identity and explicit form links; mechanical and asset blockers remain; no runtime content or gameplay acceptance
pokemon-186,species,Politoed,P02;P17;P32;P33,DATA.md,identity-only,not-started,not-performed,not-performed,CONTENT-COVERAGE.csv;../../../tools/pokemon-dungeon/content/species.json,Source-qualified identity and explicit form links; mechanical and asset blockers remain; no runtime content or gameplay acceptance
pokemon-187,species,Hoppip,P02;P17;P32;P33,DATA.md,identity-only,not-started,not-performed,not-performed,CONTENT-COVERAGE.csv;../../../tools/pokemon-dungeon/content/species.json,Source-qualified identity and explicit form links; mechanical and asset blockers remain; no runtime content or gameplay acceptance
pokemon-188,species,Skiploom,P02;P17;P32;P33,DATA.md,identity-only,not-started,not-performed,not-performed,CONTENT-COVERAGE.csv;../../../tools/pokemon-dungeon/content/species.json,Source-qualified identity and explicit form links; mechanical and asset blockers remain; no runtime content or gameplay acceptance
pokemon-189,species,Jumpluff,P02;P17;P32;P33,DATA.md,identity-only,not-started,not-performed,not-performed,CONTENT-COVERAGE.csv;../../../tools/pokemon-dungeon/content/species.json,Source-qualified identity and explicit form links; mechanical and asset blockers remain; no runtime content or gameplay acceptance
pokemon-190,species,Aipom,P02;P17;P32;P33,DATA.md,identity-only,not-started,not-performed,not-performed,CONTENT-COVERAGE.csv;../../../tools/pokemon-dungeon/content/species.json,Source-qualified identity and explicit form links; mechanical and asset blockers remain; no runtime content or gameplay acceptance
pokemon-191,species,Sunkern,P02;P17;P32;P33,DATA.md,identity-only,not-started,not-performed,not-performed,CONTENT-COVERAGE.csv;../../../tools/pokemon-dungeon/content/species.json,Source-qualified identity and explicit form links; mechanical and asset blockers remain; no runtime content or gameplay acceptance
pokemon-192,species,Sunflora,P02;P17;P32;P33,DATA.md,identity-only,not-started,not-performed,not-performed,CONTENT-COVERAGE.csv;../../../tools/pokemon-dungeon/content/species.json,Source-qualified identity and explicit form links; mechanical and asset blockers remain; no runtime content or gameplay acceptance
pokemon-193,species,Yanma,P02;P17;P32;P33,DATA.md,identity-only,not-started,not-performed,not-performed,CONTENT-COVERAGE.csv;../../../tools/pokemon-dungeon/content/species.json,Source-qualified identity and explicit form links; mechanical and asset blockers remain; no runtime content or gameplay acceptance
pokemon-194,species,Wooper,P02;P17;P32;P33,DATA.md,identity-only,not-started,not-performed,not-performed,CONTENT-COVERAGE.csv;../../../tools/pokemon-dungeon/content/species.json,Source-qualified identity and explicit form links; mechanical and asset blockers remain; no runtime content or gameplay acceptance
pokemon-195,species,Quagsire,P02;P17;P32;P33,DATA.md,identity-only,not-started,not-performed,not-performed,CONTENT-COVERAGE.csv;../../../tools/pokemon-dungeon/content/species.json,Source-qualified identity and explicit form links; mechanical and asset blockers remain; no runtime content or gameplay acceptance
pokemon-196,species,Espeon,P02;P17;P32;P33,DATA.md,identity-only,not-started,not-performed,not-performed,CONTENT-COVERAGE.csv;../../../tools/pokemon-dungeon/content/species.json,Source-qualified identity and explicit form links; mechanical and asset blockers remain; no runtime content or gameplay acceptance
pokemon-197,species,Umbreon,P02;P17;P32;P33,DATA.md,identity-only,not-started,not-performed,not-performed,CONTENT-COVERAGE.csv;../../../tools/pokemon-dungeon/content/species.json,Source-qualified identity and explicit form links; mechanical and asset blockers remain; no runtime content or gameplay acceptance
pokemon-198,species,Murkrow,P02;P17;P32;P33,DATA.md,identity-only,not-started,not-performed,not-performed,CONTENT-COVERAGE.csv;../../../tools/pokemon-dungeon/content/species.json,Source-qualified identity and explicit form links; mechanical and asset blockers remain; no runtime content or gameplay acceptance
pokemon-199,species,Slowking,P02;P17;P32;P33,DATA.md,identity-only,not-started,not-performed,not-performed,CONTENT-COVERAGE.csv;../../../tools/pokemon-dungeon/content/species.json,Source-qualified identity and explicit form links; mechanical and asset blockers remain; no runtime content or gameplay acceptance
pokemon-200,species,Misdreavus,P02;P17;P32;P33,DATA.md,identity-only,not-started,not-performed,not-performed,CONTENT-COVERAGE.csv;../../../tools/pokemon-dungeon/content/species.json,Source-qualified identity and explicit form links; mechanical and asset blockers remain; no runtime content or gameplay acceptance
pokemon-201,species,Unown,P02;P17;P32;P33,DATA.md,identity-only,not-started,not-performed,not-performed,CONTENT-COVERAGE.csv;../../../tools/pokemon-dungeon/content/species.json,Source-qualified identity and explicit form links; mechanical and asset blockers remain; no runtime content or gameplay acceptance
pokemon-202,species,Wobbuffet,P02;P17;P32;P33,DATA.md,identity-only,not-started,not-performed,not-performed,CONTENT-COVERAGE.csv;../../../tools/pokemon-dungeon/content/species.json,Source-qualified identity and explicit form links; mechanical and asset blockers remain; no runtime content or gameplay acceptance
pokemon-203,species,Girafarig,P02;P17;P32;P33,DATA.md,identity-only,not-started,not-performed,not-performed,CONTENT-COVERAGE.csv;../../../tools/pokemon-dungeon/content/species.json,Source-qualified identity and explicit form links; mechanical and asset blockers remain; no runtime content or gameplay acceptance
pokemon-204,species,Pineco,P02;P17;P32;P33,DATA.md,identity-only,not-started,not-performed,not-performed,CONTENT-COVERAGE.csv;../../../tools/pokemon-dungeon/content/species.json,Source-qualified identity and explicit form links; mechanical and asset blockers remain; no runtime content or gameplay acceptance
pokemon-205,species,Forretress,P02;P17;P32;P33,DATA.md,identity-only,not-started,not-performed,not-performed,CONTENT-COVERAGE.csv;../../../tools/pokemon-dungeon/content/species.json,Source-qualified identity and explicit form links; mechanical and asset blockers remain; no runtime content or gameplay acceptance
pokemon-206,species,Dunsparce,P02;P17;P32;P33,DATA.md,identity-only,not-started,not-performed,not-performed,CONTENT-COVERAGE.csv;../../../tools/pokemon-dungeon/content/species.json,Source-qualified identity and explicit form links; mechanical and asset blockers remain; no runtime content or gameplay acceptance
pokemon-207,species,Gligar,P02;P17;P32;P33,DATA.md,identity-only,not-started,not-performed,not-performed,CONTENT-COVERAGE.csv;../../../tools/pokemon-dungeon/content/species.json,Source-qualified identity and explicit form links; mechanical and asset blockers remain; no runtime content or gameplay acceptance
pokemon-208,species,Steelix,P02;P17;P32;P33,DATA.md,identity-only,not-started,not-performed,not-performed,CONTENT-COVERAGE.csv;../../../tools/pokemon-dungeon/content/species.json,Source-qualified identity and explicit form links; mechanical and asset blockers remain; no runtime content or gameplay acceptance
pokemon-209,species,Snubbull,P02;P17;P32;P33,DATA.md,identity-only,not-started,not-performed,not-performed,CONTENT-COVERAGE.csv;../../../tools/pokemon-dungeon/content/species.json,Source-qualified identity and explicit form links; mechanical and asset blockers remain; no runtime content or gameplay acceptance
pokemon-210,species,Granbull,P02;P17;P32;P33,DATA.md,identity-only,not-started,not-performed,not-performed,CONTENT-COVERAGE.csv;../../../tools/pokemon-dungeon/content/species.json,Source-qualified identity and explicit form links; mechanical and asset blockers remain; no runtime content or gameplay acceptance
pokemon-211,species,Qwilfish,P02;P17;P32;P33,DATA.md,identity-only,not-started,not-performed,not-performed,CONTENT-COVERAGE.csv;../../../tools/pokemon-dungeon/content/species.json,Source-qualified identity and explicit form links; mechanical and asset blockers remain; no runtime content or gameplay acceptance
pokemon-212,species,Scizor,P02;P17;P32;P33,DATA.md,identity-only,not-started,not-performed,not-performed,CONTENT-COVERAGE.csv;../../../tools/pokemon-dungeon/content/species.json,Source-qualified identity and explicit form links; mechanical and asset blockers remain; no runtime content or gameplay acceptance
pokemon-213,species,Shuckle,P02;P17;P32;P33,DATA.md,identity-only,not-started,not-performed,not-performed,CONTENT-COVERAGE.csv;../../../tools/pokemon-dungeon/content/species.json,Source-qualified identity and explicit form links; mechanical and asset blockers remain; no runtime content or gameplay acceptance
pokemon-214,species,Heracross,P02;P17;P32;P33,DATA.md,identity-only,not-started,not-performed,not-performed,CONTENT-COVERAGE.csv;../../../tools/pokemon-dungeon/content/species.json,Source-qualified identity and explicit form links; mechanical and asset blockers remain; no runtime content or gameplay acceptance
pokemon-215,species,Sneasel,P02;P17;P32;P33,DATA.md,identity-only,not-started,not-performed,not-performed,CONTENT-COVERAGE.csv;../../../tools/pokemon-dungeon/content/species.json,Source-qualified identity and explicit form links; mechanical and asset blockers remain; no runtime content or gameplay acceptance
pokemon-216,species,Teddiursa,P02;P17;P32;P33,DATA.md,identity-only,not-started,not-performed,not-performed,CONTENT-COVERAGE.csv;../../../tools/pokemon-dungeon/content/species.json,Source-qualified identity and explicit form links; mechanical and asset blockers remain; no runtime content or gameplay acceptance
pokemon-217,species,Ursaring,P02;P17;P32;P33,DATA.md,identity-only,not-started,not-performed,not-performed,CONTENT-COVERAGE.csv;../../../tools/pokemon-dungeon/content/species.json,Source-qualified identity and explicit form links; mechanical and asset blockers remain; no runtime content or gameplay acceptance
pokemon-218,species,Slugma,P02;P17;P32;P33,DATA.md,identity-only,not-started,not-performed,not-performed,CONTENT-COVERAGE.csv;../../../tools/pokemon-dungeon/content/species.json,Source-qualified identity and explicit form links; mechanical and asset blockers remain; no runtime content or gameplay acceptance
pokemon-219,species,Magcargo,P02;P17;P32;P33,DATA.md,identity-only,not-started,not-performed,not-performed,CONTENT-COVERAGE.csv;../../../tools/pokemon-dungeon/content/species.json,Source-qualified identity and explicit form links; mechanical and asset blockers remain; no runtime content or gameplay acceptance
pokemon-220,species,Swinub,P02;P17;P32;P33,DATA.md,identity-only,not-started,not-performed,not-performed,CONTENT-COVERAGE.csv;../../../tools/pokemon-dungeon/content/species.json,Source-qualified identity and explicit form links; mechanical and asset blockers remain; no runtime content or gameplay acceptance
pokemon-221,species,Piloswine,P02;P17;P32;P33,DATA.md,identity-only,not-started,not-performed,not-performed,CONTENT-COVERAGE.csv;../../../tools/pokemon-dungeon/content/species.json,Source-qualified identity and explicit form links; mechanical and asset blockers remain; no runtime content or gameplay acceptance
pokemon-222,species,Corsola,P02;P17;P32;P33,DATA.md,identity-only,not-started,not-performed,not-performed,CONTENT-COVERAGE.csv;../../../tools/pokemon-dungeon/content/species.json,Source-qualified identity and explicit form links; mechanical and asset blockers remain; no runtime content or gameplay acceptance
pokemon-223,species,Remoraid,P02;P17;P32;P33,DATA.md,identity-only,not-started,not-performed,not-performed,CONTENT-COVERAGE.csv;../../../tools/pokemon-dungeon/content/species.json,Source-qualified identity and explicit form links; mechanical and asset blockers remain; no runtime content or gameplay acceptance
pokemon-224,species,Octillery,P02;P17;P32;P33,DATA.md,identity-only,not-started,not-performed,not-performed,CONTENT-COVERAGE.csv;../../../tools/pokemon-dungeon/content/species.json,Source-qualified identity and explicit form links; mechanical and asset blockers remain; no runtime content or gameplay acceptance
pokemon-225,species,Delibird,P02;P17;P32;P33,DATA.md,identity-only,not-started,not-performed,not-performed,CONTENT-COVERAGE.csv;../../../tools/pokemon-dungeon/content/species.json,Source-qualified identity and explicit form links; mechanical and asset blockers remain; no runtime content or gameplay acceptance
pokemon-226,species,Mantine,P02;P17;P32;P33,DATA.md,identity-only,not-started,not-performed,not-performed,CONTENT-COVERAGE.csv;../../../tools/pokemon-dungeon/content/species.json,Source-qualified identity and explicit form links; mechanical and asset blockers remain; no runtime content or gameplay acceptance
pokemon-227,species,Skarmory,P02;P17;P32;P33,DATA.md,identity-only,not-started,not-performed,not-performed,CONTENT-COVERAGE.csv;../../../tools/pokemon-dungeon/content/species.json,Source-qualified identity and explicit form links; mechanical and asset blockers remain; no runtime content or gameplay acceptance
pokemon-228,species,Houndour,P02;P17;P32;P33,DATA.md,identity-only,not-started,not-performed,not-performed,CONTENT-COVERAGE.csv;../../../tools/pokemon-dungeon/content/species.json,Source-qualified identity and explicit form links; mechanical and asset blockers remain; no runtime content or gameplay acceptance
pokemon-229,species,Houndoom,P02;P17;P32;P33,DATA.md,identity-only,not-started,not-performed,not-performed,CONTENT-COVERAGE.csv;../../../tools/pokemon-dungeon/content/species.json,Source-qualified identity and explicit form links; mechanical and asset blockers remain; no runtime content or gameplay acceptance
pokemon-230,species,Kingdra,P02;P17;P32;P33,DATA.md,identity-only,not-started,not-performed,not-performed,CONTENT-COVERAGE.csv;../../../tools/pokemon-dungeon/content/species.json,Source-qualified identity and explicit form links; mechanical and asset blockers remain; no runtime content or gameplay acceptance
pokemon-231,species,Phanpy,P02;P17;P32;P33,DATA.md,identity-only,not-started,not-performed,not-performed,CONTENT-COVERAGE.csv;../../../tools/pokemon-dungeon/content/species.json,Source-qualified identity and explicit form links; mechanical and asset blockers remain; no runtime content or gameplay acceptance
pokemon-232,species,Donphan,P02;P17;P32;P33,DATA.md,identity-only,not-started,not-performed,not-performed,CONTENT-COVERAGE.csv;../../../tools/pokemon-dungeon/content/species.json,Source-qualified identity and explicit form links; mechanical and asset blockers remain; no runtime content or gameplay acceptance
pokemon-233,species,Porygon2,P02;P17;P32;P33,DATA.md,identity-only,not-started,not-performed,not-performed,CONTENT-COVERAGE.csv;../../../tools/pokemon-dungeon/content/species.json,Source-qualified identity and explicit form links; mechanical and asset blockers remain; no runtime content or gameplay acceptance
pokemon-234,species,Stantler,P02;P17;P32;P33,DATA.md,identity-only,not-started,not-performed,not-performed,CONTENT-COVERAGE.csv;../../../tools/pokemon-dungeon/content/species.json,Source-qualified identity and explicit form links; mechanical and asset blockers remain; no runtime content or gameplay acceptance
pokemon-235,species,Smeargle,P02;P17;P32;P33,DATA.md,identity-only,not-started,not-performed,not-performed,CONTENT-COVERAGE.csv;../../../tools/pokemon-dungeon/content/species.json,Source-qualified identity and explicit form links; mechanical and asset blockers remain; no runtime content or gameplay acceptance
pokemon-236,species,Tyrogue,P02;P17;P32;P33,DATA.md,identity-only,not-started,not-performed,not-performed,CONTENT-COVERAGE.csv;../../../tools/pokemon-dungeon/content/species.json,Source-qualified identity and explicit form links; mechanical and asset blockers remain; no runtime content or gameplay acceptance
pokemon-237,species,Hitmontop,P02;P17;P32;P33,DATA.md,identity-only,not-started,not-performed,not-performed,CONTENT-COVERAGE.csv;../../../tools/pokemon-dungeon/content/species.json,Source-qualified identity and explicit form links; mechanical and asset blockers remain; no runtime content or gameplay acceptance
pokemon-238,species,Smoochum,P02;P17;P32;P33,DATA.md,identity-only,not-started,not-performed,not-performed,CONTENT-COVERAGE.csv;../../../tools/pokemon-dungeon/content/species.json,Source-qualified identity and explicit form links; mechanical and asset blockers remain; no runtime content or gameplay acceptance
pokemon-239,species,Elekid,P02;P17;P32;P33,DATA.md,identity-only,not-started,not-performed,not-performed,CONTENT-COVERAGE.csv;../../../tools/pokemon-dungeon/content/species.json,Source-qualified identity and explicit form links; mechanical and asset blockers remain; no runtime content or gameplay acceptance
pokemon-240,species,Magby,P02;P17;P32;P33,DATA.md,identity-only,not-started,not-performed,not-performed,CONTENT-COVERAGE.csv;../../../tools/pokemon-dungeon/content/species.json,Source-qualified identity and explicit form links; mechanical and asset blockers remain; no runtime content or gameplay acceptance
pokemon-241,species,Miltank,P02;P17;P32;P33,DATA.md,identity-only,not-started,not-performed,not-performed,CONTENT-COVERAGE.csv;../../../tools/pokemon-dungeon/content/species.json,Source-qualified identity and explicit form links; mechanical and asset blockers remain; no runtime content or gameplay acceptance
pokemon-242,species,Blissey,P02;P17;P32;P33,DATA.md,identity-only,not-started,not-performed,not-performed,CONTENT-COVERAGE.csv;../../../tools/pokemon-dungeon/content/species.json,Source-qualified identity and explicit form links; mechanical and asset blockers remain; no runtime content or gameplay acceptance
pokemon-243,species,Raikou,P02;P17;P32;P33,DATA.md,identity-only,not-started,not-performed,not-performed,CONTENT-COVERAGE.csv;../../../tools/pokemon-dungeon/content/species.json,Source-qualified identity and explicit form links; mechanical and asset blockers remain; no runtime content or gameplay acceptance
pokemon-244,species,Entei,P02;P17;P32;P33,DATA.md,identity-only,not-started,not-performed,not-performed,CONTENT-COVERAGE.csv;../../../tools/pokemon-dungeon/content/species.json,Source-qualified identity and explicit form links; mechanical and asset blockers remain; no runtime content or gameplay acceptance
pokemon-245,species,Suicune,P02;P17;P32;P33,DATA.md,identity-only,not-started,not-performed,not-performed,CONTENT-COVERAGE.csv;../../../tools/pokemon-dungeon/content/species.json,Source-qualified identity and explicit form links; mechanical and asset blockers remain; no runtime content or gameplay acceptance
pokemon-246,species,Larvitar,P02;P17;P32;P33,DATA.md,identity-only,not-started,not-performed,not-performed,CONTENT-COVERAGE.csv;../../../tools/pokemon-dungeon/content/species.json,Source-qualified identity and explicit form links; mechanical and asset blockers remain; no runtime content or gameplay acceptance
pokemon-247,species,Pupitar,P02;P17;P32;P33,DATA.md,identity-only,not-started,not-performed,not-performed,CONTENT-COVERAGE.csv;../../../tools/pokemon-dungeon/content/species.json,Source-qualified identity and explicit form links; mechanical and asset blockers remain; no runtime content or gameplay acceptance
pokemon-248,species,Tyranitar,P02;P17;P32;P33,DATA.md,identity-only,not-started,not-performed,not-performed,CONTENT-COVERAGE.csv;../../../tools/pokemon-dungeon/content/species.json,Source-qualified identity and explicit form links; mechanical and asset blockers remain; no runtime content or gameplay acceptance
pokemon-249,species,Lugia,P02;P17;P32;P33,DATA.md,identity-only,not-started,not-performed,not-performed,CONTENT-COVERAGE.csv;../../../tools/pokemon-dungeon/content/species.json,Source-qualified identity and explicit form links; mechanical and asset blockers remain; no runtime content or gameplay acceptance
pokemon-250,species,Ho-Oh,P02;P17;P32;P33,DATA.md,identity-only,not-started,not-performed,not-performed,CONTENT-COVERAGE.csv;../../../tools/pokemon-dungeon/content/species.json,Source-qualified identity and explicit form links; mechanical and asset blockers remain; no runtime content or gameplay acceptance
pokemon-251,species,Celebi,P02;P17;P32;P33,DATA.md,identity-only,not-started,not-performed,not-performed,CONTENT-COVERAGE.csv;../../../tools/pokemon-dungeon/content/species.json,Source-qualified identity and explicit form links; mechanical and asset blockers remain; no runtime content or gameplay acceptance
pokemon-252,species,Treecko,P02;P17;P32;P33,DATA.md,identity-only,not-started,not-performed,not-performed,CONTENT-COVERAGE.csv;../../../tools/pokemon-dungeon/content/species.json,Source-qualified identity and explicit form links; mechanical and asset blockers remain; no runtime content or gameplay acceptance
pokemon-253,species,Grovyle,P02;P17;P32;P33,DATA.md,identity-only,not-started,not-performed,not-performed,CONTENT-COVERAGE.csv;../../../tools/pokemon-dungeon/content/species.json,Source-qualified identity and explicit form links; mechanical and asset blockers remain; no runtime content or gameplay acceptance
pokemon-254,species,Sceptile,P02;P17;P32;P33,DATA.md,identity-only,not-started,not-performed,not-performed,CONTENT-COVERAGE.csv;../../../tools/pokemon-dungeon/content/species.json,Source-qualified identity and explicit form links; mechanical and asset blockers remain; no runtime content or gameplay acceptance
pokemon-255,species,Torchic,P02;P17;P32;P33,DATA.md,identity-only,not-started,not-performed,not-performed,CONTENT-COVERAGE.csv;../../../tools/pokemon-dungeon/content/species.json,Source-qualified identity and explicit form links; mechanical and asset blockers remain; no runtime content or gameplay acceptance
pokemon-256,species,Combusken,P02;P17;P32;P33,DATA.md,identity-only,not-started,not-performed,not-performed,CONTENT-COVERAGE.csv;../../../tools/pokemon-dungeon/content/species.json,Source-qualified identity and explicit form links; mechanical and asset blockers remain; no runtime content or gameplay acceptance
pokemon-257,species,Blaziken,P02;P17;P32;P33,DATA.md,identity-only,not-started,not-performed,not-performed,CONTENT-COVERAGE.csv;../../../tools/pokemon-dungeon/content/species.json,Source-qualified identity and explicit form links; mechanical and asset blockers remain; no runtime content or gameplay acceptance
pokemon-258,species,Mudkip,P02;P17;P32;P33,DATA.md,identity-only,not-started,not-performed,not-performed,CONTENT-COVERAGE.csv;../../../tools/pokemon-dungeon/content/species.json,Source-qualified identity and explicit form links; mechanical and asset blockers remain; no runtime content or gameplay acceptance
pokemon-259,species,Marshtomp,P02;P17;P32;P33,DATA.md,identity-only,not-started,not-performed,not-performed,CONTENT-COVERAGE.csv;../../../tools/pokemon-dungeon/content/species.json,Source-qualified identity and explicit form links; mechanical and asset blockers remain; no runtime content or gameplay acceptance
pokemon-260,species,Swampert,P02;P17;P32;P33,DATA.md,identity-only,not-started,not-performed,not-performed,CONTENT-COVERAGE.csv;../../../tools/pokemon-dungeon/content/species.json,Source-qualified identity and explicit form links; mechanical and asset blockers remain; no runtime content or gameplay acceptance
pokemon-261,species,Poochyena,P02;P17;P32;P33,DATA.md,identity-only,not-started,not-performed,not-performed,CONTENT-COVERAGE.csv;../../../tools/pokemon-dungeon/content/species.json,Source-qualified identity and explicit form links; mechanical and asset blockers remain; no runtime content or gameplay acceptance
pokemon-262,species,Mightyena,P02;P17;P32;P33,DATA.md,identity-only,not-started,not-performed,not-performed,CONTENT-COVERAGE.csv;../../../tools/pokemon-dungeon/content/species.json,Source-qualified identity and explicit form links; mechanical and asset blockers remain; no runtime content or gameplay acceptance
pokemon-263,species,Zigzagoon,P02;P17;P32;P33,DATA.md,identity-only,not-started,not-performed,not-performed,CONTENT-COVERAGE.csv;../../../tools/pokemon-dungeon/content/species.json,Source-qualified identity and explicit form links; mechanical and asset blockers remain; no runtime content or gameplay acceptance
pokemon-264,species,Linoone,P02;P17;P32;P33,DATA.md,identity-only,not-started,not-performed,not-performed,CONTENT-COVERAGE.csv;../../../tools/pokemon-dungeon/content/species.json,Source-qualified identity and explicit form links; mechanical and asset blockers remain; no runtime content or gameplay acceptance
pokemon-265,species,Wurmple,P02;P17;P32;P33,DATA.md,identity-only,not-started,not-performed,not-performed,CONTENT-COVERAGE.csv;../../../tools/pokemon-dungeon/content/species.json,Source-qualified identity and explicit form links; mechanical and asset blockers remain; no runtime content or gameplay acceptance
pokemon-266,species,Silcoon,P02;P17;P32;P33,DATA.md,identity-only,not-started,not-performed,not-performed,CONTENT-COVERAGE.csv;../../../tools/pokemon-dungeon/content/species.json,Source-qualified identity and explicit form links; mechanical and asset blockers remain; no runtime content or gameplay acceptance
pokemon-267,species,Beautifly,P02;P17;P32;P33,DATA.md,identity-only,not-started,not-performed,not-performed,CONTENT-COVERAGE.csv;../../../tools/pokemon-dungeon/content/species.json,Source-qualified identity and explicit form links; mechanical and asset blockers remain; no runtime content or gameplay acceptance
pokemon-268,species,Cascoon,P02;P17;P32;P33,DATA.md,identity-only,not-started,not-performed,not-performed,CONTENT-COVERAGE.csv;../../../tools/pokemon-dungeon/content/species.json,Source-qualified identity and explicit form links; mechanical and asset blockers remain; no runtime content or gameplay acceptance
pokemon-269,species,Dustox,P02;P17;P32;P33,DATA.md,identity-only,not-started,not-performed,not-performed,CONTENT-COVERAGE.csv;../../../tools/pokemon-dungeon/content/species.json,Source-qualified identity and explicit form links; mechanical and asset blockers remain; no runtime content or gameplay acceptance
pokemon-270,species,Lotad,P02;P17;P32;P33,DATA.md,identity-only,not-started,not-performed,not-performed,CONTENT-COVERAGE.csv;../../../tools/pokemon-dungeon/content/species.json,Source-qualified identity and explicit form links; mechanical and asset blockers remain; no runtime content or gameplay acceptance
pokemon-271,species,Lombre,P02;P17;P32;P33,DATA.md,identity-only,not-started,not-performed,not-performed,CONTENT-COVERAGE.csv;../../../tools/pokemon-dungeon/content/species.json,Source-qualified identity and explicit form links; mechanical and asset blockers remain; no runtime content or gameplay acceptance
pokemon-272,species,Ludicolo,P02;P17;P32;P33,DATA.md,identity-only,not-started,not-performed,not-performed,CONTENT-COVERAGE.csv;../../../tools/pokemon-dungeon/content/species.json,Source-qualified identity and explicit form links; mechanical and asset blockers remain; no runtime content or gameplay acceptance
pokemon-273,species,Seedot,P02;P17;P32;P33,DATA.md,identity-only,not-started,not-performed,not-performed,CONTENT-COVERAGE.csv;../../../tools/pokemon-dungeon/content/species.json,Source-qualified identity and explicit form links; mechanical and asset blockers remain; no runtime content or gameplay acceptance
pokemon-274,species,Nuzleaf,P02;P17;P32;P33,DATA.md,identity-only,not-started,not-performed,not-performed,CONTENT-COVERAGE.csv;../../../tools/pokemon-dungeon/content/species.json,Source-qualified identity and explicit form links; mechanical and asset blockers remain; no runtime content or gameplay acceptance
pokemon-275,species,Shiftry,P02;P17;P32;P33,DATA.md,identity-only,not-started,not-performed,not-performed,CONTENT-COVERAGE.csv;../../../tools/pokemon-dungeon/content/species.json,Source-qualified identity and explicit form links; mechanical and asset blockers remain; no runtime content or gameplay acceptance
pokemon-276,species,Taillow,P02;P17;P32;P33,DATA.md,identity-only,not-started,not-performed,not-performed,CONTENT-COVERAGE.csv;../../../tools/pokemon-dungeon/content/species.json,Source-qualified identity and explicit form links; mechanical and asset blockers remain; no runtime content or gameplay acceptance
pokemon-277,species,Swellow,P02;P17;P32;P33,DATA.md,identity-only,not-started,not-performed,not-performed,CONTENT-COVERAGE.csv;../../../tools/pokemon-dungeon/content/species.json,Source-qualified identity and explicit form links; mechanical and asset blockers remain; no runtime content or gameplay acceptance
pokemon-278,species,Wingull,P02;P17;P32;P33,DATA.md,identity-only,not-started,not-performed,not-performed,CONTENT-COVERAGE.csv;../../../tools/pokemon-dungeon/content/species.json,Source-qualified identity and explicit form links; mechanical and asset blockers remain; no runtime content or gameplay acceptance
pokemon-279,species,Pelipper,P02;P17;P32;P33,DATA.md,identity-only,not-started,not-performed,not-performed,CONTENT-COVERAGE.csv;../../../tools/pokemon-dungeon/content/species.json,Source-qualified identity and explicit form links; mechanical and asset blockers remain; no runtime content or gameplay acceptance
pokemon-280,species,Ralts,P02;P17;P32;P33,DATA.md,identity-only,not-started,not-performed,not-performed,CONTENT-COVERAGE.csv;../../../tools/pokemon-dungeon/content/species.json,Source-qualified identity and explicit form links; mechanical and asset blockers remain; no runtime content or gameplay acceptance
pokemon-281,species,Kirlia,P02;P17;P32;P33,DATA.md,identity-only,not-started,not-performed,not-performed,CONTENT-COVERAGE.csv;../../../tools/pokemon-dungeon/content/species.json,Source-qualified identity and explicit form links; mechanical and asset blockers remain; no runtime content or gameplay acceptance
pokemon-282,species,Gardevoir,P02;P17;P32;P33,DATA.md,identity-only,not-started,not-performed,not-performed,CONTENT-COVERAGE.csv;../../../tools/pokemon-dungeon/content/species.json,Source-qualified identity and explicit form links; mechanical and asset blockers remain; no runtime content or gameplay acceptance
pokemon-283,species,Surskit,P02;P17;P32;P33,DATA.md,identity-only,not-started,not-performed,not-performed,CONTENT-COVERAGE.csv;../../../tools/pokemon-dungeon/content/species.json,Source-qualified identity and explicit form links; mechanical and asset blockers remain; no runtime content or gameplay acceptance
pokemon-284,species,Masquerain,P02;P17;P32;P33,DATA.md,identity-only,not-started,not-performed,not-performed,CONTENT-COVERAGE.csv;../../../tools/pokemon-dungeon/content/species.json,Source-qualified identity and explicit form links; mechanical and asset blockers remain; no runtime content or gameplay acceptance
pokemon-285,species,Shroomish,P02;P17;P32;P33,DATA.md,identity-only,not-started,not-performed,not-performed,CONTENT-COVERAGE.csv;../../../tools/pokemon-dungeon/content/species.json,Source-qualified identity and explicit form links; mechanical and asset blockers remain; no runtime content or gameplay acceptance
pokemon-286,species,Breloom,P02;P17;P32;P33,DATA.md,identity-only,not-started,not-performed,not-performed,CONTENT-COVERAGE.csv;../../../tools/pokemon-dungeon/content/species.json,Source-qualified identity and explicit form links; mechanical and asset blockers remain; no runtime content or gameplay acceptance
pokemon-287,species,Slakoth,P02;P17;P32;P33,DATA.md,identity-only,not-started,not-performed,not-performed,CONTENT-COVERAGE.csv;../../../tools/pokemon-dungeon/content/species.json,Source-qualified identity and explicit form links; mechanical and asset blockers remain; no runtime content or gameplay acceptance
pokemon-288,species,Vigoroth,P02;P17;P32;P33,DATA.md,identity-only,not-started,not-performed,not-performed,CONTENT-COVERAGE.csv;../../../tools/pokemon-dungeon/content/species.json,Source-qualified identity and explicit form links; mechanical and asset blockers remain; no runtime content or gameplay acceptance
pokemon-289,species,Slaking,P02;P17;P32;P33,DATA.md,identity-only,not-started,not-performed,not-performed,CONTENT-COVERAGE.csv;../../../tools/pokemon-dungeon/content/species.json,Source-qualified identity and explicit form links; mechanical and asset blockers remain; no runtime content or gameplay acceptance
pokemon-290,species,Nincada,P02;P17;P32;P33,DATA.md,identity-only,not-started,not-performed,not-performed,CONTENT-COVERAGE.csv;../../../tools/pokemon-dungeon/content/species.json,Source-qualified identity and explicit form links; mechanical and asset blockers remain; no runtime content or gameplay acceptance
pokemon-291,species,Ninjask,P02;P17;P32;P33,DATA.md,identity-only,not-started,not-performed,not-performed,CONTENT-COVERAGE.csv;../../../tools/pokemon-dungeon/content/species.json,Source-qualified identity and explicit form links; mechanical and asset blockers remain; no runtime content or gameplay acceptance
pokemon-292,species,Shedinja,P02;P17;P32;P33,DATA.md,identity-only,not-started,not-performed,not-performed,CONTENT-COVERAGE.csv;../../../tools/pokemon-dungeon/content/species.json,Source-qualified identity and explicit form links; mechanical and asset blockers remain; no runtime content or gameplay acceptance
pokemon-293,species,Whismur,P02;P17;P32;P33,DATA.md,identity-only,not-started,not-performed,not-performed,CONTENT-COVERAGE.csv;../../../tools/pokemon-dungeon/content/species.json,Source-qualified identity and explicit form links; mechanical and asset blockers remain; no runtime content or gameplay acceptance
pokemon-294,species,Loudred,P02;P17;P32;P33,DATA.md,identity-only,not-started,not-performed,not-performed,CONTENT-COVERAGE.csv;../../../tools/pokemon-dungeon/content/species.json,Source-qualified identity and explicit form links; mechanical and asset blockers remain; no runtime content or gameplay acceptance
pokemon-295,species,Exploud,P02;P17;P32;P33,DATA.md,identity-only,not-started,not-performed,not-performed,CONTENT-COVERAGE.csv;../../../tools/pokemon-dungeon/content/species.json,Source-qualified identity and explicit form links; mechanical and asset blockers remain; no runtime content or gameplay acceptance
pokemon-296,species,Makuhita,P02;P17;P32;P33,DATA.md,identity-only,not-started,not-performed,not-performed,CONTENT-COVERAGE.csv;../../../tools/pokemon-dungeon/content/species.json,Source-qualified identity and explicit form links; mechanical and asset blockers remain; no runtime content or gameplay acceptance
pokemon-297,species,Hariyama,P02;P17;P32;P33,DATA.md,identity-only,not-started,not-performed,not-performed,CONTENT-COVERAGE.csv;../../../tools/pokemon-dungeon/content/species.json,Source-qualified identity and explicit form links; mechanical and asset blockers remain; no runtime content or gameplay acceptance
pokemon-298,species,Azurill,P02;P17;P32;P33,DATA.md,identity-only,not-started,not-performed,not-performed,CONTENT-COVERAGE.csv;../../../tools/pokemon-dungeon/content/species.json,Source-qualified identity and explicit form links; mechanical and asset blockers remain; no runtime content or gameplay acceptance
pokemon-299,species,Nosepass,P02;P17;P32;P33,DATA.md,identity-only,not-started,not-performed,not-performed,CONTENT-COVERAGE.csv;../../../tools/pokemon-dungeon/content/species.json,Source-qualified identity and explicit form links; mechanical and asset blockers remain; no runtime content or gameplay acceptance
pokemon-300,species,Skitty,P02;P17;P32;P33,DATA.md,identity-only,not-started,not-performed,not-performed,CONTENT-COVERAGE.csv;../../../tools/pokemon-dungeon/content/species.json,Source-qualified identity and explicit form links; mechanical and asset blockers remain; no runtime content or gameplay acceptance
pokemon-301,species,Delcatty,P02;P17;P32;P33,DATA.md,identity-only,not-started,not-performed,not-performed,CONTENT-COVERAGE.csv;../../../tools/pokemon-dungeon/content/species.json,Source-qualified identity and explicit form links; mechanical and asset blockers remain; no runtime content or gameplay acceptance
pokemon-302,species,Sableye,P02;P17;P32;P33,DATA.md,identity-only,not-started,not-performed,not-performed,CONTENT-COVERAGE.csv;../../../tools/pokemon-dungeon/content/species.json,Source-qualified identity and explicit form links; mechanical and asset blockers remain; no runtime content or gameplay acceptance
pokemon-303,species,Mawile,P02;P17;P32;P33,DATA.md,identity-only,not-started,not-performed,not-performed,CONTENT-COVERAGE.csv;../../../tools/pokemon-dungeon/content/species.json,Source-qualified identity and explicit form links; mechanical and asset blockers remain; no runtime content or gameplay acceptance
pokemon-304,species,Aron,P02;P17;P32;P33,DATA.md,identity-only,not-started,not-performed,not-performed,CONTENT-COVERAGE.csv;../../../tools/pokemon-dungeon/content/species.json,Source-qualified identity and explicit form links; mechanical and asset blockers remain; no runtime content or gameplay acceptance
pokemon-305,species,Lairon,P02;P17;P32;P33,DATA.md,identity-only,not-started,not-performed,not-performed,CONTENT-COVERAGE.csv;../../../tools/pokemon-dungeon/content/species.json,Source-qualified identity and explicit form links; mechanical and asset blockers remain; no runtime content or gameplay acceptance
pokemon-306,species,Aggron,P02;P17;P32;P33,DATA.md,identity-only,not-started,not-performed,not-performed,CONTENT-COVERAGE.csv;../../../tools/pokemon-dungeon/content/species.json,Source-qualified identity and explicit form links; mechanical and asset blockers remain; no runtime content or gameplay acceptance
pokemon-307,species,Meditite,P02;P17;P32;P33,DATA.md,identity-only,not-started,not-performed,not-performed,CONTENT-COVERAGE.csv;../../../tools/pokemon-dungeon/content/species.json,Source-qualified identity and explicit form links; mechanical and asset blockers remain; no runtime content or gameplay acceptance
pokemon-308,species,Medicham,P02;P17;P32;P33,DATA.md,identity-only,not-started,not-performed,not-performed,CONTENT-COVERAGE.csv;../../../tools/pokemon-dungeon/content/species.json,Source-qualified identity and explicit form links; mechanical and asset blockers remain; no runtime content or gameplay acceptance
pokemon-309,species,Electrike,P02;P17;P32;P33,DATA.md,identity-only,not-started,not-performed,not-performed,CONTENT-COVERAGE.csv;../../../tools/pokemon-dungeon/content/species.json,Source-qualified identity and explicit form links; mechanical and asset blockers remain; no runtime content or gameplay acceptance
pokemon-310,species,Manectric,P02;P17;P32;P33,DATA.md,identity-only,not-started,not-performed,not-performed,CONTENT-COVERAGE.csv;../../../tools/pokemon-dungeon/content/species.json,Source-qualified identity and explicit form links; mechanical and asset blockers remain; no runtime content or gameplay acceptance
pokemon-311,species,Plusle,P02;P17;P32;P33,DATA.md,identity-only,not-started,not-performed,not-performed,CONTENT-COVERAGE.csv;../../../tools/pokemon-dungeon/content/species.json,Source-qualified identity and explicit form links; mechanical and asset blockers remain; no runtime content or gameplay acceptance
pokemon-312,species,Minun,P02;P17;P32;P33,DATA.md,identity-only,not-started,not-performed,not-performed,CONTENT-COVERAGE.csv;../../../tools/pokemon-dungeon/content/species.json,Source-qualified identity and explicit form links; mechanical and asset blockers remain; no runtime content or gameplay acceptance
pokemon-313,species,Volbeat,P02;P17;P32;P33,DATA.md,identity-only,not-started,not-performed,not-performed,CONTENT-COVERAGE.csv;../../../tools/pokemon-dungeon/content/species.json,Source-qualified identity and explicit form links; mechanical and asset blockers remain; no runtime content or gameplay acceptance
pokemon-314,species,Illumise,P02;P17;P32;P33,DATA.md,identity-only,not-started,not-performed,not-performed,CONTENT-COVERAGE.csv;../../../tools/pokemon-dungeon/content/species.json,Source-qualified identity and explicit form links; mechanical and asset blockers remain; no runtime content or gameplay acceptance
pokemon-315,species,Roselia,P02;P17;P32;P33,DATA.md,identity-only,not-started,not-performed,not-performed,CONTENT-COVERAGE.csv;../../../tools/pokemon-dungeon/content/species.json,Source-qualified identity and explicit form links; mechanical and asset blockers remain; no runtime content or gameplay acceptance
pokemon-316,species,Gulpin,P02;P17;P32;P33,DATA.md,identity-only,not-started,not-performed,not-performed,CONTENT-COVERAGE.csv;../../../tools/pokemon-dungeon/content/species.json,Source-qualified identity and explicit form links; mechanical and asset blockers remain; no runtime content or gameplay acceptance
pokemon-317,species,Swalot,P02;P17;P32;P33,DATA.md,identity-only,not-started,not-performed,not-performed,CONTENT-COVERAGE.csv;../../../tools/pokemon-dungeon/content/species.json,Source-qualified identity and explicit form links; mechanical and asset blockers remain; no runtime content or gameplay acceptance
pokemon-318,species,Carvanha,P02;P17;P32;P33,DATA.md,identity-only,not-started,not-performed,not-performed,CONTENT-COVERAGE.csv;../../../tools/pokemon-dungeon/content/species.json,Source-qualified identity and explicit form links; mechanical and asset blockers remain; no runtime content or gameplay acceptance
pokemon-319,species,Sharpedo,P02;P17;P32;P33,DATA.md,identity-only,not-started,not-performed,not-performed,CONTENT-COVERAGE.csv;../../../tools/pokemon-dungeon/content/species.json,Source-qualified identity and explicit form links; mechanical and asset blockers remain; no runtime content or gameplay acceptance
pokemon-320,species,Wailmer,P02;P17;P32;P33,DATA.md,identity-only,not-started,not-performed,not-performed,CONTENT-COVERAGE.csv;../../../tools/pokemon-dungeon/content/species.json,Source-qualified identity and explicit form links; mechanical and asset blockers remain; no runtime content or gameplay acceptance
pokemon-321,species,Wailord,P02;P17;P32;P33,DATA.md,identity-only,not-started,not-performed,not-performed,CONTENT-COVERAGE.csv;../../../tools/pokemon-dungeon/content/species.json,Source-qualified identity and explicit form links; mechanical and asset blockers remain; no runtime content or gameplay acceptance
pokemon-322,species,Numel,P02;P17;P32;P33,DATA.md,identity-only,not-started,not-performed,not-performed,CONTENT-COVERAGE.csv;../../../tools/pokemon-dungeon/content/species.json,Source-qualified identity and explicit form links; mechanical and asset blockers remain; no runtime content or gameplay acceptance
pokemon-323,species,Camerupt,P02;P17;P32;P33,DATA.md,identity-only,not-started,not-performed,not-performed,CONTENT-COVERAGE.csv;../../../tools/pokemon-dungeon/content/species.json,Source-qualified identity and explicit form links; mechanical and asset blockers remain; no runtime content or gameplay acceptance
pokemon-324,species,Torkoal,P02;P17;P32;P33,DATA.md,identity-only,not-started,not-performed,not-performed,CONTENT-COVERAGE.csv;../../../tools/pokemon-dungeon/content/species.json,Source-qualified identity and explicit form links; mechanical and asset blockers remain; no runtime content or gameplay acceptance
pokemon-325,species,Spoink,P02;P17;P32;P33,DATA.md,identity-only,not-started,not-performed,not-performed,CONTENT-COVERAGE.csv;../../../tools/pokemon-dungeon/content/species.json,Source-qualified identity and explicit form links; mechanical and asset blockers remain; no runtime content or gameplay acceptance
pokemon-326,species,Grumpig,P02;P17;P32;P33,DATA.md,identity-only,not-started,not-performed,not-performed,CONTENT-COVERAGE.csv;../../../tools/pokemon-dungeon/content/species.json,Source-qualified identity and explicit form links; mechanical and asset blockers remain; no runtime content or gameplay acceptance
pokemon-327,species,Spinda,P02;P17;P32;P33,DATA.md,identity-only,not-started,not-performed,not-performed,CONTENT-COVERAGE.csv;../../../tools/pokemon-dungeon/content/species.json,Source-qualified identity and explicit form links; mechanical and asset blockers remain; no runtime content or gameplay acceptance
pokemon-328,species,Trapinch,P02;P17;P32;P33,DATA.md,identity-only,not-started,not-performed,not-performed,CONTENT-COVERAGE.csv;../../../tools/pokemon-dungeon/content/species.json,Source-qualified identity and explicit form links; mechanical and asset blockers remain; no runtime content or gameplay acceptance
pokemon-329,species,Vibrava,P02;P17;P32;P33,DATA.md,identity-only,not-started,not-performed,not-performed,CONTENT-COVERAGE.csv;../../../tools/pokemon-dungeon/content/species.json,Source-qualified identity and explicit form links; mechanical and asset blockers remain; no runtime content or gameplay acceptance
pokemon-330,species,Flygon,P02;P17;P32;P33,DATA.md,identity-only,not-started,not-performed,not-performed,CONTENT-COVERAGE.csv;../../../tools/pokemon-dungeon/content/species.json,Source-qualified identity and explicit form links; mechanical and asset blockers remain; no runtime content or gameplay acceptance
pokemon-331,species,Cacnea,P02;P17;P32;P33,DATA.md,identity-only,not-started,not-performed,not-performed,CONTENT-COVERAGE.csv;../../../tools/pokemon-dungeon/content/species.json,Source-qualified identity and explicit form links; mechanical and asset blockers remain; no runtime content or gameplay acceptance
pokemon-332,species,Cacturne,P02;P17;P32;P33,DATA.md,identity-only,not-started,not-performed,not-performed,CONTENT-COVERAGE.csv;../../../tools/pokemon-dungeon/content/species.json,Source-qualified identity and explicit form links; mechanical and asset blockers remain; no runtime content or gameplay acceptance
pokemon-333,species,Swablu,P02;P17;P32;P33,DATA.md,identity-only,not-started,not-performed,not-performed,CONTENT-COVERAGE.csv;../../../tools/pokemon-dungeon/content/species.json,Source-qualified identity and explicit form links; mechanical and asset blockers remain; no runtime content or gameplay acceptance
pokemon-334,species,Altaria,P02;P17;P32;P33,DATA.md,identity-only,not-started,not-performed,not-performed,CONTENT-COVERAGE.csv;../../../tools/pokemon-dungeon/content/species.json,Source-qualified identity and explicit form links; mechanical and asset blockers remain; no runtime content or gameplay acceptance
pokemon-335,species,Zangoose,P02;P17;P32;P33,DATA.md,identity-only,not-started,not-performed,not-performed,CONTENT-COVERAGE.csv;../../../tools/pokemon-dungeon/content/species.json,Source-qualified identity and explicit form links; mechanical and asset blockers remain; no runtime content or gameplay acceptance
pokemon-336,species,Seviper,P02;P17;P32;P33,DATA.md,identity-only,not-started,not-performed,not-performed,CONTENT-COVERAGE.csv;../../../tools/pokemon-dungeon/content/species.json,Source-qualified identity and explicit form links; mechanical and asset blockers remain; no runtime content or gameplay acceptance
pokemon-337,species,Lunatone,P02;P17;P32;P33,DATA.md,identity-only,not-started,not-performed,not-performed,CONTENT-COVERAGE.csv;../../../tools/pokemon-dungeon/content/species.json,Source-qualified identity and explicit form links; mechanical and asset blockers remain; no runtime content or gameplay acceptance
pokemon-338,species,Solrock,P02;P17;P32;P33,DATA.md,identity-only,not-started,not-performed,not-performed,CONTENT-COVERAGE.csv;../../../tools/pokemon-dungeon/content/species.json,Source-qualified identity and explicit form links; mechanical and asset blockers remain; no runtime content or gameplay acceptance
pokemon-339,species,Barboach,P02;P17;P32;P33,DATA.md,identity-only,not-started,not-performed,not-performed,CONTENT-COVERAGE.csv;../../../tools/pokemon-dungeon/content/species.json,Source-qualified identity and explicit form links; mechanical and asset blockers remain; no runtime content or gameplay acceptance
pokemon-340,species,Whiscash,P02;P17;P32;P33,DATA.md,identity-only,not-started,not-performed,not-performed,CONTENT-COVERAGE.csv;../../../tools/pokemon-dungeon/content/species.json,Source-qualified identity and explicit form links; mechanical and asset blockers remain; no runtime content or gameplay acceptance
pokemon-341,species,Corphish,P02;P17;P32;P33,DATA.md,identity-only,not-started,not-performed,not-performed,CONTENT-COVERAGE.csv;../../../tools/pokemon-dungeon/content/species.json,Source-qualified identity and explicit form links; mechanical and asset blockers remain; no runtime content or gameplay acceptance
pokemon-342,species,Crawdaunt,P02;P17;P32;P33,DATA.md,identity-only,not-started,not-performed,not-performed,CONTENT-COVERAGE.csv;../../../tools/pokemon-dungeon/content/species.json,Source-qualified identity and explicit form links; mechanical and asset blockers remain; no runtime content or gameplay acceptance
pokemon-343,species,Baltoy,P02;P17;P32;P33,DATA.md,identity-only,not-started,not-performed,not-performed,CONTENT-COVERAGE.csv;../../../tools/pokemon-dungeon/content/species.json,Source-qualified identity and explicit form links; mechanical and asset blockers remain; no runtime content or gameplay acceptance
pokemon-344,species,Claydol,P02;P17;P32;P33,DATA.md,identity-only,not-started,not-performed,not-performed,CONTENT-COVERAGE.csv;../../../tools/pokemon-dungeon/content/species.json,Source-qualified identity and explicit form links; mechanical and asset blockers remain; no runtime content or gameplay acceptance
pokemon-345,species,Lileep,P02;P17;P32;P33,DATA.md,identity-only,not-started,not-performed,not-performed,CONTENT-COVERAGE.csv;../../../tools/pokemon-dungeon/content/species.json,Source-qualified identity and explicit form links; mechanical and asset blockers remain; no runtime content or gameplay acceptance
pokemon-346,species,Cradily,P02;P17;P32;P33,DATA.md,identity-only,not-started,not-performed,not-performed,CONTENT-COVERAGE.csv;../../../tools/pokemon-dungeon/content/species.json,Source-qualified identity and explicit form links; mechanical and asset blockers remain; no runtime content or gameplay acceptance
pokemon-347,species,Anorith,P02;P17;P32;P33,DATA.md,identity-only,not-started,not-performed,not-performed,CONTENT-COVERAGE.csv;../../../tools/pokemon-dungeon/content/species.json,Source-qualified identity and explicit form links; mechanical and asset blockers remain; no runtime content or gameplay acceptance
pokemon-348,species,Armaldo,P02;P17;P32;P33,DATA.md,identity-only,not-started,not-performed,not-performed,CONTENT-COVERAGE.csv;../../../tools/pokemon-dungeon/content/species.json,Source-qualified identity and explicit form links; mechanical and asset blockers remain; no runtime content or gameplay acceptance
pokemon-349,species,Feebas,P02;P17;P32;P33,DATA.md,identity-only,not-started,not-performed,not-performed,CONTENT-COVERAGE.csv;../../../tools/pokemon-dungeon/content/species.json,Source-qualified identity and explicit form links; mechanical and asset blockers remain; no runtime content or gameplay acceptance
pokemon-350,species,Milotic,P02;P17;P32;P33,DATA.md,identity-only,not-started,not-performed,not-performed,CONTENT-COVERAGE.csv;../../../tools/pokemon-dungeon/content/species.json,Source-qualified identity and explicit form links; mechanical and asset blockers remain; no runtime content or gameplay acceptance
pokemon-351,species,Castform,P02;P17;P32;P33,DATA.md,identity-only,not-started,not-performed,not-performed,CONTENT-COVERAGE.csv;../../../tools/pokemon-dungeon/content/species.json,Source-qualified identity and explicit form links; mechanical and asset blockers remain; no runtime content or gameplay acceptance
pokemon-352,species,Kecleon,P02;P17;P32;P33,DATA.md,identity-only,not-started,not-performed,not-performed,CONTENT-COVERAGE.csv;../../../tools/pokemon-dungeon/content/species.json,Source-qualified identity and explicit form links; mechanical and asset blockers remain; no runtime content or gameplay acceptance
pokemon-353,species,Shuppet,P02;P17;P32;P33,DATA.md,identity-only,not-started,not-performed,not-performed,CONTENT-COVERAGE.csv;../../../tools/pokemon-dungeon/content/species.json,Source-qualified identity and explicit form links; mechanical and asset blockers remain; no runtime content or gameplay acceptance
pokemon-354,species,Banette,P02;P17;P32;P33,DATA.md,identity-only,not-started,not-performed,not-performed,CONTENT-COVERAGE.csv;../../../tools/pokemon-dungeon/content/species.json,Source-qualified identity and explicit form links; mechanical and asset blockers remain; no runtime content or gameplay acceptance
pokemon-355,species,Duskull,P02;P17;P32;P33,DATA.md,identity-only,not-started,not-performed,not-performed,CONTENT-COVERAGE.csv;../../../tools/pokemon-dungeon/content/species.json,Source-qualified identity and explicit form links; mechanical and asset blockers remain; no runtime content or gameplay acceptance
pokemon-356,species,Dusclops,P02;P17;P32;P33,DATA.md,identity-only,not-started,not-performed,not-performed,CONTENT-COVERAGE.csv;../../../tools/pokemon-dungeon/content/species.json,Source-qualified identity and explicit form links; mechanical and asset blockers remain; no runtime content or gameplay acceptance
pokemon-357,species,Tropius,P02;P17;P32;P33,DATA.md,identity-only,not-started,not-performed,not-performed,CONTENT-COVERAGE.csv;../../../tools/pokemon-dungeon/content/species.json,Source-qualified identity and explicit form links; mechanical and asset blockers remain; no runtime content or gameplay acceptance
pokemon-358,species,Chimecho,P02;P17;P32;P33,DATA.md,identity-only,not-started,not-performed,not-performed,CONTENT-COVERAGE.csv;../../../tools/pokemon-dungeon/content/species.json,Source-qualified identity and explicit form links; mechanical and asset blockers remain; no runtime content or gameplay acceptance
pokemon-359,species,Absol,P02;P17;P32;P33,DATA.md,identity-only,not-started,not-performed,not-performed,CONTENT-COVERAGE.csv;../../../tools/pokemon-dungeon/content/species.json,Source-qualified identity and explicit form links; mechanical and asset blockers remain; no runtime content or gameplay acceptance
pokemon-360,species,Wynaut,P02;P17;P32;P33,DATA.md,identity-only,not-started,not-performed,not-performed,CONTENT-COVERAGE.csv;../../../tools/pokemon-dungeon/content/species.json,Source-qualified identity and explicit form links; mechanical and asset blockers remain; no runtime content or gameplay acceptance
pokemon-361,species,Snorunt,P02;P17;P32;P33,DATA.md,identity-only,not-started,not-performed,not-performed,CONTENT-COVERAGE.csv;../../../tools/pokemon-dungeon/content/species.json,Source-qualified identity and explicit form links; mechanical and asset blockers remain; no runtime content or gameplay acceptance
pokemon-362,species,Glalie,P02;P17;P32;P33,DATA.md,identity-only,not-started,not-performed,not-performed,CONTENT-COVERAGE.csv;../../../tools/pokemon-dungeon/content/species.json,Source-qualified identity and explicit form links; mechanical and asset blockers remain; no runtime content or gameplay acceptance
pokemon-363,species,Spheal,P02;P17;P32;P33,DATA.md,identity-only,not-started,not-performed,not-performed,CONTENT-COVERAGE.csv;../../../tools/pokemon-dungeon/content/species.json,Source-qualified identity and explicit form links; mechanical and asset blockers remain; no runtime content or gameplay acceptance
pokemon-364,species,Sealeo,P02;P17;P32;P33,DATA.md,identity-only,not-started,not-performed,not-performed,CONTENT-COVERAGE.csv;../../../tools/pokemon-dungeon/content/species.json,Source-qualified identity and explicit form links; mechanical and asset blockers remain; no runtime content or gameplay acceptance
pokemon-365,species,Walrein,P02;P17;P32;P33,DATA.md,identity-only,not-started,not-performed,not-performed,CONTENT-COVERAGE.csv;../../../tools/pokemon-dungeon/content/species.json,Source-qualified identity and explicit form links; mechanical and asset blockers remain; no runtime content or gameplay acceptance
pokemon-366,species,Clamperl,P02;P17;P32;P33,DATA.md,identity-only,not-started,not-performed,not-performed,CONTENT-COVERAGE.csv;../../../tools/pokemon-dungeon/content/species.json,Source-qualified identity and explicit form links; mechanical and asset blockers remain; no runtime content or gameplay acceptance
pokemon-367,species,Huntail,P02;P17;P32;P33,DATA.md,identity-only,not-started,not-performed,not-performed,CONTENT-COVERAGE.csv;../../../tools/pokemon-dungeon/content/species.json,Source-qualified identity and explicit form links; mechanical and asset blockers remain; no runtime content or gameplay acceptance
pokemon-368,species,Gorebyss,P02;P17;P32;P33,DATA.md,identity-only,not-started,not-performed,not-performed,CONTENT-COVERAGE.csv;../../../tools/pokemon-dungeon/content/species.json,Source-qualified identity and explicit form links; mechanical and asset blockers remain; no runtime content or gameplay acceptance
pokemon-369,species,Relicanth,P02;P17;P32;P33,DATA.md,identity-only,not-started,not-performed,not-performed,CONTENT-COVERAGE.csv;../../../tools/pokemon-dungeon/content/species.json,Source-qualified identity and explicit form links; mechanical and asset blockers remain; no runtime content or gameplay acceptance
pokemon-370,species,Luvdisc,P02;P17;P32;P33,DATA.md,identity-only,not-started,not-performed,not-performed,CONTENT-COVERAGE.csv;../../../tools/pokemon-dungeon/content/species.json,Source-qualified identity and explicit form links; mechanical and asset blockers remain; no runtime content or gameplay acceptance
pokemon-371,species,Bagon,P02;P17;P32;P33,DATA.md,identity-only,not-started,not-performed,not-performed,CONTENT-COVERAGE.csv;../../../tools/pokemon-dungeon/content/species.json,Source-qualified identity and explicit form links; mechanical and asset blockers remain; no runtime content or gameplay acceptance
pokemon-372,species,Shelgon,P02;P17;P32;P33,DATA.md,identity-only,not-started,not-performed,not-performed,CONTENT-COVERAGE.csv;../../../tools/pokemon-dungeon/content/species.json,Source-qualified identity and explicit form links; mechanical and asset blockers remain; no runtime content or gameplay acceptance
pokemon-373,species,Salamence,P02;P17;P32;P33,DATA.md,identity-only,not-started,not-performed,not-performed,CONTENT-COVERAGE.csv;../../../tools/pokemon-dungeon/content/species.json,Source-qualified identity and explicit form links; mechanical and asset blockers remain; no runtime content or gameplay acceptance
pokemon-374,species,Beldum,P02;P17;P32;P33,DATA.md,identity-only,not-started,not-performed,not-performed,CONTENT-COVERAGE.csv;../../../tools/pokemon-dungeon/content/species.json,Source-qualified identity and explicit form links; mechanical and asset blockers remain; no runtime content or gameplay acceptance
pokemon-375,species,Metang,P02;P17;P32;P33,DATA.md,identity-only,not-started,not-performed,not-performed,CONTENT-COVERAGE.csv;../../../tools/pokemon-dungeon/content/species.json,Source-qualified identity and explicit form links; mechanical and asset blockers remain; no runtime content or gameplay acceptance
pokemon-376,species,Metagross,P02;P17;P32;P33,DATA.md,identity-only,not-started,not-performed,not-performed,CONTENT-COVERAGE.csv;../../../tools/pokemon-dungeon/content/species.json,Source-qualified identity and explicit form links; mechanical and asset blockers remain; no runtime content or gameplay acceptance
pokemon-377,species,Regirock,P02;P17;P32;P33,DATA.md,identity-only,not-started,not-performed,not-performed,CONTENT-COVERAGE.csv;../../../tools/pokemon-dungeon/content/species.json,Source-qualified identity and explicit form links; mechanical and asset blockers remain; no runtime content or gameplay acceptance
pokemon-378,species,Regice,P02;P17;P32;P33,DATA.md,identity-only,not-started,not-performed,not-performed,CONTENT-COVERAGE.csv;../../../tools/pokemon-dungeon/content/species.json,Source-qualified identity and explicit form links; mechanical and asset blockers remain; no runtime content or gameplay acceptance
pokemon-379,species,Registeel,P02;P17;P32;P33,DATA.md,identity-only,not-started,not-performed,not-performed,CONTENT-COVERAGE.csv;../../../tools/pokemon-dungeon/content/species.json,Source-qualified identity and explicit form links; mechanical and asset blockers remain; no runtime content or gameplay acceptance
pokemon-380,species,Latias,P02;P17;P32;P33,DATA.md,identity-only,not-started,not-performed,not-performed,CONTENT-COVERAGE.csv;../../../tools/pokemon-dungeon/content/species.json,Source-qualified identity and explicit form links; mechanical and asset blockers remain; no runtime content or gameplay acceptance
pokemon-381,species,Latios,P02;P17;P32;P33,DATA.md,identity-only,not-started,not-performed,not-performed,CONTENT-COVERAGE.csv;../../../tools/pokemon-dungeon/content/species.json,Source-qualified identity and explicit form links; mechanical and asset blockers remain; no runtime content or gameplay acceptance
pokemon-382,species,Kyogre,P02;P17;P32;P33,DATA.md,identity-only,not-started,not-performed,not-performed,CONTENT-COVERAGE.csv;../../../tools/pokemon-dungeon/content/species.json,Source-qualified identity and explicit form links; mechanical and asset blockers remain; no runtime content or gameplay acceptance
pokemon-383,species,Groudon,P02;P17;P32;P33,DATA.md,identity-only,not-started,not-performed,not-performed,CONTENT-COVERAGE.csv;../../../tools/pokemon-dungeon/content/species.json,Source-qualified identity and explicit form links; mechanical and asset blockers remain; no runtime content or gameplay acceptance
pokemon-384,species,Rayquaza,P02;P17;P32;P33,DATA.md,identity-only,not-started,not-performed,not-performed,CONTENT-COVERAGE.csv;../../../tools/pokemon-dungeon/content/species.json,Source-qualified identity and explicit form links; mechanical and asset blockers remain; no runtime content or gameplay acceptance
pokemon-385,species,Jirachi,P02;P17;P32;P33,DATA.md,identity-only,not-started,not-performed,not-performed,CONTENT-COVERAGE.csv;../../../tools/pokemon-dungeon/content/species.json,Source-qualified identity and explicit form links; mechanical and asset blockers remain; no runtime content or gameplay acceptance
pokemon-386,species,Deoxys,P02;P17;P32;P33,DATA.md,identity-only,not-started,not-performed,not-performed,CONTENT-COVERAGE.csv;../../../tools/pokemon-dungeon/content/species.json,Source-qualified identity and explicit form links; mechanical and asset blockers remain; no runtime content or gameplay acceptance
dungeon-tiny-woods,dungeon,Tiny Woods,P02;P23-P31;P33,CAMPAIGN.md,partial-audit,not-started,not-performed,not-performed,research/blue-rules-v1.json;RULES-BLUE.md;CONTENT-COVERAGE.csv;../../../tools/pokemon-dungeon/content/locations.json,P01 supports only explicitly qualified fields; exact topology/reset/encounter gaps remain; no gameplay acceptance
dungeon-thunderwave-cave,dungeon,Thunderwave Cave,P02;P23-P31;P33,THUNDERWAVE.md,qualified-source-trace,bounded-route-implemented,pending-independent-route-review,not-performed,THUNDERWAVE.md;PROGRESS.md;../../../tools/pokemon-dungeon/content/locations.json,Five exploration floors and separate rescue plus reward/return; full AI and later services remain partial; no gameplay or visual acceptance
dungeon-mt-steel,dungeon,Mt. Steel,P02;P23-P31;P33,CAMPAIGN.md,catalogued,not-started,not-performed,not-performed,CONTENT-COVERAGE.csv;../../../tools/pokemon-dungeon/content/locations.json,Group: mainStory; exact floor/encounter/rule/asset records remain required
dungeon-sinister-woods,dungeon,Sinister Woods,P02;P23-P31;P33,CAMPAIGN.md,catalogued,not-started,not-performed,not-performed,CONTENT-COVERAGE.csv;../../../tools/pokemon-dungeon/content/locations.json,Group: mainStory; exact floor/encounter/rule/asset records remain required
dungeon-silent-chasm,dungeon,Silent Chasm,P02;P23-P31;P33,CAMPAIGN.md,partial-audit,not-started,not-performed,not-performed,research/blue-rules-v1.json;RULES-BLUE.md;CONTENT-COVERAGE.csv;../../../tools/pokemon-dungeon/content/locations.json,P01 supports only explicitly qualified fields; exact topology/reset/encounter gaps remain; no gameplay acceptance
dungeon-mt-thunder,dungeon,Mt. Thunder,P02;P23-P31;P33,CAMPAIGN.md,catalogued,not-started,not-performed,not-performed,CONTENT-COVERAGE.csv;../../../tools/pokemon-dungeon/content/locations.json,Group: mainStory; exact floor/encounter/rule/asset records remain required
dungeon-great-canyon,dungeon,Great Canyon,P02;P23-P31;P33,CAMPAIGN.md,partial-audit,not-started,not-performed,not-performed,research/blue-rules-v1.json;RULES-BLUE.md;CONTENT-COVERAGE.csv;../../../tools/pokemon-dungeon/content/locations.json,P01 supports only explicitly qualified fields; exact topology/reset/encounter gaps remain; no gameplay acceptance
dungeon-lapis-cave,dungeon,Lapis Cave,P02;P23-P31;P33,CAMPAIGN.md,catalogued,not-started,not-performed,not-performed,CONTENT-COVERAGE.csv;../../../tools/pokemon-dungeon/content/locations.json,Group: mainStory; exact floor/encounter/rule/asset records remain required
dungeon-mt-blaze,dungeon,Mt. Blaze,P02;P23-P31;P33,CAMPAIGN.md,catalogued,not-started,not-performed,not-performed,CONTENT-COVERAGE.csv;../../../tools/pokemon-dungeon/content/locations.json,Group: mainStory; exact floor/encounter/rule/asset records remain required
dungeon-frosty-forest,dungeon,Frosty Forest,P02;P23-P31;P33,CAMPAIGN.md,catalogued,not-started,not-performed,not-performed,CONTENT-COVERAGE.csv;../../../tools/pokemon-dungeon/content/locations.json,Group: mainStory; exact floor/encounter/rule/asset records remain required
dungeon-mt-freeze,dungeon,Mt. Freeze,P02;P23-P31;P33,CAMPAIGN.md,partial-audit,not-started,not-performed,not-performed,research/blue-rules-v1.json;RULES-BLUE.md;CONTENT-COVERAGE.csv;../../../tools/pokemon-dungeon/content/locations.json,P01 supports only explicitly qualified fields; exact topology/reset/encounter gaps remain; no gameplay acceptance
dungeon-uproar-forest,dungeon,Uproar Forest,P02;P23-P31;P33,CAMPAIGN.md,catalogued,not-started,not-performed,not-performed,CONTENT-COVERAGE.csv;../../../tools/pokemon-dungeon/content/locations.json,Group: mainStory; exact floor/encounter/rule/asset records remain required
dungeon-magma-cavern,dungeon,Magma Cavern,P02;P23-P31;P33,CAMPAIGN.md,partial-audit,not-started,not-performed,not-performed,research/blue-rules-v1.json;RULES-BLUE.md;CONTENT-COVERAGE.csv;../../../tools/pokemon-dungeon/content/locations.json,P01 supports only explicitly qualified fields; exact topology/reset/encounter gaps remain; no gameplay acceptance
dungeon-sky-tower,dungeon,Sky Tower,P02;P23-P31;P33,CAMPAIGN.md,partial-audit,not-started,not-performed,not-performed,research/blue-rules-v1.json;RULES-BLUE.md;CONTENT-COVERAGE.csv;../../../tools/pokemon-dungeon/content/locations.json,P01 supports only explicitly qualified fields; exact topology/reset/encounter gaps remain; no gameplay acceptance
dungeon-rock-path,dungeon,Rock Path,P02;P23-P31;P33,CAMPAIGN.md,catalogued,not-started,not-performed,not-performed,CONTENT-COVERAGE.csv;../../../tools/pokemon-dungeon/content/locations.json,Group: escapePaths; exact floor/encounter/rule/asset records remain required
dungeon-snow-path,dungeon,Snow Path,P02;P23-P31;P33,CAMPAIGN.md,catalogued,not-started,not-performed,not-performed,CONTENT-COVERAGE.csv;../../../tools/pokemon-dungeon/content/locations.json,Group: escapePaths; exact floor/encounter/rule/asset records remain required
dungeon-howling-forest,dungeon,Howling Forest,P02;P23-P31;P33,CAMPAIGN.md,partial-audit,not-started,not-performed,not-performed,research/blue-rules-v1.json;RULES-BLUE.md;CONTENT-COVERAGE.csv;../../../tools/pokemon-dungeon/content/locations.json,P01 supports only explicitly qualified fields; exact topology/reset/encounter gaps remain; no gameplay acceptance
dungeon-stormy-sea,dungeon,Stormy Sea,P02;P23-P31;P33,CAMPAIGN.md,catalogued,not-started,not-performed,not-performed,CONTENT-COVERAGE.csv;../../../tools/pokemon-dungeon/content/locations.json,Group: postStory; exact floor/encounter/rule/asset records remain required
dungeon-silver-trench,dungeon,Silver Trench,P02;P23-P31;P33,CAMPAIGN.md,catalogued,not-started,not-performed,not-performed,CONTENT-COVERAGE.csv;../../../tools/pokemon-dungeon/content/locations.json,Group: postStory; exact floor/encounter/rule/asset records remain required
dungeon-meteor-cave,dungeon,Meteor Cave,P02;P23-P31;P33,CAMPAIGN.md,catalogued,not-started,not-performed,not-performed,CONTENT-COVERAGE.csv;../../../tools/pokemon-dungeon/content/locations.json,Group: postStory; exact floor/encounter/rule/asset records remain required
dungeon-fiery-field,dungeon,Fiery Field,P02;P23-P31;P33,CAMPAIGN.md,catalogued,not-started,not-performed,not-performed,CONTENT-COVERAGE.csv;../../../tools/pokemon-dungeon/content/locations.json,Group: postStory; exact floor/encounter/rule/asset records remain required
dungeon-lightning-field,dungeon,Lightning Field,P02;P23-P31;P33,CAMPAIGN.md,catalogued,not-started,not-performed,not-performed,CONTENT-COVERAGE.csv;../../../tools/pokemon-dungeon/content/locations.json,Group: postStory; exact floor/encounter/rule/asset records remain required
dungeon-northwind-field,dungeon,Northwind Field,P02;P23-P31;P33,CAMPAIGN.md,catalogued,not-started,not-performed,not-performed,CONTENT-COVERAGE.csv;../../../tools/pokemon-dungeon/content/locations.json,Group: postStory; exact floor/encounter/rule/asset records remain required
dungeon-mt-faraway,dungeon,Mt. Faraway,P02;P23-P31;P33,CAMPAIGN.md,catalogued,not-started,not-performed,not-performed,CONTENT-COVERAGE.csv;../../../tools/pokemon-dungeon/content/locations.json,Group: postStory; exact floor/encounter/rule/asset records remain required
dungeon-western-cave,dungeon,Western Cave,P02;P23-P31;P33,CAMPAIGN.md,catalogued,not-started,not-performed,not-performed,CONTENT-COVERAGE.csv;../../../tools/pokemon-dungeon/content/locations.json,Group: postStory; exact floor/encounter/rule/asset records remain required
dungeon-northern-range,dungeon,Northern Range,P02;P23-P31;P33,CAMPAIGN.md,catalogued,not-started,not-performed,not-performed,CONTENT-COVERAGE.csv;../../../tools/pokemon-dungeon/content/locations.json,Group: postStory; exact floor/encounter/rule/asset records remain required
dungeon-pitfall-valley,dungeon,Pitfall Valley,P02;P23-P31;P33,CAMPAIGN.md,partial-audit,not-started,not-performed,not-performed,research/blue-rules-v1.json;RULES-BLUE.md;CONTENT-COVERAGE.csv;../../../tools/pokemon-dungeon/content/locations.json,P01 supports only explicitly qualified fields; exact topology/reset/encounter gaps remain; no gameplay acceptance
dungeon-buried-relic,dungeon,Buried Relic,P02;P23-P31;P33,CAMPAIGN.md,catalogued,not-started,not-performed,not-performed,CONTENT-COVERAGE.csv;../../../tools/pokemon-dungeon/content/locations.json,Group: postStory; exact floor/encounter/rule/asset records remain required
dungeon-wish-cave,dungeon,Wish Cave,P02;P23-P31;P33,CAMPAIGN.md,partial-audit,not-started,not-performed,not-performed,research/blue-rules-v1.json;RULES-BLUE.md;CONTENT-COVERAGE.csv;../../../tools/pokemon-dungeon/content/locations.json,P01 supports only explicitly qualified fields; exact topology/reset/encounter gaps remain; no gameplay acceptance
dungeon-murky-cave,dungeon,Murky Cave,P02;P23-P31;P33,CAMPAIGN.md,partial-audit,not-started,not-performed,not-performed,research/blue-rules-v1.json;RULES-BLUE.md;CONTENT-COVERAGE.csv;../../../tools/pokemon-dungeon/content/locations.json,P01 supports only explicitly qualified fields; exact topology/reset/encounter gaps remain; no gameplay acceptance
dungeon-desert-region,dungeon,Desert Region,P02;P23-P31;P33,CAMPAIGN.md,catalogued,not-started,not-performed,not-performed,CONTENT-COVERAGE.csv;../../../tools/pokemon-dungeon/content/locations.json,Group: postStory; exact floor/encounter/rule/asset records remain required
dungeon-southern-cavern,dungeon,Southern Cavern,P02;P23-P31;P33,CAMPAIGN.md,catalogued,not-started,not-performed,not-performed,CONTENT-COVERAGE.csv;../../../tools/pokemon-dungeon/content/locations.json,Group: postStory; exact floor/encounter/rule/asset records remain required
dungeon-wyvern-hill,dungeon,Wyvern Hill,P02;P23-P31;P33,CAMPAIGN.md,catalogued,not-started,not-performed,not-performed,CONTENT-COVERAGE.csv;../../../tools/pokemon-dungeon/content/locations.json,Group: postStory; exact floor/encounter/rule/asset records remain required
dungeon-solar-cave,dungeon,Solar Cave,P02;P23-P31;P33,CAMPAIGN.md,catalogued,not-started,not-performed,not-performed,CONTENT-COVERAGE.csv;../../../tools/pokemon-dungeon/content/locations.json,Group: postStory; exact floor/encounter/rule/asset records remain required
dungeon-darknight-relic,dungeon,Darknight Relic,P02;P23-P31;P33,CAMPAIGN.md,catalogued,not-started,not-performed,not-performed,CONTENT-COVERAGE.csv;../../../tools/pokemon-dungeon/content/locations.json,Group: postStory; exact floor/encounter/rule/asset records remain required
dungeon-grand-sea,dungeon,Grand Sea,P02;P23-P31;P33,CAMPAIGN.md,catalogued,not-started,not-performed,not-performed,CONTENT-COVERAGE.csv;../../../tools/pokemon-dungeon/content/locations.json,Group: postStory; exact floor/encounter/rule/asset records remain required
dungeon-waterfall-pond,dungeon,Waterfall Pond,P02;P23-P31;P33,CAMPAIGN.md,catalogued,not-started,not-performed,not-performed,CONTENT-COVERAGE.csv;../../../tools/pokemon-dungeon/content/locations.json,Group: postStory; exact floor/encounter/rule/asset records remain required
dungeon-unown-relic,dungeon,Unown Relic,P02;P23-P31;P33,CAMPAIGN.md,catalogued,not-started,not-performed,not-performed,CONTENT-COVERAGE.csv;../../../tools/pokemon-dungeon/content/locations.json,Group: postStory; exact floor/encounter/rule/asset records remain required
dungeon-joyous-tower,dungeon,Joyous Tower,P02;P23-P31;P33,CAMPAIGN.md,partial-audit,not-started,not-performed,not-performed,research/blue-rules-v1.json;RULES-BLUE.md;CONTENT-COVERAGE.csv;../../../tools/pokemon-dungeon/content/locations.json,P01 supports only explicitly qualified fields; exact topology/reset/encounter gaps remain; no gameplay acceptance
dungeon-far-off-sea,dungeon,Far-Off Sea,P02;P23-P31;P33,CAMPAIGN.md,catalogued,not-started,not-performed,not-performed,CONTENT-COVERAGE.csv;../../../tools/pokemon-dungeon/content/locations.json,Group: postStory; exact floor/encounter/rule/asset records remain required
dungeon-purity-forest,dungeon,Purity Forest,P02;P23-P31;P33,CAMPAIGN.md,partial-audit,not-started,not-performed,not-performed,research/blue-rules-v1.json;RULES-BLUE.md;CONTENT-COVERAGE.csv;../../../tools/pokemon-dungeon/content/locations.json,P01 supports only explicitly qualified fields; exact topology/reset/encounter gaps remain; no gameplay acceptance
dungeon-oddity-cave,dungeon,Oddity Cave,P02;P23-P31;P33,CAMPAIGN.md,catalogued,not-started,not-performed,not-performed,CONTENT-COVERAGE.csv;../../../tools/pokemon-dungeon/content/locations.json,Group: wonderMail; exact floor/encounter/rule/asset records remain required
dungeon-remains-island,dungeon,Remains Island,P02;P23-P31;P33,CAMPAIGN.md,catalogued,not-started,not-performed,not-performed,CONTENT-COVERAGE.csv;../../../tools/pokemon-dungeon/content/locations.json,Group: wonderMail; exact floor/encounter/rule/asset records remain required
dungeon-marvelous-sea,dungeon,Marvelous Sea,P02;P23-P31;P33,CAMPAIGN.md,catalogued,not-started,not-performed,not-performed,CONTENT-COVERAGE.csv;../../../tools/pokemon-dungeon/content/locations.json,Group: wonderMail; exact floor/encounter/rule/asset records remain required
dungeon-fantasy-strait,dungeon,Fantasy Strait,P02;P23-P31;P33,CAMPAIGN.md,catalogued,not-started,not-performed,not-performed,CONTENT-COVERAGE.csv;../../../tools/pokemon-dungeon/content/locations.json,Group: wonderMail; exact floor/encounter/rule/asset records remain required
system-original-stats-and-experience,system,Original stats and experience,P01;P02;P07,PLAN.md;SYSTEMS.md;DATA.md,partial-audit,not-started,not-performed,not-performed,research/blue-rules-v1.json;RULES-BLUE.md,"P01 family mapping; entire family remains blocked; Original per-species level, stat and EXP curves; reset snapshot fields."
system-moves-and-pp-link-chains,system,Moves and PP/link chains,P14,PLAN.md;SYSTEMS.md;DATA.md,partial-audit,not-started,not-performed,not-performed,research/blue-rules-v1.json;RULES-BLUE.md,P01 family mapping; entire family remains blocked; Every original move PP/power/accuracy/target/effect; linking; exact damage arithmetic.
system-abilities-and-trigger-ordering,system,Abilities and trigger ordering,P14,PLAN.md;SYSTEMS.md;DATA.md,partial-audit,not-started,not-performed,not-performed,research/blue-rules-v1.json;RULES-BLUE.md,"P01 family mapping; entire family remains blocked; Complete Blue holder/effect matrix, suppression and trigger ordering."
system-items-and-ownership,system,Items and ownership,P15,PLAN.md;SYSTEMS.md;DATA.md,partial-audit,not-started,not-performed,not-performed,research/blue-rules-v1.json;RULES-BLUE.md,P01 family mapping; entire family remains blocked; Item effect/value/stack/stickiness tables and carried-versus-held reset behavior.
system-status-categories-and-duration,system,Status categories and duration,P15,PLAN.md;SYSTEMS.md;DATA.md,partial-audit,not-started,not-performed,not-performed,research/blue-rules-v1.json;RULES-BLUE.md,"P01 family mapping; entire family remains blocked; Duration counter units, phase order, stacking and mutually exclusive states."
system-traps-and-hidden-effects,system,Traps and hidden effects,P15,PLAN.md;SYSTEMS.md;DATA.md,partial-research,not-started,not-performed,not-performed,research/blue-rules-v1.json;RULES-BLUE.md,"P01 family mapping; entire family remains blocked; Original trap eligibility, probability, activation and reveal rules."
system-weather-and-terrain,system,Weather and terrain,P15,PLAN.md;SYSTEMS.md;DATA.md,partial-research,not-started,not-performed,not-performed,research/blue-rules-v1.json;RULES-BLUE.md,"P01 family mapping; entire family remains blocked; Floor weather schedules, terrain permissions and move/item interactions."
system-hunger-and-recovery,system,Hunger and recovery,P16,PLAN.md;SYSTEMS.md;DATA.md,partial-audit,not-started,not-performed,not-performed,research/blue-rules-v1.json;RULES-BLUE.md,P01 family mapping; entire family remains blocked; Belly/healing phase and rates; faint/rescue/reset outcome matrix.
system-recruitment-and-body-limits,system,Recruitment and body limits,P17,PLAN.md;SYSTEMS.md;DATA.md,partial-audit,not-started,not-performed,not-performed,research/blue-rules-v1.json;RULES-BLUE.md,"P01 family mapping; entire family remains blocked; Species sizes/rates, recruitment eligibility, helper/guest slots and legendary exceptions."
system-friend-areas,system,Friend Areas,P17;P20,PLAN.md;SYSTEMS.md;DATA.md,partial-research,not-started,not-performed,not-performed,research/blue-rules-v1.json;RULES-BLUE.md,"P01 family mapping; entire family remains blocked; Ownership, capacities, acquisition, special grants and recruitment join conditions."
system-evolution-and-forms,system,Evolution and forms,P17,PLAN.md;SYSTEMS.md;DATA.md,partial-research,not-started,not-performed,not-performed,research/blue-rules-v1.json;RULES-BLUE.md,"P01 family mapping; entire family remains blocked; Every form/evolution route, multi-condition checks and original Deoxys learning."
system-iq-and-gummis,system,IQ and Gummis,P17,PLAN.md;SYSTEMS.md;DATA.md,partial-audit,not-started,not-performed,not-performed,research/blue-rules-v1.json;RULES-BLUE.md,"P01 family mapping; entire family remains blocked; IQ skills/thresholds/compatibility, Gummi effects and reset flags."
system-town-services-and-economy,system,Town services and economy,P20,PLAN.md;SYSTEMS.md;DATA.md,partial-source-traced,partial-town-services,static-checks-pass,not-performed,TOWN-JOBS.md;PROGRESS.md,First town day and sourced bank/storage/Kecleon transactions implemented; later service mechanics and day arbitration remain incomplete.
system-generated-jobs-and-ranks,system,Generated jobs and ranks,P21,PLAN.md;SYSTEMS.md;DATA.md,partial-audit,not-started,not-performed,not-performed,research/blue-rules-v1.json;RULES-BLUE.md,"P01 family mapping; entire family remains blocked; Job generation, rescue-point awards, reward pools and day advancement."
system-wonder-mail-codec,system,Wonder Mail codec,P21,PLAN.md;SYSTEMS.md;DATA.md,partial-audit,not-started,not-performed,not-performed,research/blue-rules-v1.json;RULES-BLUE.md,"P01 family mapping; entire family remains blocked; Versioned browser payload, validation and replay identity; native codecs only if compatibility is claimed."
system-friend-rescue-exchange,system,Friend Rescue exchange,P21,PLAN.md;SYSTEMS.md;DATA.md,partial-audit,not-started,not-performed,not-performed,research/blue-rules-v1.json;RULES-BLUE.md,"P01 family mapping; entire family remains blocked; Eligibility, rescue state, helper lifetime and exactly-once reward exchange."
system-blue-hardware-modes,system,Blue hardware modes,P31,PLAN.md;SYSTEMS.md;DATA.md,partial-audit,not-started,not-performed,not-performed,research/blue-rules-v1.json;RULES-BLUE.md,"P01 family mapping; entire family remains blocked; Imported-team Dojo, Contact Mode and archived-event progression mapping."
system-original-quiz-and-partner-eligibility,system,Original quiz and partner eligibility,P19,PLAN.md;SYSTEMS.md;DATA.md,partial-research,not-started,not-performed,not-performed,research/blue-rules-v1.json;RULES-BLUE.md,"P01 family mapping; entire family remains blocked; Original scoring, ties, gender result mapping and partner exclusions."
system-complete-story-scene-graph,system,Complete story scene graph,P22-P30,PLAN.md;SYSTEMS.md;DATA.md,partial-audit,not-started,not-performed,not-performed,research/blue-rules-v1.json;RULES-BLUE.md,"P01 family mapping; entire family remains blocked; Exact event predicates, numbered/fixed/terminal map boundaries and day timing."
system-save-migrations-and-recovery,system,Save migrations and recovery,P08,PLAN.md;SYSTEMS.md;DATA.md,partial-audit,not-started,not-performed,not-performed,research/blue-rules-v1.json;RULES-BLUE.md,"P01 family mapping; entire family remains blocked; P08 schema, migration/recovery validation and canonical reset outcome semantics."
system-webgl-lifecycle-and-resource-ownership,system,WebGL lifecycle and resource ownership,P05;P10;P34,PLAN.md;SYSTEMS.md;DATA.md,partial-research,not-started,not-performed,not-performed,research/blue-rules-v1.json;RULES-BLUE.md,"P01 family mapping; entire family remains blocked; P04 engine pin, P05/P10 lifecycle contracts and P34 device evidence."
system-all-biome-environment-art,system,All-biome environment art,P32,PLAN.md;SYSTEMS.md;DATA.md,partial-research,not-started,not-performed,not-performed,research/blue-rules-v1.json;RULES-BLUE.md,P01 family mapping; entire family remains blocked; P06/P10 approved style-B scene and P32 complete biome inventory/provenance.
system-creature-animation-coverage,system,Creature animation coverage,P32,PLAN.md;SYSTEMS.md;DATA.md,partial-research,not-started,not-performed,not-performed,research/blue-rules-v1.json;RULES-BLUE.md,P01 family mapping; entire family remains blocked; P06 reviewed characters/rigs and P32 complete species/form/clip evidence.
system-original-audio-cues,system,Original audio cues,P18;P32,PLAN.md;SYSTEMS.md;DATA.md,partial-research,not-started,not-performed,not-performed,research/blue-rules-v1.json;RULES-BLUE.md,"P01 family mapping; entire family remains blocked; P18/P32 original score, cue inventory, attribution and acceptance."
system-accessible-controls-and-menus,system,Accessible controls and menus,P09;P18,PLAN.md;SYSTEMS.md;DATA.md,partial-audit,not-started,not-performed,not-performed,research/blue-rules-v1.json;RULES-BLUE.md,P01 family mapping; entire family remains blocked; P09/P18 keyboard/touch/focus contracts and actual responsive acceptance.
system-website-fixture-integration,system,Website fixture integration,P36,PLAN.md;SYSTEMS.md;DATA.md,partial-research,not-started,not-performed,not-performed,research/blue-rules-v1.json;RULES-BLUE.md,P01 family mapping; entire family remains blocked; P36 fixture-only website checks and P37 release approval.
